date,path_1,path_1_count,path_1_uniques,path_2,path_2_count,path_2_uniques,path_3,path_3_count,path_3_uniques,path_4,path_4_count,path_4_uniques,path_5,path_5_count,path_5_uniques,path_6,path_6_count,path_6_uniques,path_7,path_7_count,path_7_uniques,path_8,path_8_count,path_8_uniques,path_9,path_9_count,path_9_uniques,path_10,path_10_count,path_10_uniques
2024-12-06,/PabloSnchz/deutsche-bahn-data,7,1,/PabloSnchz/deutsche-bahn-data/blob/main/README.md,1,1,/PabloSnchz/deutsche-bahn-data/commits/main,1,1,/PabloSnchz/deutsche-bahn-data/edit/main/README.md,1,1,/PabloSnchz/deutsche-bahn-data/issues,1,1,/PabloSnchz/deutsche-bahn-data/tree/main/monthly_data_releases,1,1,,,,,,,,,,,,
2024-12-07,/PabloSnchz/deutsche-bahn-data,14,3,/PabloSnchz/deutsche-bahn-data/blob/main/README.md,1,1,/PabloSnchz/deutsche-bahn-data/commits/main,1,1,/PabloSnchz/deutsche-bahn-data/edit/main/README.md,1,1,/PabloSnchz/deutsche-bahn-data/issues,1,1,/PabloSnchz/deutsche-bahn-data/tree/main/monthly_data_releases,1,1,,,,,,,,,,,,
2024-12-08,/PabloSnchz/deutsche-bahn-data,15,4,/PabloSnchz/deutsche-bahn-data/blob/main/README.md,1,1,/PabloSnchz/deutsche-bahn-data/commits/main,1,1,/PabloSnchz/deutsche-bahn-data/edit/main/README.md,1,1,/PabloSnchz/deutsche-bahn-data/issues,1,1,/PabloSnchz/deutsche-bahn-data/tree/main/monthly_data_releases,1,1,,,,,,,,,,,,
2024-12-09,/PabloSnchz/deutsche-bahn-data,15,4,/PabloSnchz/deutsche-bahn-data/blob/main/README.md,1,1,/PabloSnchz/deutsche-bahn-data/commits/main,1,1,/PabloSnchz/deutsche-bahn-data/edit/main/README.md,1,1,/PabloSnchz/deutsche-bahn-data/issues,1,1,/PabloSnchz/deutsche-bahn-data/tree/main/monthly_data_releases,1,1,,,,,,,,,,,,
2024-12-10,/PabloSnchz/deutsche-bahn-data,27,11,/PabloSnchz/deutsche-bahn-data/actions,1,1,/PabloSnchz/deutsche-bahn-data/blob/main/README.md,1,1,/PabloSnchz/deutsche-bahn-data/commits/main,1,1,/PabloSnchz/deutsche-bahn-data/edit/main/README.md,1,1,/PabloSnchz/deutsche-bahn-data/issues,1,1,/PabloSnchz/deutsche-bahn-data/tree/main/monthly_data_releases,1,1,,,,,,,,,
2024-12-11,/PabloSnchz/deutsche-bahn-data,30,12,/PabloSnchz/deutsche-bahn-data/actions,1,1,/PabloSnchz/deutsche-bahn-data/blob/main/README.md,1,1,/PabloSnchz/deutsche-bahn-data/commits/main,1,1,/PabloSnchz/deutsche-bahn-data/edit/main/README.md,1,1,/PabloSnchz/deutsche-bahn-data/graphs/traffic,1,1,/PabloSnchz/deutsche-bahn-data/issues,1,1,/PabloSnchz/deutsche-bahn-data/pulse,1,1,/PabloSnchz/deutsche-bahn-data/tree/main/monthly_data_releases,1,1,,,
2024-12-12,/PabloSnchz/deutsche-bahn-data,37,17,/PabloSnchz/deutsche-bahn-data/tree/main/monthly_data_releases,4,3,/PabloSnchz/deutsche-bahn-data/blob/main/monthly_data_releases/data-2024-11.parquet,2,2,/PabloSnchz/deutsche-bahn-data/tree/main/data,2,1,/PabloSnchz/deutsche-bahn-data/actions,1,1,/PabloSnchz/deutsche-bahn-data/blob/main/data/2024-12-11/08000001_plan_08.xml,1,1,/PabloSnchz/deutsche-bahn-data/blob/main/data/2024-12-11/08000309_plan_03.xml,1,1,/PabloSnchz/deutsche-bahn-data/blob/main/README.md,1,1,/PabloSnchz/deutsche-bahn-data/commits/main,1,1,/PabloSnchz/deutsche-bahn-data/edit/main/README.md,1,1
2024-12-13,/PabloSnchz/deutsche-bahn-data,41,20,/PabloSnchz/deutsche-bahn-data/tree/main/monthly_data_releases,5,4,/PabloSnchz/deutsche-bahn-data/tree/main/data,3,2,/PabloSnchz/deutsche-bahn-data/blob/main/monthly_data_releases/data-2024-11.parquet,2,2,/PabloSnchz/deutsche-bahn-data/blob/main/fetch_data.py,2,1,/PabloSnchz/deutsche-bahn-data/actions,1,1,/PabloSnchz/deutsche-bahn-data/blob/main/alternative_station_name_to_station_name.json,1,1,/PabloSnchz/deutsche-bahn-data/blob/main/create_monthly_data_release.py,1,1,/PabloSnchz/deutsche-bahn-data/blob/main/data/2024-10-05/0423638_fchg_06.xml,1,1,/PabloSnchz/deutsche-bahn-data/blob/main/data/2024-10-05/08000085_plan_18.xml,1,1
2024-12-14,/PabloSnchz/deutsche-bahn-data,42,20,/PabloSnchz/deutsche-bahn-data/tree/main/monthly_data_releases,5,4,/PabloSnchz/deutsche-bahn-data/tree/main/data,3,2,/PabloSnchz/deutsche-bahn-data/blob/main/monthly_data_releases/data-2024-11.parquet,2,2,/PabloSnchz/deutsche-bahn-data/blob/main/fetch_data.py,2,1,/PabloSnchz/deutsche-bahn-data/actions,1,1,/PabloSnchz/deutsche-bahn-data/blob/main/alternative_station_name_to_station_name.json,1,1,/PabloSnchz/deutsche-bahn-data/blob/main/create_monthly_data_release.py,1,1,/PabloSnchz/deutsche-bahn-data/blob/main/data/2024-10-05/0423638_fchg_06.xml,1,1,/PabloSnchz/deutsche-bahn-data/blob/main/data/2024-10-05/08000085_plan_18.xml,1,1
2024-12-15,/PabloSnchz/deutsche-bahn-data,43,21,/PabloSnchz/deutsche-bahn-data/tree/main/monthly_data_releases,5,4,/PabloSnchz/deutsche-bahn-data/tree/main/data,3,2,/PabloSnchz/deutsche-bahn-data/blob/main/monthly_data_releases/data-2024-11.parquet,2,2,/PabloSnchz/deutsche-bahn-data/blob/main/fetch_data.py,2,1,/PabloSnchz/deutsche-bahn-data/actions,1,1,/PabloSnchz/deutsche-bahn-data/blob/main/alternative_station_name_to_station_name.json,1,1,/PabloSnchz/deutsche-bahn-data/blob/main/create_monthly_data_release.py,1,1,/PabloSnchz/deutsche-bahn-data/blob/main/data/2024-10-05/0423638_fchg_06.xml,1,1,/PabloSnchz/deutsche-bahn-data/blob/main/data/2024-10-05/08000085_plan_18.xml,1,1
2024-12-16,/PabloSnchz/deutsche-bahn-data,43,21,/PabloSnchz/deutsche-bahn-data/tree/main/monthly_data_releases,5,4,/PabloSnchz/deutsche-bahn-data/tree/main/data,3,2,/PabloSnchz/deutsche-bahn-data/blob/main/monthly_data_releases/data-2024-11.parquet,2,2,/PabloSnchz/deutsche-bahn-data/blob/main/fetch_data.py,2,1,/PabloSnchz/deutsche-bahn-data/actions,1,1,/PabloSnchz/deutsche-bahn-data/blob/main/alternative_station_name_to_station_name.json,1,1,/PabloSnchz/deutsche-bahn-data/blob/main/create_monthly_data_release.py,1,1,/PabloSnchz/deutsche-bahn-data/blob/main/data/2024-10-05/0423638_fchg_06.xml,1,1,/PabloSnchz/deutsche-bahn-data/blob/main/data/2024-10-05/08000085_plan_18.xml,1,1
2024-12-17,/PabloSnchz/deutsche-bahn-data,43,21,/PabloSnchz/deutsche-bahn-data/tree/main/monthly_data_releases,5,4,/PabloSnchz/deutsche-bahn-data/tree/main/data,3,2,/PabloSnchz/deutsche-bahn-data/blob/main/monthly_data_releases/data-2024-11.parquet,2,2,/PabloSnchz/deutsche-bahn-data/blob/main/fetch_data.py,2,1,/PabloSnchz/deutsche-bahn-data/actions,1,1,/PabloSnchz/deutsche-bahn-data/blob/main/alternative_station_name_to_station_name.json,1,1,/PabloSnchz/deutsche-bahn-data/blob/main/create_monthly_data_release.py,1,1,/PabloSnchz/deutsche-bahn-data/blob/main/data/2024-10-05/0423638_fchg_06.xml,1,1,/PabloSnchz/deutsche-bahn-data/blob/main/data/2024-10-05/08000085_plan_18.xml,1,1
2024-12-18,/PabloSnchz/deutsche-bahn-data,36,21,/PabloSnchz/deutsche-bahn-data/tree/main/monthly_data_releases,4,3,/PabloSnchz/deutsche-bahn-data/tree/main/data,3,2,/PabloSnchz/deutsche-bahn-data/blob/main/monthly_data_releases/data-2024-11.parquet,2,2,/PabloSnchz/deutsche-bahn-data/blob/main/fetch_data.py,2,1,/PabloSnchz/deutsche-bahn-data/actions,1,1,/PabloSnchz/deutsche-bahn-data/blob/main/alternative_station_name_to_station_name.json,1,1,/PabloSnchz/deutsche-bahn-data/blob/main/create_monthly_data_release.py,1,1,/PabloSnchz/deutsche-bahn-data/blob/main/data/2024-10-05/0423638_fchg_06.xml,1,1,/PabloSnchz/deutsche-bahn-data/blob/main/data/2024-10-05/08000085_plan_18.xml,1,1
2024-12-19,/PabloSnchz/deutsche-bahn-data,36,21,/PabloSnchz/deutsche-bahn-data/tree/main/monthly_data_releases,4,3,/PabloSnchz/deutsche-bahn-data/tree/main/data,3,2,/PabloSnchz/deutsche-bahn-data/blob/main/monthly_data_releases/data-2024-11.parquet,2,2,/PabloSnchz/deutsche-bahn-data/blob/main/fetch_data.py,2,1,/PabloSnchz/deutsche-bahn-data/actions,1,1,/PabloSnchz/deutsche-bahn-data/blob/main/alternative_station_name_to_station_name.json,1,1,/PabloSnchz/deutsche-bahn-data/blob/main/create_monthly_data_release.py,1,1,/PabloSnchz/deutsche-bahn-data/blob/main/data/2024-10-05/0423638_fchg_06.xml,1,1,/PabloSnchz/deutsche-bahn-data/blob/main/data/2024-10-05/08000085_plan_18.xml,1,1
2024-12-20,/PabloSnchz/deutsche-bahn-data,32,21,/PabloSnchz/deutsche-bahn-data/tree/main/monthly_data_releases,4,3,/PabloSnchz/deutsche-bahn-data/tree/main/data,3,2,/PabloSnchz/deutsche-bahn-data/blob/main/monthly_data_releases/data-2024-11.parquet,2,2,/PabloSnchz/deutsche-bahn-data/blob/main/fetch_data.py,2,1,/PabloSnchz/deutsche-bahn-data/actions,1,1,/PabloSnchz/deutsche-bahn-data/blob/main/alternative_station_name_to_station_name.json,1,1,/PabloSnchz/deutsche-bahn-data/blob/main/create_monthly_data_release.py,1,1,/PabloSnchz/deutsche-bahn-data/blob/main/data/2024-10-05/0423638_fchg_06.xml,1,1,/PabloSnchz/deutsche-bahn-data/blob/main/data/2024-10-05/08000085_plan_18.xml,1,1
2024-12-21,/PabloSnchz/deutsche-bahn-data,34,23,/PabloSnchz/deutsche-bahn-data/tree/main/monthly_data_releases,4,3,/PabloSnchz/deutsche-bahn-data/tree/main/data,3,2,/PabloSnchz/deutsche-bahn-data/blob/main/monthly_data_releases/data-2024-11.parquet,2,2,/PabloSnchz/deutsche-bahn-data/blob/main/fetch_data.py,2,1,/PabloSnchz/deutsche-bahn-data/actions,1,1,/PabloSnchz/deutsche-bahn-data/blob/main/alternative_station_name_to_station_name.json,1,1,/PabloSnchz/deutsche-bahn-data/blob/main/create_monthly_data_release.py,1,1,/PabloSnchz/deutsche-bahn-data/blob/main/data/2024-10-05/0423638_fchg_06.xml,1,1,/PabloSnchz/deutsche-bahn-data/blob/main/data/2024-10-05/08000085_plan_18.xml,1,1
2024-12-22,/PabloSnchz/deutsche-bahn-data,36,25,/PabloSnchz/deutsche-bahn-data/tree/main/monthly_data_releases,4,3,/PabloSnchz/deutsche-bahn-data/tree/main/data,3,2,/PabloSnchz/deutsche-bahn-data/blob/main/monthly_data_releases/data-2024-11.parquet,2,2,/PabloSnchz/deutsche-bahn-data/blob/main/fetch_data.py,2,1,/PabloSnchz/deutsche-bahn-data/actions,1,1,/PabloSnchz/deutsche-bahn-data/blob/main/alternative_station_name_to_station_name.json,1,1,/PabloSnchz/deutsche-bahn-data/blob/main/create_monthly_data_release.py,1,1,/PabloSnchz/deutsche-bahn-data/blob/main/data/2024-10-05/0423638_fchg_06.xml,1,1,/PabloSnchz/deutsche-bahn-data/blob/main/data/2024-10-05/08000085_plan_18.xml,1,1
2024-12-23,/PabloSnchz/deutsche-bahn-data,26,19,/PabloSnchz/deutsche-bahn-data/tree/main/monthly_data_releases,4,3,/PabloSnchz/deutsche-bahn-data/tree/main/data,3,2,/PabloSnchz/deutsche-bahn-data/blob/main/monthly_data_releases/data-2024-11.parquet,2,2,/PabloSnchz/deutsche-bahn-data/blob/main/fetch_data.py,2,1,/PabloSnchz/deutsche-bahn-data/blob/main/alternative_station_name_to_station_name.json,1,1,/PabloSnchz/deutsche-bahn-data/blob/main/create_monthly_data_release.py,1,1,/PabloSnchz/deutsche-bahn-data/blob/main/data/2024-10-05/0423638_fchg_06.xml,1,1,/PabloSnchz/deutsche-bahn-data/blob/main/data/2024-10-05/08000085_plan_18.xml,1,1,/PabloSnchz/deutsche-bahn-data/blob/main/data/2024-12-11/08000001_plan_08.xml,1,1
2024-12-24,/PabloSnchz/deutsche-bahn-data,23,18,/PabloSnchz/deutsche-bahn-data/tree/main/monthly_data_releases,4,3,/PabloSnchz/deutsche-bahn-data/tree/main/data,3,2,/PabloSnchz/deutsche-bahn-data/blob/main/monthly_data_releases/data-2024-11.parquet,2,2,/PabloSnchz/deutsche-bahn-data/blob/main/fetch_data.py,2,1,/PabloSnchz/deutsche-bahn-data/blob/main/alternative_station_name_to_station_name.json,1,1,/PabloSnchz/deutsche-bahn-data/blob/main/create_monthly_data_release.py,1,1,/PabloSnchz/deutsche-bahn-data/blob/main/data/2024-10-05/0423638_fchg_06.xml,1,1,/PabloSnchz/deutsche-bahn-data/blob/main/data/2024-10-05/08000085_plan_18.xml,1,1,/PabloSnchz/deutsche-bahn-data/blob/main/data/2024-12-11/08000001_plan_08.xml,1,1
2024-12-25,/PabloSnchz/deutsche-bahn-data,16,13,/PabloSnchz/deutsche-bahn-data/blob/main/fetch_data.py,2,1,/PabloSnchz/deutsche-bahn-data/blob/main/alternative_station_name_to_station_name.json,1,1,/PabloSnchz/deutsche-bahn-data/blob/main/create_monthly_data_release.py,1,1,/PabloSnchz/deutsche-bahn-data/blob/main/data/2024-10-05/0423638_fchg_06.xml,1,1,/PabloSnchz/deutsche-bahn-data/blob/main/data/2024-10-05/08000085_plan_18.xml,1,1,/PabloSnchz/deutsche-bahn-data/blob/main/.github/workflows/data_update.yml,1,1,/PabloSnchz/deutsche-bahn-data/blob/main/.github/workflows/monthly_data_release.yml,1,1,/PabloSnchz/deutsche-bahn-data/blob/main/monthly_data_releases/current_eva_list.csv,1,1,/PabloSnchz/deutsche-bahn-data/tree/main/data,1,1
2024-12-26,/PabloSnchz/deutsche-bahn-data,12,10,/PabloSnchz/deutsche-bahn-data/blob/main/.github/workflows/data_update.yml,1,1,/PabloSnchz/deutsche-bahn-data/blob/main/.github/workflows/monthly_data_release.yml,1,1,/PabloSnchz/deutsche-bahn-data/tree/main/.github/workflows,1,1,,,,,,,,,,,,,,,,,,
2024-12-27,/PabloSnchz/deutsche-bahn-data,11,10,,,,,,,,,,,,,,,,,,,,,,,,,,,
2024-12-28,/PabloSnchz/deutsche-bahn-data,10,9,,,,,,,,,,,,,,,,,,,,,,,,,,,
2024-12-29,/PabloSnchz/deutsche-bahn-data,10,9,,,,,,,,,,,,,,,,,,,,,,,,,,,
2024-12-30,/PabloSnchz/deutsche-bahn-data,10,9,,,,,,,,,,,,,,,,,,,,,,,,,,,
2024-12-31,/PabloSnchz/deutsche-bahn-data,12,10,/PabloSnchz/deutsche-bahn-data/blob/main/data/2024-12-29/08000038_fchg_00.xml,1,1,/PabloSnchz/deutsche-bahn-data/commits/main,1,1,/PabloSnchz/deutsche-bahn-data/tree/main/data,1,1,/PabloSnchz/deutsche-bahn-data/tree/main/data/2024-12-29,1,1,,,,,,,,,,,,,,,
2025-01-01,/PabloSnchz/deutsche-bahn-data,12,10,/PabloSnchz/deutsche-bahn-data/blob/main/data/2024-12-29/08000038_fchg_00.xml,1,1,/PabloSnchz/deutsche-bahn-data/commits/main,1,1,/PabloSnchz/deutsche-bahn-data/tree/main/data,1,1,/PabloSnchz/deutsche-bahn-data/tree/main/data/2024-12-29,1,1,,,,,,,,,,,,,,,
2025-01-02,/PabloSnchz/deutsche-bahn-data,9,7,/PabloSnchz/deutsche-bahn-data/blob/main/data/2024-12-29/08000038_fchg_00.xml,1,1,/PabloSnchz/deutsche-bahn-data/commits/main,1,1,/PabloSnchz/deutsche-bahn-data/tree/main/data,1,1,/PabloSnchz/deutsche-bahn-data/tree/main/data/2024-12-29,1,1,,,,,,,,,,,,,,,
2025-01-03,/PabloSnchz/deutsche-bahn-data,8,6,/PabloSnchz/deutsche-bahn-data/blob/main/data/2024-12-29/08000038_fchg_00.xml,1,1,/PabloSnchz/deutsche-bahn-data/blob/main/.github/workflows/data_update.yml,1,1,/PabloSnchz/deutsche-bahn-data/commits/main,1,1,/PabloSnchz/deutsche-bahn-data/tree/main/data,1,1,/PabloSnchz/deutsche-bahn-data/tree/main/data/2024-12-29,1,1,/PabloSnchz/deutsche-bahn-data/tree/main/.github/workflows,1,1,,,,,,,,,
2025-01-04,/PabloSnchz/deutsche-bahn-data,8,5,/PabloSnchz/deutsche-bahn-data/tree/main/data,3,2,/PabloSnchz/deutsche-bahn-data/tree/main,2,1,/PabloSnchz/deutsche-bahn-data/blame/main/data/2025-01-03/08000038_plan_12.xml,1,1,/PabloSnchz/deutsche-bahn-data/blob/main/data/2024-12-29/08000038_fchg_00.xml,1,1,/PabloSnchz/deutsche-bahn-data/blob/main/data/2025-01-03/08000010_fchg_00.xml,1,1,/PabloSnchz/deutsche-bahn-data/blob/main/data/2025-01-03/08000010_plan_23.xml,1,1,/PabloSnchz/deutsche-bahn-data/blob/main/data/2025-01-03/08000013_fchg_00.xml,1,1,/PabloSnchz/deutsche-bahn-data/blob/main/data/2025-01-03/08000013_plan_07.xml,1,1,/PabloSnchz/deutsche-bahn-data/blob/main/data/2025-01-03/08000013_plan_09.xml,1,1
2025-01-05,/PabloSnchz/deutsche-bahn-data,6,4,/PabloSnchz/deutsche-bahn-data/tree/main/data,3,2,/PabloSnchz/deutsche-bahn-data/tree/main,2,1,/PabloSnchz/deutsche-bahn-data/blame/main/data/2025-01-03/08000038_plan_12.xml,1,1,/PabloSnchz/deutsche-bahn-data/blob/main/data/2024-12-29/08000038_fchg_00.xml,1,1,/PabloSnchz/deutsche-bahn-data/blob/main/data/2025-01-03/08000010_fchg_00.xml,1,1,/PabloSnchz/deutsche-bahn-data/blob/main/data/2025-01-03/08000010_plan_23.xml,1,1,/PabloSnchz/deutsche-bahn-data/blob/main/data/2025-01-03/08000013_fchg_00.xml,1,1,/PabloSnchz/deutsche-bahn-data/blob/main/data/2025-01-03/08000013_plan_07.xml,1,1,/PabloSnchz/deutsche-bahn-data/blob/main/data/2025-01-03/08000013_plan_09.xml,1,1
2025-01-06,/PabloSnchz/deutsche-bahn-data,6,4,/PabloSnchz/deutsche-bahn-data/tree/main/data,3,2,/PabloSnchz/deutsche-bahn-data/tree/main,2,1,/PabloSnchz/deutsche-bahn-data/blame/main/data/2025-01-03/08000038_plan_12.xml,1,1,/PabloSnchz/deutsche-bahn-data/blob/main/data/2024-12-29/08000038_fchg_00.xml,1,1,/PabloSnchz/deutsche-bahn-data/blob/main/data/2025-01-03/08000010_fchg_00.xml,1,1,/PabloSnchz/deutsche-bahn-data/blob/main/data/2025-01-03/08000010_plan_23.xml,1,1,/PabloSnchz/deutsche-bahn-data/blob/main/data/2025-01-03/08000013_fchg_00.xml,1,1,/PabloSnchz/deutsche-bahn-data/blob/main/data/2025-01-03/08000013_plan_07.xml,1,1,/PabloSnchz/deutsche-bahn-data/blob/main/data/2025-01-03/08000013_plan_09.xml,1,1
2025-01-07,/PabloSnchz/deutsche-bahn-data,6,4,/PabloSnchz/deutsche-bahn-data/tree/main/data,3,2,/PabloSnchz/deutsche-bahn-data/tree/main,2,1,/PabloSnchz/deutsche-bahn-data/blame/main/data/2025-01-03/08000038_plan_12.xml,1,1,/PabloSnchz/deutsche-bahn-data/blob/main/data/2024-12-29/08000038_fchg_00.xml,1,1,/PabloSnchz/deutsche-bahn-data/blob/main/data/2025-01-03/08000010_fchg_00.xml,1,1,/PabloSnchz/deutsche-bahn-data/blob/main/data/2025-01-03/08000010_plan_23.xml,1,1,/PabloSnchz/deutsche-bahn-data/blob/main/data/2025-01-03/08000013_fchg_00.xml,1,1,/PabloSnchz/deutsche-bahn-data/blob/main/data/2025-01-03/08000013_plan_07.xml,1,1,/PabloSnchz/deutsche-bahn-data/blob/main/data/2025-01-03/08000013_plan_09.xml,1,1
2025-01-08,/PabloSnchz/deutsche-bahn-data,7,5,/PabloSnchz/deutsche-bahn-data/tree/main,3,2,/PabloSnchz/deutsche-bahn-data/tree/main/data,3,2,/PabloSnchz/deutsche-bahn-data/blame/main/data/2025-01-03/08000038_plan_12.xml,1,1,/PabloSnchz/deutsche-bahn-data/blob/main/data/2024-12-29/08000038_fchg_00.xml,1,1,/PabloSnchz/deutsche-bahn-data/blob/main/data/2025-01-03/08000010_fchg_00.xml,1,1,/PabloSnchz/deutsche-bahn-data/blob/main/data/2025-01-03/08000010_plan_23.xml,1,1,/PabloSnchz/deutsche-bahn-data/blob/main/data/2025-01-03/08000013_fchg_00.xml,1,1,/PabloSnchz/deutsche-bahn-data/blob/main/data/2025-01-03/08000013_plan_07.xml,1,1,/PabloSnchz/deutsche-bahn-data/blob/main/data/2025-01-03/08000013_plan_09.xml,1,1
2025-01-09,/PabloSnchz/deutsche-bahn-data,18,8,/PabloSnchz/deutsche-bahn-data/tree/main/data,4,3,/PabloSnchz/deutsche-bahn-data/tree/main,3,2,/PabloSnchz/deutsche-bahn-data/blame/main/data/2025-01-03/08000038_plan_12.xml,1,1,/PabloSnchz/deutsche-bahn-data/blob/main/data/2024-12-29/08000038_fchg_00.xml,1,1,/PabloSnchz/deutsche-bahn-data/blob/main/data/2025-01-03/08000010_fchg_00.xml,1,1,/PabloSnchz/deutsche-bahn-data/blob/main/data/2025-01-03/08000010_plan_23.xml,1,1,/PabloSnchz/deutsche-bahn-data/blob/main/data/2025-01-03/08000013_fchg_00.xml,1,1,/PabloSnchz/deutsche-bahn-data/blob/main/data/2025-01-03/08000013_plan_07.xml,1,1,/PabloSnchz/deutsche-bahn-data/blob/main/data/2025-01-03/08000013_plan_09.xml,1,1
2025-01-10,/PabloSnchz/deutsche-bahn-data,26,11,/PabloSnchz/deutsche-bahn-data/tree/main/data,6,5,/PabloSnchz/deutsche-bahn-data/stargazers,3,2,/PabloSnchz/deutsche-bahn-data/tree/main,3,2,/PabloSnchz/deutsche-bahn-data/blame/main/data/2025-01-03/08000038_plan_12.xml,1,1,/PabloSnchz/deutsche-bahn-data/blob/main/data/2024-12-29/08000038_fchg_00.xml,1,1,/PabloSnchz/deutsche-bahn-data/blob/main/data/2025-01-03/08000010_fchg_00.xml,1,1,/PabloSnchz/deutsche-bahn-data/blob/main/data/2025-01-03/08000010_plan_23.xml,1,1,/PabloSnchz/deutsche-bahn-data/blob/main/data/2025-01-03/08000013_fchg_00.xml,1,1,/PabloSnchz/deutsche-bahn-data/blob/main/data/2025-01-03/08000013_plan_07.xml,1,1
2025-01-11,/PabloSnchz/deutsche-bahn-data,28,12,/PabloSnchz/deutsche-bahn-data/tree/main/data,6,5,/PabloSnchz/deutsche-bahn-data/stargazers,3,2,/PabloSnchz/deutsche-bahn-data/tree/main,3,2,/PabloSnchz/deutsche-bahn-data/blame/main/data/2025-01-03/08000038_plan_12.xml,1,1,/PabloSnchz/deutsche-bahn-data/blob/main/data/2024-12-29/08000038_fchg_00.xml,1,1,/PabloSnchz/deutsche-bahn-data/blob/main/data/2025-01-03/08000010_fchg_00.xml,1,1,/PabloSnchz/deutsche-bahn-data/blob/main/data/2025-01-03/08000010_plan_23.xml,1,1,/PabloSnchz/deutsche-bahn-data/blob/main/data/2025-01-03/08000013_fchg_00.xml,1,1,/PabloSnchz/deutsche-bahn-data/blob/main/data/2025-01-03/08000013_plan_07.xml,1,1
2025-01-12,/PabloSnchz/deutsche-bahn-data,28,12,/PabloSnchz/deutsche-bahn-data/tree/main/data,6,5,/PabloSnchz/deutsche-bahn-data/stargazers,3,2,/PabloSnchz/deutsche-bahn-data/tree/main,3,2,/PabloSnchz/deutsche-bahn-data/blame/main/data/2025-01-03/08000038_plan_12.xml,1,1,/PabloSnchz/deutsche-bahn-data/blob/main/data/2024-12-29/08000038_fchg_00.xml,1,1,/PabloSnchz/deutsche-bahn-data/blob/main/data/2025-01-03/08000010_fchg_00.xml,1,1,/PabloSnchz/deutsche-bahn-data/blob/main/data/2025-01-03/08000010_plan_23.xml,1,1,/PabloSnchz/deutsche-bahn-data/blob/main/data/2025-01-03/08000013_fchg_00.xml,1,1,/PabloSnchz/deutsche-bahn-data/blob/main/data/2025-01-03/08000013_plan_07.xml,1,1
2025-01-13,/PabloSnchz/deutsche-bahn-data,29,13,/PabloSnchz/deutsche-bahn-data/tree/main/data,6,5,/PabloSnchz/deutsche-bahn-data/stargazers,3,2,/PabloSnchz/deutsche-bahn-data/tree/main,3,2,/PabloSnchz/deutsche-bahn-data/tree/main/data/2024-07-01,2,2,/PabloSnchz/deutsche-bahn-data/blame/main/data/2025-01-03/08000038_plan_12.xml,1,1,/PabloSnchz/deutsche-bahn-data/blob/main/data/2025-01-03/08000010_fchg_00.xml,1,1,/PabloSnchz/deutsche-bahn-data/blob/main/data/2025-01-03/08000010_plan_23.xml,1,1,/PabloSnchz/deutsche-bahn-data/blob/main/data/2025-01-03/08000013_fchg_00.xml,1,1,/PabloSnchz/deutsche-bahn-data/blob/main/data/2025-01-03/08000013_plan_07.xml,1,1
2025-01-14,/PabloSnchz/deutsche-bahn-data,29,13,/PabloSnchz/deutsche-bahn-data/tree/main/data,6,5,/PabloSnchz/deutsche-bahn-data/stargazers,3,2,/PabloSnchz/deutsche-bahn-data/tree/main,3,2,/PabloSnchz/deutsche-bahn-data/tree/main/data/2024-07-01,2,2,/PabloSnchz/deutsche-bahn-data/blame/main/data/2025-01-03/08000038_plan_12.xml,1,1,/PabloSnchz/deutsche-bahn-data/blob/main/data/2025-01-03/08000010_fchg_00.xml,1,1,/PabloSnchz/deutsche-bahn-data/blob/main/data/2025-01-03/08000010_plan_23.xml,1,1,/PabloSnchz/deutsche-bahn-data/blob/main/data/2025-01-03/08000013_fchg_00.xml,1,1,/PabloSnchz/deutsche-bahn-data/blob/main/data/2025-01-03/08000013_plan_07.xml,1,1
2025-01-15,/PabloSnchz/deutsche-bahn-data,32,15,/PabloSnchz/deutsche-bahn-data/tree/main/data,6,5,/PabloSnchz/deutsche-bahn-data/stargazers,3,2,/PabloSnchz/deutsche-bahn-data/tree/main,3,2,/PabloSnchz/deutsche-bahn-data/tree/main/data/2024-07-01,2,2,/PabloSnchz/deutsche-bahn-data/blame/main/data/2025-01-03/08000038_plan_12.xml,1,1,/PabloSnchz/deutsche-bahn-data/blob/main/data/2025-01-03/08000010_fchg_00.xml,1,1,/PabloSnchz/deutsche-bahn-data/blob/main/data/2025-01-03/08000010_plan_23.xml,1,1,/PabloSnchz/deutsche-bahn-data/blob/main/data/2025-01-03/08000013_fchg_00.xml,1,1,/PabloSnchz/deutsche-bahn-data/blob/main/data/2025-01-03/08000013_plan_07.xml,1,1
2025-01-16,/PabloSnchz/deutsche-bahn-data,30,14,/PabloSnchz/deutsche-bahn-data/tree/main/data,6,5,/PabloSnchz/deutsche-bahn-data/stargazers,3,2,/PabloSnchz/deutsche-bahn-data/tree/main,3,2,/PabloSnchz/deutsche-bahn-data/tree/main/data/2024-07-01,2,2,/PabloSnchz/deutsche-bahn-data/blame/main/data/2025-01-03/08000038_plan_12.xml,1,1,/PabloSnchz/deutsche-bahn-data/blob/main/data/2025-01-03/08000010_fchg_00.xml,1,1,/PabloSnchz/deutsche-bahn-data/blob/main/data/2025-01-03/08000010_plan_23.xml,1,1,/PabloSnchz/deutsche-bahn-data/blob/main/data/2025-01-03/08000013_fchg_00.xml,1,1,/PabloSnchz/deutsche-bahn-data/blob/main/data/2025-01-03/08000013_plan_07.xml,1,1
2025-01-17,/PabloSnchz/deutsche-bahn-data,30,15,/PabloSnchz/deutsche-bahn-data/tree/main/data,4,4,/PabloSnchz/deutsche-bahn-data/stargazers,3,2,/PabloSnchz/deutsche-bahn-data/tree/main/data/2024-07-01,2,2,/PabloSnchz/deutsche-bahn-data/blob/main/data/2025-01-07/08000001_fchg_12.xml,1,1,/PabloSnchz/deutsche-bahn-data/blob/main/data/2025-01-07/08000001_plan_02.xml,1,1,/PabloSnchz/deutsche-bahn-data/blob/main/fetch_data.py,1,1,/PabloSnchz/deutsche-bahn-data/issues,1,1,/PabloSnchz/deutsche-bahn-data/tags,1,1,/PabloSnchz/deutsche-bahn-data/tree/main,1,1
2025-01-18,/PabloSnchz/deutsche-bahn-data,31,16,/PabloSnchz/deutsche-bahn-data/tree/main/data,4,4,/PabloSnchz/deutsche-bahn-data/stargazers,3,2,/PabloSnchz/deutsche-bahn-data/tree/main/data/2024-07-01,2,2,/PabloSnchz/deutsche-bahn-data/blob/main/data/2025-01-07/08000001_fchg_12.xml,1,1,/PabloSnchz/deutsche-bahn-data/blob/main/data/2025-01-07/08000001_plan_02.xml,1,1,/PabloSnchz/deutsche-bahn-data/blob/main/fetch_data.py,1,1,/PabloSnchz/deutsche-bahn-data/issues,1,1,/PabloSnchz/deutsche-bahn-data/tags,1,1,/PabloSnchz/deutsche-bahn-data/tree/main,1,1
2025-01-19,/PabloSnchz/deutsche-bahn-data,31,16,/PabloSnchz/deutsche-bahn-data/tree/main/data,4,4,/PabloSnchz/deutsche-bahn-data/stargazers,3,2,/PabloSnchz/deutsche-bahn-data/tree/main/data/2024-07-01,2,2,/PabloSnchz/deutsche-bahn-data/blob/main/data/2025-01-07/08000001_fchg_12.xml,1,1,/PabloSnchz/deutsche-bahn-data/blob/main/data/2025-01-07/08000001_plan_02.xml,1,1,/PabloSnchz/deutsche-bahn-data/blob/main/fetch_data.py,1,1,/PabloSnchz/deutsche-bahn-data/issues,1,1,/PabloSnchz/deutsche-bahn-data/tags,1,1,/PabloSnchz/deutsche-bahn-data/tree/main,1,1
2025-01-20,/PabloSnchz/deutsche-bahn-data,34,17,/PabloSnchz/deutsche-bahn-data/tree/main/data,6,5,/PabloSnchz/deutsche-bahn-data/tree/main/data/2024-07-01,5,3,/PabloSnchz/deutsche-bahn-data/stargazers,3,2,/PabloSnchz/deutsche-bahn-data/blob/main/fetch_data.py,2,2,/PabloSnchz/deutsche-bahn-data/blob/main/alternative_station_name_to_station_name.json,2,1,/PabloSnchz/deutsche-bahn-data/blob/main/create_monthly_data_release.py,2,1,/PabloSnchz/deutsche-bahn-data/blob/main/README.md,2,1,/PabloSnchz/deutsche-bahn-data/blob/main/requirements.txt,2,1,/PabloSnchz/deutsche-bahn-data/blob/main/data/2024-07-01/0370014_fchg_00.xml,1,1
2025-01-21,/PabloSnchz/deutsche-bahn-data,33,16,/PabloSnchz/deutsche-bahn-data/tree/main/data,6,5,/PabloSnchz/deutsche-bahn-data/tree/main/data/2024-07-01,5,3,/PabloSnchz/deutsche-bahn-data/stargazers,3,2,/PabloSnchz/deutsche-bahn-data/blob/main/fetch_data.py,2,2,/PabloSnchz/deutsche-bahn-data/blob/main/alternative_station_name_to_station_name.json,2,1,/PabloSnchz/deutsche-bahn-data/blob/main/create_monthly_data_release.py,2,1,/PabloSnchz/deutsche-bahn-data/blob/main/README.md,2,1,/PabloSnchz/deutsche-bahn-data/blob/main/requirements.txt,2,1,/PabloSnchz/deutsche-bahn-data/blob/main/data/2024-07-01/0370014_fchg_00.xml,1,1
2025-01-22,/PabloSnchz/deutsche-bahn-data,22,13,/PabloSnchz/deutsche-bahn-data/tree/main/data,5,4,/PabloSnchz/deutsche-bahn-data/tree/main/data/2024-07-01,4,2,/PabloSnchz/deutsche-bahn-data/blob/main/fetch_data.py,2,2,/PabloSnchz/deutsche-bahn-data/blob/main/alternative_station_name_to_station_name.json,2,1,/PabloSnchz/deutsche-bahn-data/blob/main/create_monthly_data_release.py,2,1,/PabloSnchz/deutsche-bahn-data/blob/main/README.md,2,1,/PabloSnchz/deutsche-bahn-data/blob/main/requirements.txt,2,1,/PabloSnchz/deutsche-bahn-data/stargazers,2,1,/PabloSnchz/deutsche-bahn-data/blob/main/data/2024-07-01/0370014_fchg_00.xml,1,1
2025-01-23,/PabloSnchz/deutsche-bahn-data,14,9,/PabloSnchz/deutsche-bahn-data/tree/main/data/2024-07-01,4,2,/PabloSnchz/deutsche-bahn-data/tree/main/data,3,2,/PabloSnchz/deutsche-bahn-data/blob/main/alternative_station_name_to_station_name.json,2,1,/PabloSnchz/deutsche-bahn-data/blob/main/create_monthly_data_release.py,2,1,/PabloSnchz/deutsche-bahn-data/blob/main/README.md,2,1,/PabloSnchz/deutsche-bahn-data/blob/main/requirements.txt,2,1,/PabloSnchz/deutsche-bahn-data/blob/main/data/2024-07-01/0370014_fchg_00.xml,1,1,/PabloSnchz/deutsche-bahn-data/blob/main/data/2024-07-01/0370014_fchg_06.xml,1,1,/PabloSnchz/deutsche-bahn-data/blob/main/data/2025-01-19/08000001_fchg_00.xml,1,1
2025-01-24,/PabloSnchz/deutsche-bahn-data,15,11,/PabloSnchz/deutsche-bahn-data/tree/main/data,5,3,/PabloSnchz/deutsche-bahn-data/tree/main/data/2024-07-01,4,2,/PabloSnchz/deutsche-bahn-data/issues,3,1,/PabloSnchz/deutsche-bahn-data/blob/main/fetch_data.py,2,2,/PabloSnchz/deutsche-bahn-data/blob/main/alternative_station_name_to_station_name.json,2,1,/PabloSnchz/deutsche-bahn-data/blob/main/create_monthly_data_release.py,2,1,/PabloSnchz/deutsche-bahn-data/blob/main/README.md,2,1,/PabloSnchz/deutsche-bahn-data/blob/main/requirements.txt,2,1,/PabloSnchz/deutsche-bahn-data/blob/main/data/2024-07-01/0370014_fchg_00.xml,1,1
2025-01-25,/PabloSnchz/deutsche-bahn-data,15,11,/PabloSnchz/deutsche-bahn-data/tree/main/data,5,3,/PabloSnchz/deutsche-bahn-data/tree/main/data/2024-07-01,4,2,/PabloSnchz/deutsche-bahn-data/issues,3,1,/PabloSnchz/deutsche-bahn-data/blob/main/fetch_data.py,2,2,/PabloSnchz/deutsche-bahn-data/blob/main/alternative_station_name_to_station_name.json,2,1,/PabloSnchz/deutsche-bahn-data/blob/main/create_monthly_data_release.py,2,1,/PabloSnchz/deutsche-bahn-data/blob/main/README.md,2,1,/PabloSnchz/deutsche-bahn-data/blob/main/requirements.txt,2,1,/PabloSnchz/deutsche-bahn-data/blob/main/data/2024-07-01/0370014_fchg_00.xml,1,1
2025-01-26,/PabloSnchz/deutsche-bahn-data,13,10,/PabloSnchz/deutsche-bahn-data/tree/main/data,4,2,/PabloSnchz/deutsche-bahn-data/issues,3,1,/PabloSnchz/deutsche-bahn-data/tree/main/data/2024-07-01,3,1,/PabloSnchz/deutsche-bahn-data/blob/main/fetch_data.py,2,2,/PabloSnchz/deutsche-bahn-data/blob/main/alternative_station_name_to_station_name.json,2,1,/PabloSnchz/deutsche-bahn-data/blob/main/create_monthly_data_release.py,2,1,/PabloSnchz/deutsche-bahn-data/blob/main/README.md,2,1,/PabloSnchz/deutsche-bahn-data/blob/main/requirements.txt,2,1,/PabloSnchz/deutsche-bahn-data/blob/main/data/2024-07-01/0370014_fchg_00.xml,1,1
2025-01-27,/PabloSnchz/deutsche-bahn-data,16,12,/PabloSnchz/deutsche-bahn-data/tree/main/data,5,3,/PabloSnchz/deutsche-bahn-data/tree/main/data/2024-07-01,4,2,/PabloSnchz/deutsche-bahn-data/issues,3,1,/PabloSnchz/deutsche-bahn-data/blob/main/data/2024-07-01/0370014_fchg_00.xml,2,2,/PabloSnchz/deutsche-bahn-data/blob/main/fetch_data.py,2,2,/PabloSnchz/deutsche-bahn-data/blob/main/alternative_station_name_to_station_name.json,2,1,/PabloSnchz/deutsche-bahn-data/blob/main/create_monthly_data_release.py,2,1,/PabloSnchz/deutsche-bahn-data/blob/main/README.md,2,1,/PabloSnchz/deutsche-bahn-data/blob/main/requirements.txt,2,1
2025-01-28,/PabloSnchz/deutsche-bahn-data,15,11,/PabloSnchz/deutsche-bahn-data/tree/main/data,5,3,/PabloSnchz/deutsche-bahn-data/tree/main/data/2024-07-01,4,2,/PabloSnchz/deutsche-bahn-data/issues,3,1,/PabloSnchz/deutsche-bahn-data/blob/main/data/2024-07-01/0370014_fchg_00.xml,2,2,/PabloSnchz/deutsche-bahn-data/blob/main/fetch_data.py,2,2,/PabloSnchz/deutsche-bahn-data/blob/main/alternative_station_name_to_station_name.json,2,1,/PabloSnchz/deutsche-bahn-data/blob/main/create_monthly_data_release.py,2,1,/PabloSnchz/deutsche-bahn-data/blob/main/README.md,2,1,/PabloSnchz/deutsche-bahn-data/blob/main/requirements.txt,2,1
2025-01-29,/PabloSnchz/deutsche-bahn-data,15,11,/PabloSnchz/deutsche-bahn-data/tree/main/data,5,3,/PabloSnchz/deutsche-bahn-data/tree/main/data/2024-07-01,4,2,/PabloSnchz/deutsche-bahn-data/issues,3,1,/PabloSnchz/deutsche-bahn-data/blob/main/data/2024-07-01/0370014_fchg_00.xml,2,2,/PabloSnchz/deutsche-bahn-data/blob/main/fetch_data.py,2,2,/PabloSnchz/deutsche-bahn-data/blob/main/alternative_station_name_to_station_name.json,2,1,/PabloSnchz/deutsche-bahn-data/blob/main/create_monthly_data_release.py,2,1,/PabloSnchz/deutsche-bahn-data/blob/main/README.md,2,1,/PabloSnchz/deutsche-bahn-data/blob/main/requirements.txt,2,1
2025-01-30,/PabloSnchz/deutsche-bahn-data,13,9,/PabloSnchz/deutsche-bahn-data/tree/main/data,5,3,/PabloSnchz/deutsche-bahn-data/tree/main/data/2024-07-01,4,2,/PabloSnchz/deutsche-bahn-data/issues,3,1,/PabloSnchz/deutsche-bahn-data/blob/main/data/2024-07-01/0370014_fchg_00.xml,2,2,/PabloSnchz/deutsche-bahn-data/blob/main/fetch_data.py,2,2,/PabloSnchz/deutsche-bahn-data/blob/main/alternative_station_name_to_station_name.json,2,1,/PabloSnchz/deutsche-bahn-data/blob/main/create_monthly_data_release.py,2,1,/PabloSnchz/deutsche-bahn-data/blob/main/README.md,2,1,/PabloSnchz/deutsche-bahn-data/blob/main/requirements.txt,2,1
2025-01-31,/PabloSnchz/deutsche-bahn-data,19,12,/PabloSnchz/deutsche-bahn-data/tree/main/data,6,4,/PabloSnchz/deutsche-bahn-data/blob/main/create_monthly_data_release.py,4,3,/PabloSnchz/deutsche-bahn-data/tree/main/data/2024-07-01,4,2,/PabloSnchz/deutsche-bahn-data/blob/main/fetch_data.py,3,3,/PabloSnchz/deutsche-bahn-data/issues,3,1,/PabloSnchz/deutsche-bahn-data/blob/main/data/2024-07-01/0370014_fchg_00.xml,2,2,/PabloSnchz/deutsche-bahn-data/blob/main/alternative_station_name_to_station_name.json,2,1,/PabloSnchz/deutsche-bahn-data/blob/main/README.md,2,1,/PabloSnchz/deutsche-bahn-data/blob/main/requirements.txt,2,1
2025-02-01,/PabloSnchz/deutsche-bahn-data,19,12,/PabloSnchz/deutsche-bahn-data/tree/main/data,8,5,/PabloSnchz/deutsche-bahn-data/blob/main/create_monthly_data_release.py,7,3,/PabloSnchz/deutsche-bahn-data/blob/main/fetch_data.py,4,4,/PabloSnchz/deutsche-bahn-data/tree/main/data/2024-07-01,4,2,/PabloSnchz/deutsche-bahn-data/tree/main/monthly_data_releases,4,2,/PabloSnchz/deutsche-bahn-data/blob/main/alternative_station_name_to_station_name.json,3,2,/PabloSnchz/deutsche-bahn-data/issues,3,1,/PabloSnchz/deutsche-bahn-data/tree/main,3,1,/PabloSnchz/deutsche-bahn-data/blob/main/data/2024-07-01/0370014_fchg_00.xml,2,2
2025-02-02,/PabloSnchz/deutsche-bahn-data,22,13,/PabloSnchz/deutsche-bahn-data/tree/main/data,6,4,/PabloSnchz/deutsche-bahn-data/blob/main/create_monthly_data_release.py,5,2,/PabloSnchz/deutsche-bahn-data/tree/main/monthly_data_releases,4,2,/PabloSnchz/deutsche-bahn-data/blob/main/fetch_data.py,3,3,/PabloSnchz/deutsche-bahn-data/issues,3,1,/PabloSnchz/deutsche-bahn-data/tree/main,3,1,/PabloSnchz/deutsche-bahn-data/blob/main/alternative_station_name_to_station_name.json,1,1,/PabloSnchz/deutsche-bahn-data/blob/main/data/2024-07-01/0370014_fchg_00.xml,1,1,/PabloSnchz/deutsche-bahn-data/blob/main/data/2024-12-24/08000001_fchg_00.xml,1,1
2025-02-03,/PabloSnchz/deutsche-bahn-data,22,13,/PabloSnchz/deutsche-bahn-data/tree/main/data,6,4,/PabloSnchz/deutsche-bahn-data/blob/main/create_monthly_data_release.py,5,2,/PabloSnchz/deutsche-bahn-data/tree/main/monthly_data_releases,4,2,/PabloSnchz/deutsche-bahn-data/blob/main/fetch_data.py,3,3,/PabloSnchz/deutsche-bahn-data/issues,3,1,/PabloSnchz/deutsche-bahn-data/tree/main,3,1,/PabloSnchz/deutsche-bahn-data/blob/main/alternative_station_name_to_station_name.json,1,1,/PabloSnchz/deutsche-bahn-data/blob/main/data/2024-07-01/0370014_fchg_00.xml,1,1,/PabloSnchz/deutsche-bahn-data/blob/main/data/2024-12-24/08000001_fchg_00.xml,1,1
2025-02-04,/PabloSnchz/deutsche-bahn-data,28,16,/PabloSnchz/deutsche-bahn-data/tree/main/data,8,5,/PabloSnchz/deutsche-bahn-data/blob/main/create_monthly_data_release.py,5,2,/PabloSnchz/deutsche-bahn-data/tree/main/monthly_data_releases,4,2,/PabloSnchz/deutsche-bahn-data/blob/main/fetch_data.py,3,3,/PabloSnchz/deutsche-bahn-data/tree/main/data/2024-07-01,3,2,/PabloSnchz/deutsche-bahn-data/issues,3,1,/PabloSnchz/deutsche-bahn-data/tree/main,3,1,/PabloSnchz/deutsche-bahn-data/blob/main/alternative_station_name_to_station_name.json,1,1,/PabloSnchz/deutsche-bahn-data/blob/main/data/2024-07-01/0370014_fchg_00.xml,1,1
2025-02-05,/PabloSnchz/deutsche-bahn-data,29,17,/PabloSnchz/deutsche-bahn-data/tree/main/data,10,5,/PabloSnchz/deutsche-bahn-data/tree/main/data/2024-07-01,5,3,/PabloSnchz/deutsche-bahn-data/blob/main/create_monthly_data_release.py,5,2,/PabloSnchz/deutsche-bahn-data/tree/main/monthly_data_releases,4,2,/PabloSnchz/deutsche-bahn-data/blob/main/fetch_data.py,3,3,/PabloSnchz/deutsche-bahn-data/blob/main/data/2024-07-01/0370014_fchg_00.xml,3,2,/PabloSnchz/deutsche-bahn-data/issues,3,1,/PabloSnchz/deutsche-bahn-data/tree/main,3,1,/PabloSnchz/deutsche-bahn-data/blob/main/data/2024-07-02/0423638_fchg_00.xml,2,1
2025-02-06,/PabloSnchz/deutsche-bahn-data,27,15,/PabloSnchz/deutsche-bahn-data/tree/main/data,11,4,/PabloSnchz/deutsche-bahn-data/tree/main/data/2024-07-01,9,3,/PabloSnchz/deutsche-bahn-data/blob/main/create_monthly_data_release.py,6,2,/PabloSnchz/deutsche-bahn-data/tree/main/monthly_data_releases,6,2,/PabloSnchz/deutsche-bahn-data/tree/main,5,1,/PabloSnchz/deutsche-bahn-data/blob/main/data/2024-07-01/0370014_fchg_00.xml,4,2,/PabloSnchz/deutsche-bahn-data/blob/main/fetch_data.py,3,2,/PabloSnchz/deutsche-bahn-data/blob/main/alternative_station_name_to_station_name.json,3,1,/PabloSnchz/deutsche-bahn-data/blob/main/data/2024-07-01/08002549_fchg_00.xml,2,1
2025-02-07,/PabloSnchz/deutsche-bahn-data,27,15,/PabloSnchz/deutsche-bahn-data/tree/main/data,11,4,/PabloSnchz/deutsche-bahn-data/tree/main/data/2024-07-01,9,3,/PabloSnchz/deutsche-bahn-data/blob/main/create_monthly_data_release.py,6,2,/PabloSnchz/deutsche-bahn-data/tree/main/monthly_data_releases,6,2,/PabloSnchz/deutsche-bahn-data/tree/main,5,1,/PabloSnchz/deutsche-bahn-data/blob/main/data/2024-07-01/0370014_fchg_00.xml,4,2,/PabloSnchz/deutsche-bahn-data/blob/main/fetch_data.py,3,2,/PabloSnchz/deutsche-bahn-data/blob/main/alternative_station_name_to_station_name.json,3,1,/PabloSnchz/deutsche-bahn-data/blob/main/data/2024-07-01/08002549_fchg_00.xml,2,1
2025-02-08,/PabloSnchz/deutsche-bahn-data,27,15,/PabloSnchz/deutsche-bahn-data/tree/main/data,11,4,/PabloSnchz/deutsche-bahn-data/tree/main/data/2024-07-01,9,3,/PabloSnchz/deutsche-bahn-data/blob/main/create_monthly_data_release.py,6,2,/PabloSnchz/deutsche-bahn-data/tree/main/monthly_data_releases,6,2,/PabloSnchz/deutsche-bahn-data/tree/main,5,1,/PabloSnchz/deutsche-bahn-data/blob/main/fetch_data.py,4,3,/PabloSnchz/deutsche-bahn-data/blob/main/data/2024-07-01/0370014_fchg_00.xml,4,2,/PabloSnchz/deutsche-bahn-data/blob/main/alternative_station_name_to_station_name.json,3,1,/PabloSnchz/deutsche-bahn-data/blob/main/data/2024-07-01/08002549_fchg_00.xml,2,1
2025-02-09,/PabloSnchz/deutsche-bahn-data,25,14,/PabloSnchz/deutsche-bahn-data/tree/main/data,10,3,/PabloSnchz/deutsche-bahn-data/tree/main/data/2024-07-01,8,2,/PabloSnchz/deutsche-bahn-data/blob/main/create_monthly_data_release.py,6,2,/PabloSnchz/deutsche-bahn-data/tree/main/monthly_data_releases,6,2,/PabloSnchz/deutsche-bahn-data/tree/main,5,1,/PabloSnchz/deutsche-bahn-data/blob/main/fetch_data.py,4,3,/PabloSnchz/deutsche-bahn-data/blob/main/alternative_station_name_to_station_name.json,3,1,/PabloSnchz/deutsche-bahn-data/blob/main/data/2024-07-01/0370014_fchg_00.xml,3,1,/PabloSnchz/deutsche-bahn-data/blob/main/data/2024-07-01/08002549_fchg_00.xml,2,1
2025-02-10,/PabloSnchz/deutsche-bahn-data,27,17,/PabloSnchz/deutsche-bahn-data/tree/main/data,10,3,/PabloSnchz/deutsche-bahn-data/tree/main/data/2024-07-01,8,2,/PabloSnchz/deutsche-bahn-data/blob/main/create_monthly_data_release.py,6,2,/PabloSnchz/deutsche-bahn-data/tree/main/monthly_data_releases,6,2,/PabloSnchz/deutsche-bahn-data/tree/main,5,1,/PabloSnchz/deutsche-bahn-data/blob/main/fetch_data.py,4,3,/PabloSnchz/deutsche-bahn-data/blob/main/alternative_station_name_to_station_name.json,3,1,/PabloSnchz/deutsche-bahn-data/blob/main/data/2024-07-01/0370014_fchg_00.xml,3,1,/PabloSnchz/deutsche-bahn-data/blob/main/data/2024-07-01/08002549_fchg_00.xml,2,1
2025-02-11,/PabloSnchz/deutsche-bahn-data,28,18,/PabloSnchz/deutsche-bahn-data/tree/main/data,10,3,/PabloSnchz/deutsche-bahn-data/tree/main/data/2024-07-01,8,2,/PabloSnchz/deutsche-bahn-data/tree/main/monthly_data_releases,7,3,/PabloSnchz/deutsche-bahn-data/blob/main/create_monthly_data_release.py,6,2,/PabloSnchz/deutsche-bahn-data/tree/main,5,1,/PabloSnchz/deutsche-bahn-data/blob/main/fetch_data.py,4,3,/PabloSnchz/deutsche-bahn-data/blob/main/alternative_station_name_to_station_name.json,3,1,/PabloSnchz/deutsche-bahn-data/blob/main/data/2024-07-01/0370014_fchg_00.xml,3,1,/PabloSnchz/deutsche-bahn-data/blob/main/data/2024-07-01/08002549_fchg_00.xml,2,1
2025-02-12,/PabloSnchz/deutsche-bahn-data,28,18,/PabloSnchz/deutsche-bahn-data/tree/main/data,10,3,/PabloSnchz/deutsche-bahn-data/tree/main/data/2024-07-01,8,2,/PabloSnchz/deutsche-bahn-data/tree/main/monthly_data_releases,7,3,/PabloSnchz/deutsche-bahn-data/blob/main/create_monthly_data_release.py,6,2,/PabloSnchz/deutsche-bahn-data/tree/main,5,1,/PabloSnchz/deutsche-bahn-data/blob/main/fetch_data.py,4,3,/PabloSnchz/deutsche-bahn-data/blob/main/alternative_station_name_to_station_name.json,3,1,/PabloSnchz/deutsche-bahn-data/blob/main/data/2024-07-01/0370014_fchg_00.xml,3,1,/PabloSnchz/deutsche-bahn-data/blob/main/data/2024-07-01/08002549_fchg_00.xml,2,1
2025-02-13,/PabloSnchz/deutsche-bahn-data,27,18,/PabloSnchz/deutsche-bahn-data/tree/main/data,9,2,/PabloSnchz/deutsche-bahn-data/tree/main/data/2024-07-01,8,2,/PabloSnchz/deutsche-bahn-data/tree/main,8,1,/PabloSnchz/deutsche-bahn-data/tree/main/monthly_data_releases,7,2,/PabloSnchz/deutsche-bahn-data/blob/main/monthly_data_releases/data-2024-08.parquet,6,1,/PabloSnchz/deutsche-bahn-data/blob/main/monthly_data_releases/current_eva_list.csv,5,1,/PabloSnchz/deutsche-bahn-data/blob/main/fetch_data.py,4,2,/PabloSnchz/deutsche-bahn-data/blob/main/create_monthly_data_release.py,4,1,/PabloSnchz/deutsche-bahn-data/blob/main/alternative_station_name_to_station_name.json,3,1
2025-02-14,/PabloSnchz/deutsche-bahn-data,27,18,/PabloSnchz/deutsche-bahn-data/tree/main/data/2024-07-01,8,2,/PabloSnchz/deutsche-bahn-data/tree/main/data,7,2,/PabloSnchz/deutsche-bahn-data/blob/main/monthly_data_releases/data-2024-08.parquet,6,1,/PabloSnchz/deutsche-bahn-data/tree/main,5,1,/PabloSnchz/deutsche-bahn-data/tree/main/monthly_data_releases,4,2,/PabloSnchz/deutsche-bahn-data/blob/main/monthly_data_releases/current_eva_list.csv,4,1,/PabloSnchz/deutsche-bahn-data/blob/main/fetch_data.py,3,2,/PabloSnchz/deutsche-bahn-data/blob/main/data/2024-07-01/0370014_fchg_00.xml,3,1,/PabloSnchz/deutsche-bahn-data/blob/main/monthly_data_releases/data-2024-07.parquet,3,1
2025-02-15,/PabloSnchz/deutsche-bahn-data,22,17,/PabloSnchz/deutsche-bahn-data/tree/main/data/2024-07-01,8,2,/PabloSnchz/deutsche-bahn-data/tree/main/data,7,2,/PabloSnchz/deutsche-bahn-data/blob/main/monthly_data_releases/data-2024-08.parquet,6,1,/PabloSnchz/deutsche-bahn-data/tree/main,5,1,/PabloSnchz/deutsche-bahn-data/tree/main/monthly_data_releases,4,2,/PabloSnchz/deutsche-bahn-data/blob/main/monthly_data_releases/current_eva_list.csv,4,1,/PabloSnchz/deutsche-bahn-data/blob/main/fetch_data.py,3,2,/PabloSnchz/deutsche-bahn-data/blob/main/data/2024-07-01/0370014_fchg_00.xml,3,1,/PabloSnchz/deutsche-bahn-data/blob/main/monthly_data_releases/data-2024-07.parquet,3,1
2025-02-16,/PabloSnchz/deutsche-bahn-data,24,18,/PabloSnchz/deutsche-bahn-data/tree/main/data/2024-07-01,8,2,/PabloSnchz/deutsche-bahn-data/tree/main/data,7,2,/PabloSnchz/deutsche-bahn-data/blob/main/monthly_data_releases/data-2024-08.parquet,6,1,/PabloSnchz/deutsche-bahn-data/tree/main,6,1,/PabloSnchz/deutsche-bahn-data/tree/main/monthly_data_releases,4,2,/PabloSnchz/deutsche-bahn-data/blob/main/monthly_data_releases/current_eva_list.csv,4,1,/PabloSnchz/deutsche-bahn-data/blob/main/fetch_data.py,3,2,/PabloSnchz/deutsche-bahn-data/blob/main/data/2024-07-01/0370014_fchg_00.xml,3,1,/PabloSnchz/deutsche-bahn-data/blob/main/monthly_data_releases/data-2024-07.parquet,3,1
2025-02-17,/PabloSnchz/deutsche-bahn-data,22,18,/PabloSnchz/deutsche-bahn-data/tree/main,9,2,/PabloSnchz/deutsche-bahn-data/tree/main/data,7,3,/PabloSnchz/deutsche-bahn-data/tree/main/data/2024-07-01,7,2,/PabloSnchz/deutsche-bahn-data/blob/main/monthly_data_releases/data-2024-08.parquet,6,1,/PabloSnchz/deutsche-bahn-data/blob/main/data/2024-07-01/0370014_fchg_00.xml,4,2,/PabloSnchz/deutsche-bahn-data/tree/main/monthly_data_releases,4,2,/PabloSnchz/deutsche-bahn-data/blob/main/monthly_data_releases/current_eva_list.csv,4,1,/PabloSnchz/deutsche-bahn-data/blob/main/fetch_data.py,3,2,/PabloSnchz/deutsche-bahn-data/blob/main/monthly_data_releases/data-2024-07.parquet,3,1
2025-02-18,/PabloSnchz/deutsche-bahn-data,24,17,/PabloSnchz/deutsche-bahn-data/tree/main,9,2,/PabloSnchz/deutsche-bahn-data/blob/main/monthly_data_releases/data-2024-08.parquet,6,1,/PabloSnchz/deutsche-bahn-data/tree/main/data,5,3,/PabloSnchz/deutsche-bahn-data/tree/main/data/2024-07-01,5,2,/PabloSnchz/deutsche-bahn-data/tree/main/monthly_data_releases,4,2,/PabloSnchz/deutsche-bahn-data/blob/main/monthly_data_releases/current_eva_list.csv,4,1,/PabloSnchz/deutsche-bahn-data/blob/main/fetch_data.py,3,2,/PabloSnchz/deutsche-bahn-data/blob/main/monthly_data_releases/data-2024-07.parquet,3,1,/PabloSnchz/deutsche-bahn-data/blob/main/data/2024-07-01/0370014_fchg_00.xml,2,2
2025-02-19,/PabloSnchz/deutsche-bahn-data,28,18,/PabloSnchz/deutsche-bahn-data/tree/main,7,2,/PabloSnchz/deutsche-bahn-data/blob/main/monthly_data_releases/data-2024-08.parquet,5,1,/PabloSnchz/deutsche-bahn-data/tree/main/data,3,3,/PabloSnchz/deutsche-bahn-data/blob/main/monthly_data_releases/current_eva_list.csv,3,1,/PabloSnchz/deutsche-bahn-data/blob/main/fetch_data.py,2,2,/PabloSnchz/deutsche-bahn-data/tree/main/monthly_data_releases,2,2,/PabloSnchz/deutsche-bahn-data/blob/main/data/2024-07-01/0370014_fchg_00.xml,1,1,/PabloSnchz/deutsche-bahn-data/blob/main/.github/workflows/monthly_data_release.yml,1,1,/PabloSnchz/deutsche-bahn-data/blob/main/monthly_data_releases/data-2024-07.parquet,1,1
2025-02-20,/PabloSnchz/deutsche-bahn-data,31,21,/PabloSnchz/deutsche-bahn-data/tree/main,7,2,/PabloSnchz/deutsche-bahn-data/blob/main/monthly_data_releases/data-2024-08.parquet,5,1,/PabloSnchz/deutsche-bahn-data/tree/main/data,3,3,/PabloSnchz/deutsche-bahn-data/blob/main/monthly_data_releases/current_eva_list.csv,3,1,/PabloSnchz/deutsche-bahn-data/blob/main/fetch_data.py,2,2,/PabloSnchz/deutsche-bahn-data/tree/main/monthly_data_releases,2,2,/PabloSnchz/deutsche-bahn-data/blob/main/data/2024-07-01/0370014_fchg_00.xml,1,1,/PabloSnchz/deutsche-bahn-data/blob/main/.github/workflows/monthly_data_release.yml,1,1,/PabloSnchz/deutsche-bahn-data/blob/main/monthly_data_releases/data-2024-07.parquet,1,1
2025-02-21,/PabloSnchz/deutsche-bahn-data,31,20,/PabloSnchz/deutsche-bahn-data/tree/main,7,2,/PabloSnchz/deutsche-bahn-data/blob/main/monthly_data_releases/data-2024-08.parquet,5,1,/PabloSnchz/deutsche-bahn-data/tree/main/data,3,3,/PabloSnchz/deutsche-bahn-data/blob/main/monthly_data_releases/current_eva_list.csv,3,1,/PabloSnchz/deutsche-bahn-data/tree/main/monthly_data_releases,2,2,/PabloSnchz/deutsche-bahn-data/blob/main/data/2024-07-01/0370014_fchg_00.xml,1,1,/PabloSnchz/deutsche-bahn-data/blob/main/fetch_data.py,1,1,/PabloSnchz/deutsche-bahn-data/blob/main/.github/workflows/monthly_data_release.yml,1,1,/PabloSnchz/deutsche-bahn-data/blob/main/monthly_data_releases/data-2024-07.parquet,1,1
2025-02-22,/PabloSnchz/deutsche-bahn-data,31,20,/PabloSnchz/deutsche-bahn-data/tree/main,7,2,/PabloSnchz/deutsche-bahn-data/blob/main/monthly_data_releases/data-2024-08.parquet,5,1,/PabloSnchz/deutsche-bahn-data/tree/main/data,3,3,/PabloSnchz/deutsche-bahn-data/blob/main/monthly_data_releases/current_eva_list.csv,3,1,/PabloSnchz/deutsche-bahn-data/tree/main/monthly_data_releases,2,2,/PabloSnchz/deutsche-bahn-data/blob/main/data/2024-07-01/0370014_fchg_00.xml,1,1,/PabloSnchz/deutsche-bahn-data/blob/main/fetch_data.py,1,1,/PabloSnchz/deutsche-bahn-data/blob/main/.github/workflows/monthly_data_release.yml,1,1,/PabloSnchz/deutsche-bahn-data/blob/main/monthly_data_releases/data-2024-07.parquet,1,1
2025-02-23,/PabloSnchz/deutsche-bahn-data,37,21,/PabloSnchz/deutsche-bahn-data/tree/main,7,2,/PabloSnchz/deutsche-bahn-data/tree/main/data,6,4,/PabloSnchz/deutsche-bahn-data/blob/main/monthly_data_releases/data-2024-08.parquet,5,1,/PabloSnchz/deutsche-bahn-data/blob/main/monthly_data_releases/current_eva_list.csv,3,1,/PabloSnchz/deutsche-bahn-data/blob/main/fetch_data.py,2,2,/PabloSnchz/deutsche-bahn-data/tree/main/monthly_data_releases,2,2,/PabloSnchz/deutsche-bahn-data/blob/main/data/2024-09-23/0370014_fchg_12.xml,2,1,/PabloSnchz/deutsche-bahn-data/tree/main/data/2024-09-23,2,1,/PabloSnchz/deutsche-bahn-data/blob/main/data/2024-07-01/0370014_fchg_00.xml,1,1
2025-02-24,/PabloSnchz/deutsche-bahn-data,43,22,/PabloSnchz/deutsche-bahn-data/tree/main,7,2,/PabloSnchz/deutsche-bahn-data/tree/main/data,6,4,/PabloSnchz/deutsche-bahn-data/blob/main/monthly_data_releases/data-2024-08.parquet,5,1,/PabloSnchz/deutsche-bahn-data/blob/main/monthly_data_releases/current_eva_list.csv,3,1,/PabloSnchz/deutsche-bahn-data/blob/main/fetch_data.py,2,2,/PabloSnchz/deutsche-bahn-data/blob/main/data/2024-09-23/0370014_fchg_12.xml,2,1,/PabloSnchz/deutsche-bahn-data/tree/main/data/2024-09-23,2,1,/PabloSnchz/deutsche-bahn-data/blob/main/data/2024-07-01/0370014_fchg_00.xml,1,1,/PabloSnchz/deutsche-bahn-data/blob/main/data/2024-09-23/0370014_fchg_00.xml,1,1
2025-02-25,/PabloSnchz/deutsche-bahn-data,41,22,/PabloSnchz/deutsche-bahn-data/tree/main,7,2,/PabloSnchz/deutsche-bahn-data/tree/main/data,6,4,/PabloSnchz/deutsche-bahn-data/blob/main/monthly_data_releases/current_eva_list.csv,3,1,/PabloSnchz/deutsche-bahn-data/blob/main/fetch_data.py,2,2,/PabloSnchz/deutsche-bahn-data/blob/main/data/2024-09-23/0370014_fchg_12.xml,2,1,/PabloSnchz/deutsche-bahn-data/blob/main/monthly_data_releases/data-2024-08.parquet,2,1,/PabloSnchz/deutsche-bahn-data/tree/main/data/2024-09-23,2,1,/PabloSnchz/deutsche-bahn-data/blob/main/data/2024-07-01/0370014_fchg_00.xml,1,1,/PabloSnchz/deutsche-bahn-data/blob/main/data/2024-09-23/0370014_fchg_00.xml,1,1
2025-02-26,/PabloSnchz/deutsche-bahn-data,42,23,/PabloSnchz/deutsche-bahn-data/tree/main/data,6,4,/PabloSnchz/deutsche-bahn-data/tree/main,5,2,/PabloSnchz/deutsche-bahn-data/blob/main/data/2024-09-23/0370014_fchg_12.xml,2,1,/PabloSnchz/deutsche-bahn-data/tree/main/data/2024-09-23,2,1,/PabloSnchz/deutsche-bahn-data/blob/main/data/2024-07-01/0370014_fchg_00.xml,1,1,/PabloSnchz/deutsche-bahn-data/blob/main/data/2024-09-23/0370014_fchg_00.xml,1,1,/PabloSnchz/deutsche-bahn-data/blob/main/data/2024-09-23/0378258_plan_21.xml,1,1,/PabloSnchz/deutsche-bahn-data/blob/main/data/2025-02-22/08098553_plan_05.xml,1,1,/PabloSnchz/deutsche-bahn-data/blob/main/fetch_data.py,1,1
2025-02-27,/PabloSnchz/deutsche-bahn-data,43,23,/PabloSnchz/deutsche-bahn-data/tree/main/data,7,5,/PabloSnchz/deutsche-bahn-data/tree/main,5,3,/PabloSnchz/deutsche-bahn-data/tree/main/monthly_data_releases,3,1,/PabloSnchz/deutsche-bahn-data/tree/main/data/2024-07-01,2,2,/PabloSnchz/deutsche-bahn-data/blob/main/data/2024-09-23/0370014_fchg_12.xml,2,1,/PabloSnchz/deutsche-bahn-data/blob/main/monthly_data_releases/data-2024-11.parquet,2,1,/PabloSnchz/deutsche-bahn-data/blob/main/monthly_data_releases/data-2025-01.parquet,2,1,/PabloSnchz/deutsche-bahn-data/tree/main/data/2024-09-23,2,1,/PabloSnchz/deutsche-bahn-data/blob/main/data/2024-07-01/0370014_fchg_00.xml,1,1
2025-02-28,/PabloSnchz/deutsche-bahn-data,48,26,/PabloSnchz/deutsche-bahn-data/tree/main/data,7,5,/PabloSnchz/deutsche-bahn-data/tree/main,5,3,/PabloSnchz/deutsche-bahn-data/tree/main/monthly_data_releases,3,1,/PabloSnchz/deutsche-bahn-data/tree/main/data/2024-07-01,2,2,/PabloSnchz/deutsche-bahn-data/blob/main/data/2024-09-23/0370014_fchg_12.xml,2,1,/PabloSnchz/deutsche-bahn-data/blob/main/monthly_data_releases/data-2024-11.parquet,2,1,/PabloSnchz/deutsche-bahn-data/blob/main/monthly_data_releases/data-2025-01.parquet,2,1,/PabloSnchz/deutsche-bahn-data/tree/main/data/2024-09-23,2,1,/PabloSnchz/deutsche-bahn-data/blob/main/data/2024-07-01/0370014_fchg_00.xml,1,1
2025-03-01,/PabloSnchz/deutsche-bahn-data,52,30,/PabloSnchz/deutsche-bahn-data/tree/main/data,7,5,/PabloSnchz/deutsche-bahn-data/tree/main,4,3,/PabloSnchz/deutsche-bahn-data/tree/main/monthly_data_releases,3,1,/PabloSnchz/deutsche-bahn-data/tree/main/data/2024-07-01,2,2,/PabloSnchz/deutsche-bahn-data/blob/main/data/2024-09-23/0370014_fchg_12.xml,2,1,/PabloSnchz/deutsche-bahn-data/blob/main/monthly_data_releases/data-2024-11.parquet,2,1,/PabloSnchz/deutsche-bahn-data/blob/main/monthly_data_releases/data-2025-01.parquet,2,1,/PabloSnchz/deutsche-bahn-data/tree/main/data/2024-09-23,2,1,/PabloSnchz/deutsche-bahn-data/blob/main/data/2024-07-01/0370014_fchg_00.xml,1,1
2025-03-02,/PabloSnchz/deutsche-bahn-data,49,28,/PabloSnchz/deutsche-bahn-data/tree/main/data,5,3,/PabloSnchz/deutsche-bahn-data/tree/main/monthly_data_releases,3,1,/PabloSnchz/deutsche-bahn-data/blob/main/data/2024-09-23/0370014_fchg_12.xml,2,1,/PabloSnchz/deutsche-bahn-data/blob/main/monthly_data_releases/data-2024-11.parquet,2,1,/PabloSnchz/deutsche-bahn-data/blob/main/monthly_data_releases/data-2025-01.parquet,2,1,/PabloSnchz/deutsche-bahn-data/tree/main/data/2024-09-23,2,1,/PabloSnchz/deutsche-bahn-data/blob/main/data/2024-09-23/0370014_fchg_00.xml,1,1,/PabloSnchz/deutsche-bahn-data/blob/main/data/2024-09-23/0378258_plan_21.xml,1,1,/PabloSnchz/deutsche-bahn-data/blob/main/data/2025-02-22/08098553_plan_05.xml,1,1
2025-03-03,/PabloSnchz/deutsche-bahn-data,52,29,/PabloSnchz/deutsche-bahn-data/tree/main/data,6,4,/PabloSnchz/deutsche-bahn-data/tree/main/monthly_data_releases,5,2,/PabloSnchz/deutsche-bahn-data/blob/main/data/2024-09-23/0370014_fchg_12.xml,2,1,/PabloSnchz/deutsche-bahn-data/blob/main/monthly_data_releases/data-2024-11.parquet,2,1,/PabloSnchz/deutsche-bahn-data/blob/main/monthly_data_releases/data-2025-01.parquet,2,1,/PabloSnchz/deutsche-bahn-data/tree/main/data/2024-09-23,2,1,/PabloSnchz/deutsche-bahn-data/blob/main/data/2024-07-06/0370014_plan_20.xml,1,1,/PabloSnchz/deutsche-bahn-data/blob/main/data/2024-09-23/0370014_fchg_00.xml,1,1,/PabloSnchz/deutsche-bahn-data/blob/main/data/2024-09-23/0378258_plan_21.xml,1,1
2025-03-04,/PabloSnchz/deutsche-bahn-data,55,27,/PabloSnchz/deutsche-bahn-data/tree/main/data,9,4,/PabloSnchz/deutsche-bahn-data/tree/main/monthly_data_releases,7,3,/PabloSnchz/deutsche-bahn-data/blob/main/monthly_data_releases/current_eva_list.csv,3,1,/PabloSnchz/deutsche-bahn-data/blob/main/update_eva_list.py,3,1,/PabloSnchz/deutsche-bahn-data/blob/main/fetch_data.py,2,2,/PabloSnchz/deutsche-bahn-data/tree/main,2,2,/PabloSnchz/deutsche-bahn-data/blob/main/create_monthly_data_release.py,2,1,/PabloSnchz/deutsche-bahn-data/blob/main/data/2024-09-23/0370014_fchg_12.xml,2,1,/PabloSnchz/deutsche-bahn-data/blob/main/monthly_data_releases/data-2024-11.parquet,2,1
2025-03-05,/PabloSnchz/deutsche-bahn-data,58,28,/PabloSnchz/deutsche-bahn-data/tree/main/data,10,4,/PabloSnchz/deutsche-bahn-data/tree/main/monthly_data_releases,7,3,/PabloSnchz/deutsche-bahn-data/tree/main,3,2,/PabloSnchz/deutsche-bahn-data/blob/main/monthly_data_releases/current_eva_list.csv,3,1,/PabloSnchz/deutsche-bahn-data/blob/main/update_eva_list.py,3,1,/PabloSnchz/deutsche-bahn-data/blob/main/fetch_data.py,2,2,/PabloSnchz/deutsche-bahn-data/blob/main/create_monthly_data_release.py,2,1,/PabloSnchz/deutsche-bahn-data/blob/main/data/2024-09-23/0370014_fchg_12.xml,2,1,/PabloSnchz/deutsche-bahn-data/blob/main/monthly_data_releases/data-2024-11.parquet,2,1
2025-03-06,/PabloSnchz/deutsche-bahn-data,59,28,/PabloSnchz/deutsche-bahn-data/tree/main/data,11,5,/PabloSnchz/deutsche-bahn-data/tree/main/monthly_data_releases,8,4,/PabloSnchz/deutsche-bahn-data/tree/main,3,2,/PabloSnchz/deutsche-bahn-data/blob/main/monthly_data_releases/current_eva_list.csv,3,1,/PabloSnchz/deutsche-bahn-data/blob/main/update_eva_list.py,3,1,/PabloSnchz/deutsche-bahn-data/blob/main/fetch_data.py,2,2,/PabloSnchz/deutsche-bahn-data/blob/main/create_monthly_data_release.py,2,1,/PabloSnchz/deutsche-bahn-data/blob/main/data/2024-09-23/0370014_fchg_12.xml,2,1,/PabloSnchz/deutsche-bahn-data/blob/main/monthly_data_releases/data-2024-11.parquet,2,1
2025-03-07,/PabloSnchz/deutsche-bahn-data,65,30,/PabloSnchz/deutsche-bahn-data/tree/main/data,12,6,/PabloSnchz/deutsche-bahn-data/tree/main/monthly_data_releases,8,4,/PabloSnchz/deutsche-bahn-data/tree/main,3,2,/PabloSnchz/deutsche-bahn-data/blob/main/monthly_data_releases/current_eva_list.csv,3,1,/PabloSnchz/deutsche-bahn-data/blob/main/update_eva_list.py,3,1,/PabloSnchz/deutsche-bahn-data/blob/main/fetch_data.py,2,2,/PabloSnchz/deutsche-bahn-data/blob/main/create_monthly_data_release.py,2,1,/PabloSnchz/deutsche-bahn-data/blob/main/data/2024-09-23/0370014_fchg_12.xml,2,1,/PabloSnchz/deutsche-bahn-data/blob/main/monthly_data_releases/data-2024-11.parquet,2,1
2025-03-08,/PabloSnchz/deutsche-bahn-data,58,28,/PabloSnchz/deutsche-bahn-data/tree/main/data,9,5,/PabloSnchz/deutsche-bahn-data/tree/main/monthly_data_releases,8,4,/PabloSnchz/deutsche-bahn-data/tree/main,3,2,/PabloSnchz/deutsche-bahn-data/blob/main/monthly_data_releases/current_eva_list.csv,3,1,/PabloSnchz/deutsche-bahn-data/blob/main/update_eva_list.py,3,1,/PabloSnchz/deutsche-bahn-data/blob/main/create_monthly_data_release.py,2,1,/PabloSnchz/deutsche-bahn-data/blob/main/monthly_data_releases/data-2024-11.parquet,2,1,/PabloSnchz/deutsche-bahn-data/blob/main/monthly_data_releases/data-2025-01.parquet,2,1,/PabloSnchz/deutsche-bahn-data/blob/main/data/2024-07-06/0370014_plan_20.xml,1,1
2025-03-09,/PabloSnchz/deutsche-bahn-data,52,27,/PabloSnchz/deutsche-bahn-data/tree/main/data,10,6,/PabloSnchz/deutsche-bahn-data/tree/main/monthly_data_releases,8,4,/PabloSnchz/deutsche-bahn-data/tree/main,3,2,/PabloSnchz/deutsche-bahn-data/blob/main/monthly_data_releases/current_eva_list.csv,3,1,/PabloSnchz/deutsche-bahn-data/blob/main/update_eva_list.py,3,1,/PabloSnchz/deutsche-bahn-data/blob/main/create_monthly_data_release.py,2,1,/PabloSnchz/deutsche-bahn-data/blob/main/monthly_data_releases/data-2024-11.parquet,2,1,/PabloSnchz/deutsche-bahn-data/blob/main/monthly_data_releases/data-2025-01.parquet,2,1,/PabloSnchz/deutsche-bahn-data/blob/main/data/2024-07-06/0370014_plan_20.xml,1,1
2025-03-10,/PabloSnchz/deutsche-bahn-data,53,27,/PabloSnchz/deutsche-bahn-data/tree/main/data,11,7,/PabloSnchz/deutsche-bahn-data/tree/main/monthly_data_releases,11,5,/PabloSnchz/deutsche-bahn-data/blob/main/monthly_data_releases/current_eva_list.csv,7,2,/PabloSnchz/deutsche-bahn-data/blob/main/update_eva_list.py,5,2,/PabloSnchz/deutsche-bahn-data/blob/main/create_monthly_data_release.py,4,2,/PabloSnchz/deutsche-bahn-data/blob/main/monthly_data_releases/data-2025-01.parquet,4,2,/PabloSnchz/deutsche-bahn-data/blob/main/monthly_data_releases/data-2024-07.parquet,3,2,/PabloSnchz/deutsche-bahn-data/blob/main/monthly_data_releases/data-2024-11.parquet,3,2,/PabloSnchz/deutsche-bahn-data/tree/main,3,2
2025-03-11,/PabloSnchz/deutsche-bahn-data,55,27,/PabloSnchz/deutsche-bahn-data/tree/main/data,11,7,/PabloSnchz/deutsche-bahn-data/tree/main/monthly_data_releases,11,5,/PabloSnchz/deutsche-bahn-data/blob/main/monthly_data_releases/current_eva_list.csv,7,2,/PabloSnchz/deutsche-bahn-data/blob/main/update_eva_list.py,5,2,/PabloSnchz/deutsche-bahn-data/blob/main/create_monthly_data_release.py,4,2,/PabloSnchz/deutsche-bahn-data/blob/main/monthly_data_releases/data-2025-01.parquet,4,2,/PabloSnchz/deutsche-bahn-data/blob/main/monthly_data_releases/data-2024-07.parquet,3,2,/PabloSnchz/deutsche-bahn-data/blob/main/monthly_data_releases/data-2024-11.parquet,3,2,/PabloSnchz/deutsche-bahn-data/tree/main,3,2
2025-03-12,/PabloSnchz/deutsche-bahn-data,54,28,/PabloSnchz/deutsche-bahn-data/tree/main/data,10,6,/PabloSnchz/deutsche-bahn-data/tree/main/monthly_data_releases,9,5,/PabloSnchz/deutsche-bahn-data/blob/main/monthly_data_releases/current_eva_list.csv,7,2,/PabloSnchz/deutsche-bahn-data/blob/main/update_eva_list.py,5,2,/PabloSnchz/deutsche-bahn-data/blob/main/monthly_data_releases/data-2024-07.parquet,4,3,/PabloSnchz/deutsche-bahn-data/blob/main/monthly_data_releases/data-2025-02.parquet,4,3,/PabloSnchz/deutsche-bahn-data/blob/main/create_monthly_data_release.py,4,2,/PabloSnchz/deutsche-bahn-data/blob/main/fetch_data.py,3,3,/PabloSnchz/deutsche-bahn-data/blob/main/monthly_data_releases/data-2025-01.parquet,3,2
2025-03-13,/PabloSnchz/deutsche-bahn-data,50,26,/PabloSnchz/deutsche-bahn-data/tree/main/data,12,7,/PabloSnchz/deutsche-bahn-data/tree/main/monthly_data_releases,9,5,/PabloSnchz/deutsche-bahn-data/blob/main/monthly_data_releases/current_eva_list.csv,7,2,/PabloSnchz/deutsche-bahn-data/blob/main/monthly_data_releases/data-2025-02.parquet,5,3,/PabloSnchz/deutsche-bahn-data/blob/main/update_eva_list.py,5,2,/PabloSnchz/deutsche-bahn-data/blob/main/monthly_data_releases/data-2024-07.parquet,4,3,/PabloSnchz/deutsche-bahn-data/blob/main/create_monthly_data_release.py,4,2,/PabloSnchz/deutsche-bahn-data/blob/main/fetch_data.py,3,3,/PabloSnchz/deutsche-bahn-data/blob/main/monthly_data_releases/data-2025-01.parquet,3,2
2025-03-14,/PabloSnchz/deutsche-bahn-data,44,21,/PabloSnchz/deutsche-bahn-data/tree/main/data,12,7,/PabloSnchz/deutsche-bahn-data/tree/main/monthly_data_releases,9,5,/PabloSnchz/deutsche-bahn-data/blob/main/monthly_data_releases/data-2025-02.parquet,7,3,/PabloSnchz/deutsche-bahn-data/blob/main/monthly_data_releases/current_eva_list.csv,7,2,/PabloSnchz/deutsche-bahn-data/blob/main/update_eva_list.py,5,2,/PabloSnchz/deutsche-bahn-data/blob/main/monthly_data_releases/data-2024-07.parquet,4,3,/PabloSnchz/deutsche-bahn-data/blob/main/create_monthly_data_release.py,4,2,/PabloSnchz/deutsche-bahn-data/blob/main/fetch_data.py,3,3,/PabloSnchz/deutsche-bahn-data/blob/main/monthly_data_releases/data-2025-01.parquet,3,2
2025-03-15,/PabloSnchz/deutsche-bahn-data,45,22,/PabloSnchz/deutsche-bahn-data/tree/main/data,14,8,/PabloSnchz/deutsche-bahn-data/tree/main/monthly_data_releases,9,5,/PabloSnchz/deutsche-bahn-data/blob/main/monthly_data_releases/data-2025-02.parquet,7,3,/PabloSnchz/deutsche-bahn-data/blob/main/monthly_data_releases/current_eva_list.csv,7,2,/PabloSnchz/deutsche-bahn-data/blob/main/update_eva_list.py,5,2,/PabloSnchz/deutsche-bahn-data/blob/main/monthly_data_releases/data-2024-07.parquet,4,3,/PabloSnchz/deutsche-bahn-data/blob/main/create_monthly_data_release.py,4,2,/PabloSnchz/deutsche-bahn-data/blob/main/fetch_data.py,3,3,/PabloSnchz/deutsche-bahn-data/blob/main/monthly_data_releases/data-2025-01.parquet,3,2
2025-03-16,/PabloSnchz/deutsche-bahn-data,40,22,/PabloSnchz/deutsche-bahn-data/tree/main/data,14,9,/PabloSnchz/deutsche-bahn-data/tree/main/monthly_data_releases,7,5,/PabloSnchz/deutsche-bahn-data/blob/main/monthly_data_releases/current_eva_list.csv,7,2,/PabloSnchz/deutsche-bahn-data/blob/main/monthly_data_releases/data-2025-02.parquet,6,2,/PabloSnchz/deutsche-bahn-data/blob/main/fetch_data.py,4,4,/PabloSnchz/deutsche-bahn-data/blob/main/monthly_data_releases/data-2024-07.parquet,4,3,/PabloSnchz/deutsche-bahn-data/blob/main/create_monthly_data_release.py,4,2,/PabloSnchz/deutsche-bahn-data/blob/main/update_eva_list.py,4,2,/PabloSnchz/deutsche-bahn-data/blob/main/monthly_data_releases/data-2025-01.parquet,3,2
2025-03-17,/PabloSnchz/deutsche-bahn-data,34,24,/PabloSnchz/deutsche-bahn-data/tree/main/data,10,8,/PabloSnchz/deutsche-bahn-data/blob/main/monthly_data_releases/data-2025-02.parquet,6,2,/PabloSnchz/deutsche-bahn-data/tree/main/monthly_data_releases,5,3,/PabloSnchz/deutsche-bahn-data/blob/main/monthly_data_releases/current_eva_list.csv,4,1,/PabloSnchz/deutsche-bahn-data/blob/main/fetch_data.py,3,3,/PabloSnchz/deutsche-bahn-data/blob/main/monthly_data_releases/data-2024-07.parquet,3,2,/PabloSnchz/deutsche-bahn-data/blob/main/monthly_data_releases/data-2025-01.parquet,3,2,/PabloSnchz/deutsche-bahn-data/blob/main/README.md,3,1,/PabloSnchz/deutsche-bahn-data/blob/main/alternative_station_name_to_station_name.json,2,2
2025-03-18,/PabloSnchz/deutsche-bahn-data,30,21,/PabloSnchz/deutsche-bahn-data/tree/main/data,12,10,/PabloSnchz/deutsche-bahn-data/blob/main/monthly_data_releases/data-2025-02.parquet,8,2,/PabloSnchz/deutsche-bahn-data/tree/main/monthly_data_releases,5,3,/PabloSnchz/deutsche-bahn-data/blob/main/monthly_data_releases/current_eva_list.csv,4,1,/PabloSnchz/deutsche-bahn-data/blob/main/fetch_data.py,3,3,/PabloSnchz/deutsche-bahn-data/blob/main/monthly_data_releases/data-2024-07.parquet,3,2,/PabloSnchz/deutsche-bahn-data/blob/main/monthly_data_releases/data-2025-01.parquet,3,2,/PabloSnchz/deutsche-bahn-data/blob/main/README.md,3,1,/PabloSnchz/deutsche-bahn-data/blob/main/alternative_station_name_to_station_name.json,2,2
2025-03-19,/PabloSnchz/deutsche-bahn-data,36,24,/PabloSnchz/deutsche-bahn-data/tree/main/data,16,10,/PabloSnchz/deutsche-bahn-data/tree/main/monthly_data_releases,11,4,/PabloSnchz/deutsche-bahn-data/blob/main/monthly_data_releases/data-2025-02.parquet,10,3,/PabloSnchz/deutsche-bahn-data/blob/main/monthly_data_releases/data-2024-07.parquet,9,4,/PabloSnchz/deutsche-bahn-data/blob/main/monthly_data_releases/current_eva_list.csv,6,2,/PabloSnchz/deutsche-bahn-data/blob/main/alternative_station_name_to_station_name.json,4,4,/PabloSnchz/deutsche-bahn-data/blob/main/fetch_data.py,4,4,/PabloSnchz/deutsche-bahn-data/blob/main/monthly_data_releases/data-2024-08.parquet,4,3,/PabloSnchz/deutsche-bahn-data/tree/main/data/2024-07-01,4,2
2025-03-20,/PabloSnchz/deutsche-bahn-data,42,23,/PabloSnchz/deutsche-bahn-data/tree/main/data,17,9,/PabloSnchz/deutsche-bahn-data/tree/main/monthly_data_releases,11,4,/PabloSnchz/deutsche-bahn-data/blob/main/monthly_data_releases/data-2025-02.parquet,10,3,/PabloSnchz/deutsche-bahn-data/blob/main/monthly_data_releases/data-2024-07.parquet,9,4,/PabloSnchz/deutsche-bahn-data/blob/main/monthly_data_releases/current_eva_list.csv,6,2,/PabloSnchz/deutsche-bahn-data/blob/main/alternative_station_name_to_station_name.json,4,4,/PabloSnchz/deutsche-bahn-data/blob/main/fetch_data.py,4,4,/PabloSnchz/deutsche-bahn-data/blob/main/monthly_data_releases/data-2024-08.parquet,4,3,/PabloSnchz/deutsche-bahn-data/tree/main/data/2024-07-01,4,2
2025-03-21,/PabloSnchz/deutsche-bahn-data,43,23,/PabloSnchz/deutsche-bahn-data/tree/main/data,17,9,/PabloSnchz/deutsche-bahn-data/tree/main/monthly_data_releases,11,4,/PabloSnchz/deutsche-bahn-data/blob/main/monthly_data_releases/data-2025-02.parquet,10,3,/PabloSnchz/deutsche-bahn-data/blob/main/monthly_data_releases/data-2024-07.parquet,9,4,/PabloSnchz/deutsche-bahn-data/blob/main/monthly_data_releases/current_eva_list.csv,6,2,/PabloSnchz/deutsche-bahn-data/blob/main/fetch_data.py,5,5,/PabloSnchz/deutsche-bahn-data/blob/main/alternative_station_name_to_station_name.json,4,4,/PabloSnchz/deutsche-bahn-data/blob/main/monthly_data_releases/data-2024-08.parquet,4,3,/PabloSnchz/deutsche-bahn-data/tree/main/data/2024-07-01,4,2
2025-03-22,/PabloSnchz/deutsche-bahn-data,46,24,/PabloSnchz/deutsche-bahn-data/tree/main/data,19,8,/PabloSnchz/deutsche-bahn-data/tree/main/monthly_data_releases,12,4,/PabloSnchz/deutsche-bahn-data/blob/main/monthly_data_releases/data-2025-02.parquet,11,3,/PabloSnchz/deutsche-bahn-data/blob/main/monthly_data_releases/data-2024-07.parquet,10,4,/PabloSnchz/deutsche-bahn-data/blob/main/fetch_data.py,7,5,/PabloSnchz/deutsche-bahn-data/blob/main/monthly_data_releases/data-2024-08.parquet,7,3,/PabloSnchz/deutsche-bahn-data/blob/main/monthly_data_releases/current_eva_list.csv,6,2,/PabloSnchz/deutsche-bahn-data/tree/main/data/2024-07-01,6,2,/PabloSnchz/deutsche-bahn-data/blob/main/create_monthly_data_release.py,5,3
2025-03-23,/PabloSnchz/deutsche-bahn-data,55,25,/PabloSnchz/deutsche-bahn-data/tree/main/data,21,9,/PabloSnchz/deutsche-bahn-data/tree/main/monthly_data_releases,10,4,/PabloSnchz/deutsche-bahn-data/blob/main/monthly_data_releases/data-2025-02.parquet,10,2,/PabloSnchz/deutsche-bahn-data/blob/main/monthly_data_releases/data-2024-07.parquet,8,3,/PabloSnchz/deutsche-bahn-data/tree/main/data/2024-07-01,8,3,/PabloSnchz/deutsche-bahn-data/blob/main/fetch_data.py,7,5,/PabloSnchz/deutsche-bahn-data/blob/main/monthly_data_releases/data-2024-08.parquet,6,2,/PabloSnchz/deutsche-bahn-data/blob/main/data/2024-07-01/0370014_fchg_00.xml,4,2,/PabloSnchz/deutsche-bahn-data/blob/main/alternative_station_name_to_station_name.json,3,3
2025-03-24,/PabloSnchz/deutsche-bahn-data,54,24,/PabloSnchz/deutsche-bahn-data/tree/main/data,22,10,/PabloSnchz/deutsche-bahn-data/tree/main/monthly_data_releases,10,4,/PabloSnchz/deutsche-bahn-data/blob/main/monthly_data_releases/data-2025-02.parquet,10,2,/PabloSnchz/deutsche-bahn-data/blob/main/monthly_data_releases/data-2024-07.parquet,8,3,/PabloSnchz/deutsche-bahn-data/tree/main/data/2024-07-01,8,3,/PabloSnchz/deutsche-bahn-data/blob/main/fetch_data.py,6,4,/PabloSnchz/deutsche-bahn-data/blob/main/monthly_data_releases/data-2024-08.parquet,6,2,/PabloSnchz/deutsche-bahn-data/blob/main/data/2024-07-01/0370014_fchg_00.xml,4,2,/PabloSnchz/deutsche-bahn-data/blob/main/alternative_station_name_to_station_name.json,3,3
2025-03-25,/PabloSnchz/deutsche-bahn-data,52,23,/PabloSnchz/deutsche-bahn-data/tree/main/data,22,10,/PabloSnchz/deutsche-bahn-data/tree/main/monthly_data_releases,9,4,/PabloSnchz/deutsche-bahn-data/tree/main/data/2024-07-01,8,3,/PabloSnchz/deutsche-bahn-data/blob/main/monthly_data_releases/data-2025-02.parquet,8,2,/PabloSnchz/deutsche-bahn-data/blob/main/monthly_data_releases/data-2024-07.parquet,7,2,/PabloSnchz/deutsche-bahn-data/blob/main/fetch_data.py,5,3,/PabloSnchz/deutsche-bahn-data/blob/main/monthly_data_releases/data-2024-08.parquet,5,1,/PabloSnchz/deutsche-bahn-data/blob/main/data/2024-07-01/0370014_fchg_00.xml,4,2,/PabloSnchz/deutsche-bahn-data/blob/main/alternative_station_name_to_station_name.json,3,3
2025-03-26,/PabloSnchz/deutsche-bahn-data,56,23,/PabloSnchz/deutsche-bahn-data/tree/main/data,26,11,/PabloSnchz/deutsche-bahn-data/tree/main/monthly_data_releases,13,5,/PabloSnchz/deutsche-bahn-data/tree/main/data/2024-07-01,9,4,/PabloSnchz/deutsche-bahn-data/blob/main/monthly_data_releases/data-2024-07.parquet,9,3,/PabloSnchz/deutsche-bahn-data/blob/main/monthly_data_releases/data-2025-02.parquet,7,2,/PabloSnchz/deutsche-bahn-data/blob/main/fetch_data.py,6,4,/PabloSnchz/deutsche-bahn-data/blob/main/monthly_data_releases/data-2024-08.parquet,6,2,/PabloSnchz/deutsche-bahn-data/tree/main/.github/workflows,5,4,/PabloSnchz/deutsche-bahn-data/blob/main/.github/workflows/monthly_data_release.yml,5,3
2025-03-27,/PabloSnchz/deutsche-bahn-data,58,24,/PabloSnchz/deutsche-bahn-data/tree/main/data,26,11,/PabloSnchz/deutsche-bahn-data/tree/main/monthly_data_releases,15,5,/PabloSnchz/deutsche-bahn-data/blob/main/monthly_data_releases/data-2024-07.parquet,10,3,/PabloSnchz/deutsche-bahn-data/tree/main/data/2024-07-01,9,4,/PabloSnchz/deutsche-bahn-data/blob/main/fetch_data.py,6,4,/PabloSnchz/deutsche-bahn-data/blob/main/monthly_data_releases/data-2024-08.parquet,6,2,/PabloSnchz/deutsche-bahn-data/tree/main/.github/workflows,5,4,/PabloSnchz/deutsche-bahn-data/blob/main/.github/workflows/monthly_data_release.yml,5,3,/PabloSnchz/deutsche-bahn-data/blob/main/monthly_data_releases/data-2025-02.parquet,5,2
2025-03-28,/PabloSnchz/deutsche-bahn-data,60,26,/PabloSnchz/deutsche-bahn-data/tree/main/data,26,10,/PabloSnchz/deutsche-bahn-data/tree/main/monthly_data_releases,15,5,/PabloSnchz/deutsche-bahn-data/blob/main/monthly_data_releases/data-2024-07.parquet,11,4,/PabloSnchz/deutsche-bahn-data/tree/main/data/2024-07-01,10,4,/PabloSnchz/deutsche-bahn-data/blob/main/fetch_data.py,8,5,/PabloSnchz/deutsche-bahn-data/blob/main/create_monthly_data_release.py,8,4,/PabloSnchz/deutsche-bahn-data/blob/main/monthly_data_releases/data-2024-08.parquet,7,3,/PabloSnchz/deutsche-bahn-data/blob/main/README.md,6,3,/PabloSnchz/deutsche-bahn-data/blob/main/data/2024-07-01/0370014_fchg_00.xml,6,2
2025-03-29,/PabloSnchz/deutsche-bahn-data,62,26,/PabloSnchz/deutsche-bahn-data/tree/main/data,25,9,/PabloSnchz/deutsche-bahn-data/tree/main/monthly_data_releases,15,5,/PabloSnchz/deutsche-bahn-data/blob/main/monthly_data_releases/data-2024-07.parquet,11,4,/PabloSnchz/deutsche-bahn-data/tree/main/data/2024-07-01,10,4,/PabloSnchz/deutsche-bahn-data/blob/main/create_monthly_data_release.py,8,4,/PabloSnchz/deutsche-bahn-data/blob/main/fetch_data.py,7,4,/PabloSnchz/deutsche-bahn-data/blob/main/monthly_data_releases/data-2024-08.parquet,7,3,/PabloSnchz/deutsche-bahn-data/blob/main/.github/workflows/monthly_data_release.yml,6,3,/PabloSnchz/deutsche-bahn-data/blob/main/README.md,6,3
2025-03-30,/PabloSnchz/deutsche-bahn-data,60,24,/PabloSnchz/deutsche-bahn-data/tree/main/data,25,9,/PabloSnchz/deutsche-bahn-data/tree/main/monthly_data_releases,15,5,/PabloSnchz/deutsche-bahn-data/blob/main/monthly_data_releases/data-2024-07.parquet,11,4,/PabloSnchz/deutsche-bahn-data/tree/main/data/2024-07-01,10,4,/PabloSnchz/deutsche-bahn-data/blob/main/create_monthly_data_release.py,8,4,/PabloSnchz/deutsche-bahn-data/blob/main/fetch_data.py,7,4,/PabloSnchz/deutsche-bahn-data/blob/main/monthly_data_releases/data-2024-08.parquet,7,3,/PabloSnchz/deutsche-bahn-data/blob/main/.github/workflows/monthly_data_release.yml,6,3,/PabloSnchz/deutsche-bahn-data/blob/main/README.md,6,3
2025-03-31,/PabloSnchz/deutsche-bahn-data,58,23,/PabloSnchz/deutsche-bahn-data/tree/main/data,22,7,/PabloSnchz/deutsche-bahn-data/tree/main/monthly_data_releases,15,5,/PabloSnchz/deutsche-bahn-data/blob/main/monthly_data_releases/data-2024-07.parquet,11,4,/PabloSnchz/deutsche-bahn-data/tree/main/data/2024-07-01,10,4,/PabloSnchz/deutsche-bahn-data/blob/main/create_monthly_data_release.py,8,4,/PabloSnchz/deutsche-bahn-data/blob/main/fetch_data.py,7,4,/PabloSnchz/deutsche-bahn-data/blob/main/.github/workflows/monthly_data_release.yml,7,3,/PabloSnchz/deutsche-bahn-data/blob/main/monthly_data_releases/data-2024-08.parquet,7,3,/PabloSnchz/deutsche-bahn-data/blob/main/README.md,6,3
2025-04-01,/PabloSnchz/deutsche-bahn-data,50,20,/PabloSnchz/deutsche-bahn-data/tree/main/data,17,7,/PabloSnchz/deutsche-bahn-data/blob/main/create_monthly_data_release.py,8,4,/PabloSnchz/deutsche-bahn-data/tree/main/data/2024-07-01,8,4,/PabloSnchz/deutsche-bahn-data/tree/main/monthly_data_releases,8,3,/PabloSnchz/deutsche-bahn-data/blob/main/.github/workflows/monthly_data_release.yml,7,3,/PabloSnchz/deutsche-bahn-data/blob/main/fetch_data.py,6,4,/PabloSnchz/deutsche-bahn-data/blob/main/README.md,6,3,/PabloSnchz/deutsche-bahn-data/blob/main/data/2024-07-01/0370014_fchg_00.xml,6,2,/PabloSnchz/deutsche-bahn-data/blob/main/monthly_data_releases/data-2024-07.parquet,5,3
2025-04-02,/PabloSnchz/deutsche-bahn-data,40,20,/PabloSnchz/deutsche-bahn-data/tree/main/data,15,6,/PabloSnchz/deutsche-bahn-data/blob/main/create_monthly_data_release.py,8,4,/PabloSnchz/deutsche-bahn-data/tree/main/data/2024-07-01,8,4,/PabloSnchz/deutsche-bahn-data/tree/main/monthly_data_releases,8,3,/PabloSnchz/deutsche-bahn-data/blob/main/fetch_data.py,6,4,/PabloSnchz/deutsche-bahn-data/blob/main/README.md,6,3,/PabloSnchz/deutsche-bahn-data/blob/main/data/2024-07-01/0370014_fchg_00.xml,6,2,/PabloSnchz/deutsche-bahn-data/blob/main/.github/workflows/monthly_data_release.yml,6,2,/PabloSnchz/deutsche-bahn-data/blob/main/monthly_data_releases/data-2024-07.parquet,5,3
2025-04-03,/PabloSnchz/deutsche-bahn-data,43,23,/PabloSnchz/deutsche-bahn-data/tree/main/data,18,8,/PabloSnchz/deutsche-bahn-data/blob/main/create_monthly_data_release.py,11,6,/PabloSnchz/deutsche-bahn-data/tree/main/data/2024-07-01,9,5,/PabloSnchz/deutsche-bahn-data/tree/main/monthly_data_releases,9,4,/PabloSnchz/deutsche-bahn-data/blob/main/fetch_data.py,8,5,/PabloSnchz/deutsche-bahn-data/blob/main/alternative_station_name_to_station_name.json,8,3,/PabloSnchz/deutsche-bahn-data/blob/main/README.md,7,4,/PabloSnchz/deutsche-bahn-data/blob/main/.github/workflows/monthly_data_release.yml,7,2,/PabloSnchz/deutsche-bahn-data/blob/main/requirements_fetch_data.txt,6,3
2025-04-04,/PabloSnchz/deutsche-bahn-data,44,26,/PabloSnchz/deutsche-bahn-data/tree/main/data,18,10,/PabloSnchz/deutsche-bahn-data/tree/main/data/2024-07-01,8,5,/PabloSnchz/deutsche-bahn-data/blob/main/create_monthly_data_release.py,8,4,/PabloSnchz/deutsche-bahn-data/blob/main/alternative_station_name_to_station_name.json,8,3,/PabloSnchz/deutsche-bahn-data/tree/main/monthly_data_releases,8,3,/PabloSnchz/deutsche-bahn-data/blob/main/fetch_data.py,6,4,/PabloSnchz/deutsche-bahn-data/blob/main/README.md,6,3,/PabloSnchz/deutsche-bahn-data/blob/main/requirements_fetch_data.txt,6,3,/PabloSnchz/deutsche-bahn-data/blob/main/.github/workflows/monthly_data_release.yml,6,2
2025-04-05,/PabloSnchz/deutsche-bahn-data,37,24,/PabloSnchz/deutsche-bahn-data/tree/main/data,22,11,/PabloSnchz/deutsche-bahn-data/blob/main/create_monthly_data_release.py,9,5,/PabloSnchz/deutsche-bahn-data/blob/main/fetch_data.py,8,5,/PabloSnchz/deutsche-bahn-data/blob/main/alternative_station_name_to_station_name.json,8,3,/PabloSnchz/deutsche-bahn-data/tree/main/monthly_data_releases,8,3,/PabloSnchz/deutsche-bahn-data/tree/main/data/2024-07-01,7,5,/PabloSnchz/deutsche-bahn-data/blob/main/update_eva_list.py,6,4,/PabloSnchz/deutsche-bahn-data/tree/main,6,4,/PabloSnchz/deutsche-bahn-data/blob/main/README.md,6,3
2025-04-06,/PabloSnchz/deutsche-bahn-data,35,22,/PabloSnchz/deutsche-bahn-data/tree/main/data,21,10,/PabloSnchz/deutsche-bahn-data/blob/main/create_monthly_data_release.py,9,5,/PabloSnchz/deutsche-bahn-data/blob/main/fetch_data.py,8,5,/PabloSnchz/deutsche-bahn-data/blob/main/alternative_station_name_to_station_name.json,8,3,/PabloSnchz/deutsche-bahn-data/tree/main/monthly_data_releases,8,3,/PabloSnchz/deutsche-bahn-data/tree/main/data/2024-07-01,7,5,/PabloSnchz/deutsche-bahn-data/blob/main/update_eva_list.py,6,4,/PabloSnchz/deutsche-bahn-data/tree/main,6,4,/PabloSnchz/deutsche-bahn-data/blob/main/README.md,6,3
2025-04-07,/PabloSnchz/deutsche-bahn-data,34,21,/PabloSnchz/deutsche-bahn-data/tree/main/data,21,10,/PabloSnchz/deutsche-bahn-data/blob/main/create_monthly_data_release.py,9,5,/PabloSnchz/deutsche-bahn-data/blob/main/fetch_data.py,8,5,/PabloSnchz/deutsche-bahn-data/blob/main/alternative_station_name_to_station_name.json,8,3,/PabloSnchz/deutsche-bahn-data/tree/main/monthly_data_releases,8,3,/PabloSnchz/deutsche-bahn-data/tree/main/data/2024-07-01,7,5,/PabloSnchz/deutsche-bahn-data/blob/main/update_eva_list.py,6,4,/PabloSnchz/deutsche-bahn-data/tree/main,6,4,/PabloSnchz/deutsche-bahn-data/blob/main/README.md,6,3
2025-04-08,/PabloSnchz/deutsche-bahn-data,31,24,/PabloSnchz/deutsche-bahn-data/tree/main/data,16,10,/PabloSnchz/deutsche-bahn-data/blob/main/create_monthly_data_release.py,8,4,/PabloSnchz/deutsche-bahn-data/blob/main/alternative_station_name_to_station_name.json,8,3,/PabloSnchz/deutsche-bahn-data/blob/main/fetch_data.py,7,4,/PabloSnchz/deutsche-bahn-data/blob/main/update_eva_list.py,6,4,/PabloSnchz/deutsche-bahn-data/blob/main/requirements_fetch_data.txt,6,3,/PabloSnchz/deutsche-bahn-data/blob/main/pyproject.toml,5,3,/PabloSnchz/deutsche-bahn-data/tree/main,5,3,/PabloSnchz/deutsche-bahn-data/tree/main/data/2024-07-01,4,4
2025-04-09,/PabloSnchz/deutsche-bahn-data,29,22,/PabloSnchz/deutsche-bahn-data/tree/main/data,16,10,/PabloSnchz/deutsche-bahn-data/blob/main/create_monthly_data_release.py,8,4,/PabloSnchz/deutsche-bahn-data/blob/main/alternative_station_name_to_station_name.json,8,3,/PabloSnchz/deutsche-bahn-data/blob/main/fetch_data.py,7,4,/PabloSnchz/deutsche-bahn-data/blob/main/update_eva_list.py,6,4,/PabloSnchz/deutsche-bahn-data/blob/main/requirements_fetch_data.txt,6,3,/PabloSnchz/deutsche-bahn-data/blob/main/pyproject.toml,5,3,/PabloSnchz/deutsche-bahn-data/tree/main,5,3,/PabloSnchz/deutsche-bahn-data/tree/main/data/2024-07-01,4,4
2025-04-10,/PabloSnchz/deutsche-bahn-data,29,22,/PabloSnchz/deutsche-bahn-data/tree/main/data,15,10,/PabloSnchz/deutsche-bahn-data/blob/main/alternative_station_name_to_station_name.json,6,2,/PabloSnchz/deutsche-bahn-data/blob/main/fetch_data.py,5,3,/PabloSnchz/deutsche-bahn-data/tree/main,5,3,/PabloSnchz/deutsche-bahn-data/tree/main/data/2024-07-01,4,4,/PabloSnchz/deutsche-bahn-data/blob/main/create_monthly_data_release.py,4,3,/PabloSnchz/deutsche-bahn-data/blob/main/.github/workflows/monthly_data_release.yml,4,1,/PabloSnchz/deutsche-bahn-data/blob/main/update_eva_list.py,3,3,/PabloSnchz/deutsche-bahn-data/tree/main/data/2025-04-03,3,3
2025-04-11,/PabloSnchz/deutsche-bahn-data,42,25,/PabloSnchz/deutsche-bahn-data/tree/main/data,19,13,/PabloSnchz/deutsche-bahn-data/tree/main,6,4,/PabloSnchz/deutsche-bahn-data/blob/main/alternative_station_name_to_station_name.json,6,2,/PabloSnchz/deutsche-bahn-data/blob/main/fetch_data.py,5,3,/PabloSnchz/deutsche-bahn-data/tree/main/data/2024-07-01,4,4,/PabloSnchz/deutsche-bahn-data/blob/main/create_monthly_data_release.py,4,3,/PabloSnchz/deutsche-bahn-data/blob/main/update_eva_list.py,3,3,/PabloSnchz/deutsche-bahn-data/tree/main/data/2025-04-03,3,3,/PabloSnchz/deutsche-bahn-data/tree/main/monthly_data_releases,3,3
2025-04-12,/PabloSnchz/deutsche-bahn-data,47,28,/PabloSnchz/deutsche-bahn-data/tree/main/data,20,14,/PabloSnchz/deutsche-bahn-data/tree/main,6,4,/PabloSnchz/deutsche-bahn-data/blob/main/alternative_station_name_to_station_name.json,6,2,/PabloSnchz/deutsche-bahn-data/blob/main/create_monthly_data_release.py,5,4,/PabloSnchz/deutsche-bahn-data/blob/main/fetch_data.py,5,3,/PabloSnchz/deutsche-bahn-data/tree/main/data/2024-07-01,4,4,/PabloSnchz/deutsche-bahn-data/blob/main/update_eva_list.py,3,3,/PabloSnchz/deutsche-bahn-data/tree/main/data/2025-04-03,3,3,/PabloSnchz/deutsche-bahn-data/tree/main/monthly_data_releases,3,3
2025-04-13,/PabloSnchz/deutsche-bahn-data,49,30,/PabloSnchz/deutsche-bahn-data/tree/main/data,21,15,/PabloSnchz/deutsche-bahn-data/tree/main,7,5,/PabloSnchz/deutsche-bahn-data/blob/main/alternative_station_name_to_station_name.json,6,2,/PabloSnchz/deutsche-bahn-data/tree/main/data/2024-07-01,5,5,/PabloSnchz/deutsche-bahn-data/blob/main/create_monthly_data_release.py,5,4,/PabloSnchz/deutsche-bahn-data/blob/main/fetch_data.py,5,3,/PabloSnchz/deutsche-bahn-data/blob/main/update_eva_list.py,3,3,/PabloSnchz/deutsche-bahn-data/tree/main/data/2025-04-03,3,3,/PabloSnchz/deutsche-bahn-data/tree/main/monthly_data_releases,3,3
2025-04-14,/PabloSnchz/deutsche-bahn-data,50,31,/PabloSnchz/deutsche-bahn-data/tree/main/data,21,15,/PabloSnchz/deutsche-bahn-data/tree/main,7,5,/PabloSnchz/deutsche-bahn-data/blob/main/alternative_station_name_to_station_name.json,6,2,/PabloSnchz/deutsche-bahn-data/tree/main/data/2024-07-01,5,5,/PabloSnchz/deutsche-bahn-data/blob/main/create_monthly_data_release.py,5,4,/PabloSnchz/deutsche-bahn-data/blob/main/fetch_data.py,5,3,/PabloSnchz/deutsche-bahn-data/blob/main/update_eva_list.py,3,3,/PabloSnchz/deutsche-bahn-data/tree/main/data/2025-04-03,3,3,/PabloSnchz/deutsche-bahn-data/tree/main/monthly_data_releases,3,3
2025-04-15,/PabloSnchz/deutsche-bahn-data,57,31,/PabloSnchz/deutsche-bahn-data/tree/main/data,21,15,/PabloSnchz/deutsche-bahn-data/tree/main,7,5,/PabloSnchz/deutsche-bahn-data/blob/main/update_eva_list.py,6,4,/PabloSnchz/deutsche-bahn-data/blob/main/alternative_station_name_to_station_name.json,6,2,/PabloSnchz/deutsche-bahn-data/tree/main/data/2024-07-01,5,5,/PabloSnchz/deutsche-bahn-data/blob/main/create_monthly_data_release.py,5,4,/PabloSnchz/deutsche-bahn-data/blob/main/fetch_data.py,5,3,/PabloSnchz/deutsche-bahn-data/tree/main/data/2025-04-03,3,3,/PabloSnchz/deutsche-bahn-data/tree/main/monthly_data_releases,3,3
2025-04-16,/PabloSnchz/deutsche-bahn-data,62,35,/PabloSnchz/deutsche-bahn-data/tree/main/data,19,14,/PabloSnchz/deutsche-bahn-data/tree/main,7,5,/PabloSnchz/deutsche-bahn-data/tree/main/data/2024-07-01,4,4,/PabloSnchz/deutsche-bahn-data/blob/main/update_eva_list.py,4,2,/PabloSnchz/deutsche-bahn-data/blob/main/create_monthly_data_release.py,3,3,/PabloSnchz/deutsche-bahn-data/tree/main/data/2025-04-03,3,3,/PabloSnchz/deutsche-bahn-data/blob/main/fetch_data.py,3,2,/PabloSnchz/deutsche-bahn-data/blob/main/data/2024-07-01/0370014_fchg_00.xml,2,2,/PabloSnchz/deutsche-bahn-data/tree/main/data/2025-04-09,2,2
2025-04-17,/PabloSnchz/deutsche-bahn-data,64,36,/PabloSnchz/deutsche-bahn-data/tree/main/data,18,13,/PabloSnchz/deutsche-bahn-data/tree/main,7,5,/PabloSnchz/deutsche-bahn-data/blob/main/update_eva_list.py,4,2,/PabloSnchz/deutsche-bahn-data/blob/main/create_monthly_data_release.py,3,3,/PabloSnchz/deutsche-bahn-data/tree/main/data/2024-07-01,3,3,/PabloSnchz/deutsche-bahn-data/blob/main/fetch_data.py,3,2,/PabloSnchz/deutsche-bahn-data/blob/main/data/2024-07-01/0370014_fchg_00.xml,2,2,/PabloSnchz/deutsche-bahn-data/tree/main/data/2025-04-09,2,2,/PabloSnchz/deutsche-bahn-data/tree/main/monthly_data_releases,2,2
2025-04-18,/PabloSnchz/deutsche-bahn-data,66,37,/PabloSnchz/deutsche-bahn-data/tree/main/data,12,11,/PabloSnchz/deutsche-bahn-data/blob/main/update_eva_list.py,3,1,/PabloSnchz/deutsche-bahn-data/blob/main/create_monthly_data_release.py,2,2,/PabloSnchz/deutsche-bahn-data/tree/main,2,2,/PabloSnchz/deutsche-bahn-data/tree/main/data/2024-07-01,2,2,/PabloSnchz/deutsche-bahn-data/tree/main/data/2025-04-09,2,2,/PabloSnchz/deutsche-bahn-data/blame/main/update_eva_list.py,2,1,/PabloSnchz/deutsche-bahn-data/blob/main/README.md,2,1,/PabloSnchz/deutsche-bahn-data/issues,2,1
2025-04-19,/PabloSnchz/deutsche-bahn-data,67,38,/PabloSnchz/deutsche-bahn-data/tree/main/data,12,11,/PabloSnchz/deutsche-bahn-data/blob/main/update_eva_list.py,3,1,/PabloSnchz/deutsche-bahn-data/blob/main/create_monthly_data_release.py,2,2,/PabloSnchz/deutsche-bahn-data/tree/main,2,2,/PabloSnchz/deutsche-bahn-data/tree/main/data/2024-07-01,2,2,/PabloSnchz/deutsche-bahn-data/tree/main/data/2025-04-09,2,2,/PabloSnchz/deutsche-bahn-data/blame/main/update_eva_list.py,2,1,/PabloSnchz/deutsche-bahn-data/blob/main/README.md,2,1,/PabloSnchz/deutsche-bahn-data/issues,2,1
2025-04-20,/PabloSnchz/deutsche-bahn-data,67,38,/PabloSnchz/deutsche-bahn-data/tree/main/data,12,11,/PabloSnchz/deutsche-bahn-data/blob/main/update_eva_list.py,3,1,/PabloSnchz/deutsche-bahn-data/blob/main/create_monthly_data_release.py,2,2,/PabloSnchz/deutsche-bahn-data/tree/main,2,2,/PabloSnchz/deutsche-bahn-data/tree/main/data/2024-07-01,2,2,/PabloSnchz/deutsche-bahn-data/tree/main/data/2025-04-09,2,2,/PabloSnchz/deutsche-bahn-data/blame/main/update_eva_list.py,2,1,/PabloSnchz/deutsche-bahn-data/blob/main/README.md,2,1,/PabloSnchz/deutsche-bahn-data/issues,2,1
2025-04-21,/PabloSnchz/deutsche-bahn-data,66,37,/PabloSnchz/deutsche-bahn-data/tree/main/data,12,11,/PabloSnchz/deutsche-bahn-data/blob/main/update_eva_list.py,3,1,/PabloSnchz/deutsche-bahn-data/blob/main/create_monthly_data_release.py,2,2,/PabloSnchz/deutsche-bahn-data/tree/main,2,2,/PabloSnchz/deutsche-bahn-data/tree/main/data/2024-07-01,2,2,/PabloSnchz/deutsche-bahn-data/tree/main/data/2025-04-09,2,2,/PabloSnchz/deutsche-bahn-data/blame/main/update_eva_list.py,2,1,/PabloSnchz/deutsche-bahn-data/blob/main/README.md,2,1,/PabloSnchz/deutsche-bahn-data/issues,2,1
2025-04-22,/PabloSnchz/deutsche-bahn-data,69,39,/PabloSnchz/deutsche-bahn-data/tree/main/data,14,12,/PabloSnchz/deutsche-bahn-data/tree/main/data/2024-07-01,3,3,/PabloSnchz/deutsche-bahn-data/tree/main/monthly_data_releases,3,3,/PabloSnchz/deutsche-bahn-data/blob/main/README.md,3,2,/PabloSnchz/deutsche-bahn-data/blob/main/update_eva_list.py,3,1,/PabloSnchz/deutsche-bahn-data/blob/main/create_monthly_data_release.py,2,2,/PabloSnchz/deutsche-bahn-data/blob/main/data/2024-07-01/0370014_fchg_00.xml,2,2,/PabloSnchz/deutsche-bahn-data/blob/main/monthly_data_releases/data-2025-03.parquet,2,2,/PabloSnchz/deutsche-bahn-data/tree/main,2,2
2025-04-23,/PabloSnchz/deutsche-bahn-data,66,35,/PabloSnchz/deutsche-bahn-data/tree/main/data,14,12,/PabloSnchz/deutsche-bahn-data/tree/main/monthly_data_releases,7,4,/PabloSnchz/deutsche-bahn-data/blob/main/fetch_data.py,7,2,/PabloSnchz/deutsche-bahn-data/tree/main,6,3,/PabloSnchz/deutsche-bahn-data/blob/main/README.md,5,3,/PabloSnchz/deutsche-bahn-data/blob/main/requirements.txt,5,2,/PabloSnchz/deutsche-bahn-data/blob/main/update_eva_list.py,5,2,/PabloSnchz/deutsche-bahn-data/blob/main/create_monthly_data_release.py,3,3,/PabloSnchz/deutsche-bahn-data/blob/main/alternative_station_name_to_station_name.json,3,2
2025-04-24,/PabloSnchz/deutsche-bahn-data,56,36,/PabloSnchz/deutsche-bahn-data/tree/main/data,12,10,/PabloSnchz/deutsche-bahn-data/tree/main/monthly_data_releases,9,6,/PabloSnchz/deutsche-bahn-data/blob/main/fetch_data.py,8,3,/PabloSnchz/deutsche-bahn-data/blob/main/README.md,7,4,/PabloSnchz/deutsche-bahn-data/tree/main,7,3,/PabloSnchz/deutsche-bahn-data/blob/main/requirements.txt,6,3,/PabloSnchz/deutsche-bahn-data/blob/main/update_eva_list.py,6,3,/PabloSnchz/deutsche-bahn-data/tree/main/data/2024-07-01,5,4,/PabloSnchz/deutsche-bahn-data/blob/main/create_monthly_data_release.py,4,4
2025-04-25,/PabloSnchz/deutsche-bahn-data,59,37,/PabloSnchz/deutsche-bahn-data/tree/main/data,12,9,/PabloSnchz/deutsche-bahn-data/tree/main/monthly_data_releases,10,6,/PabloSnchz/deutsche-bahn-data/blob/main/fetch_data.py,10,3,/PabloSnchz/deutsche-bahn-data/tree/main,9,3,/PabloSnchz/deutsche-bahn-data/blob/main/requirements.txt,6,3,/PabloSnchz/deutsche-bahn-data/blob/main/update_eva_list.py,6,3,/PabloSnchz/deutsche-bahn-data/tree/main/data/2024-07-01,5,4,/PabloSnchz/deutsche-bahn-data/blob/main/README.md,5,3,/PabloSnchz/deutsche-bahn-data/blob/main/data/2024-07-01/0370014_fchg_00.xml,4,4
2025-04-26,/PabloSnchz/deutsche-bahn-data,66,40,/PabloSnchz/deutsche-bahn-data/tree/main/data,14,10,/PabloSnchz/deutsche-bahn-data/tree/main/monthly_data_releases,11,6,/PabloSnchz/deutsche-bahn-data/tree/main,11,3,/PabloSnchz/deutsche-bahn-data/blob/main/fetch_data.py,10,3,/PabloSnchz/deutsche-bahn-data/blob/main/requirements.txt,6,3,/PabloSnchz/deutsche-bahn-data/blob/main/update_eva_list.py,6,3,/PabloSnchz/deutsche-bahn-data/blob/main/README.md,5,3,/PabloSnchz/deutsche-bahn-data/tree/main/data/2024-07-01,4,3,/PabloSnchz/deutsche-bahn-data/pulls,4,2
2025-04-27,/PabloSnchz/deutsche-bahn-data,68,39,/PabloSnchz/deutsche-bahn-data/tree/main/data,14,10,/PabloSnchz/deutsche-bahn-data/tree/main/monthly_data_releases,12,7,/PabloSnchz/deutsche-bahn-data/tree/main,11,3,/PabloSnchz/deutsche-bahn-data/blob/main/fetch_data.py,10,3,/PabloSnchz/deutsche-bahn-data/blob/main/requirements.txt,6,3,/PabloSnchz/deutsche-bahn-data/blob/main/update_eva_list.py,6,3,/PabloSnchz/deutsche-bahn-data/blob/main/README.md,5,3,/PabloSnchz/deutsche-bahn-data/branches,4,3,/PabloSnchz/deutsche-bahn-data/tree/main/data/2024-07-01,4,3
2025-04-28,/PabloSnchz/deutsche-bahn-data,80,43,/PabloSnchz/deutsche-bahn-data/tree/main/data,29,13,/PabloSnchz/deutsche-bahn-data/tree/main/monthly_data_releases,27,11,/PabloSnchz/deutsche-bahn-data/blob/main/fetch_data.py,17,5,/PabloSnchz/deutsche-bahn-data/tree/main,15,6,/PabloSnchz/deutsche-bahn-data/blob/main/requirements.txt,12,5,/PabloSnchz/deutsche-bahn-data/blob/main/README.md,11,5,/PabloSnchz/deutsche-bahn-data/blob/main/monthly_data_releases/data-2025-03.parquet,10,5,/PabloSnchz/deutsche-bahn-data/tree/main/data/2024-07-01,7,6,/PabloSnchz/deutsche-bahn-data/blob/main/create_monthly_data_release.py,6,5
2025-04-29,/PabloSnchz/deutsche-bahn-data,74,39,/PabloSnchz/deutsche-bahn-data/tree/main/data,29,13,/PabloSnchz/deutsche-bahn-data/tree/main/monthly_data_releases,27,11,/PabloSnchz/deutsche-bahn-data/tree/main,17,6,/PabloSnchz/deutsche-bahn-data/blob/main/fetch_data.py,16,4,/PabloSnchz/deutsche-bahn-data/blob/main/requirements.txt,12,5,/PabloSnchz/deutsche-bahn-data/blob/main/README.md,11,5,/PabloSnchz/deutsche-bahn-data/blob/main/monthly_data_releases/data-2025-03.parquet,10,5,/PabloSnchz/deutsche-bahn-data/tree/main/data/2024-07-01,8,7,/PabloSnchz/deutsche-bahn-data/blob/main/data/2024-07-01/0370014_fchg_00.xml,6,6
2025-04-30,/PabloSnchz/deutsche-bahn-data,95,38,/PabloSnchz/deutsche-bahn-data/tree/main/data,33,13,/PabloSnchz/deutsche-bahn-data/tree/main/monthly_data_releases,30,13,/PabloSnchz/deutsche-bahn-data/tree/main,18,6,/PabloSnchz/deutsche-bahn-data/blob/main/fetch_data.py,17,5,/PabloSnchz/deutsche-bahn-data/blob/main/requirements.txt,12,5,/PabloSnchz/deutsche-bahn-data/blob/main/monthly_data_releases/data-2025-03.parquet,11,6,/PabloSnchz/deutsche-bahn-data/blob/main/README.md,11,5,/PabloSnchz/deutsche-bahn-data/tree/main/data/2024-07-01,10,8,/PabloSnchz/deutsche-bahn-data/pulls,9,5
2025-05-01,/PabloSnchz/deutsche-bahn-data,94,34,/PabloSnchz/deutsche-bahn-data/tree/main/data,32,12,/PabloSnchz/deutsche-bahn-data/tree/main/monthly_data_releases,30,13,/PabloSnchz/deutsche-bahn-data/tree/main,18,6,/PabloSnchz/deutsche-bahn-data/blob/main/fetch_data.py,17,5,/PabloSnchz/deutsche-bahn-data/blob/main/requirements.txt,12,5,/PabloSnchz/deutsche-bahn-data/blob/main/monthly_data_releases/data-2025-03.parquet,11,6,/PabloSnchz/deutsche-bahn-data/blob/main/README.md,11,5,/PabloSnchz/deutsche-bahn-data/tree/main/data/2024-07-01,10,8,/PabloSnchz/deutsche-bahn-data/pulls,9,5
2025-05-02,/PabloSnchz/deutsche-bahn-data,102,37,/PabloSnchz/deutsche-bahn-data/tree/main/data,38,17,/PabloSnchz/deutsche-bahn-data/tree/main/monthly_data_releases,31,14,/PabloSnchz/deutsche-bahn-data/tree/main,27,11,/PabloSnchz/deutsche-bahn-data/blob/main/fetch_data.py,17,5,/PabloSnchz/deutsche-bahn-data/blob/main/requirements.txt,12,5,/PabloSnchz/deutsche-bahn-data/tree/main/data/2024-07-01,11,9,/PabloSnchz/deutsche-bahn-data/blob/main/monthly_data_releases/data-2025-03.parquet,11,6,/PabloSnchz/deutsche-bahn-data/blob/main/README.md,11,5,/PabloSnchz/deutsche-bahn-data/pulls,9,5
2025-05-03,/PabloSnchz/deutsche-bahn-data,114,43,/PabloSnchz/deutsche-bahn-data/tree/main/data,48,22,/PabloSnchz/deutsche-bahn-data/tree/main,39,14,/PabloSnchz/deutsche-bahn-data/tree/main/monthly_data_releases,34,16,/PabloSnchz/deutsche-bahn-data/blob/main/fetch_data.py,20,6,/PabloSnchz/deutsche-bahn-data/blob/main/requirements.txt,13,6,/PabloSnchz/deutsche-bahn-data/tree/main/data/2024-07-01,11,9,/PabloSnchz/deutsche-bahn-data/blob/main/monthly_data_releases/data-2025-03.parquet,11,6,/PabloSnchz/deutsche-bahn-data/blob/main/README.md,11,5,/PabloSnchz/deutsche-bahn-data/blob/main/create_monthly_data_release.py,10,6
2025-05-04,/PabloSnchz/deutsche-bahn-data,113,42,/PabloSnchz/deutsche-bahn-data/tree/main/data,47,21,/PabloSnchz/deutsche-bahn-data/tree/main,39,14,/PabloSnchz/deutsche-bahn-data/tree/main/monthly_data_releases,34,16,/PabloSnchz/deutsche-bahn-data/blob/main/fetch_data.py,20,6,/PabloSnchz/deutsche-bahn-data/blob/main/requirements.txt,13,6,/PabloSnchz/deutsche-bahn-data/tree/main/data/2024-07-01,11,9,/PabloSnchz/deutsche-bahn-data/blob/main/monthly_data_releases/data-2025-03.parquet,11,6,/PabloSnchz/deutsche-bahn-data/blob/main/README.md,11,5,/PabloSnchz/deutsche-bahn-data/blob/main/create_monthly_data_release.py,10,6
2025-05-05,/PabloSnchz/deutsche-bahn-data,112,40,/PabloSnchz/deutsche-bahn-data/tree/main/data,47,20,/PabloSnchz/deutsche-bahn-data/tree/main,39,14,/PabloSnchz/deutsche-bahn-data/tree/main/monthly_data_releases,34,14,/PabloSnchz/deutsche-bahn-data/blob/main/fetch_data.py,22,6,/PabloSnchz/deutsche-bahn-data/blob/main/requirements.txt,14,6,/PabloSnchz/deutsche-bahn-data/blob/main/README.md,13,4,/PabloSnchz/deutsche-bahn-data/blob/main/create_monthly_data_release.py,12,7,/PabloSnchz/deutsche-bahn-data/tree/main/data/2024-07-01,10,8,/PabloSnchz/deutsche-bahn-data/tree/main/.github/workflows,10,6
2025-05-06,/PabloSnchz/deutsche-bahn-data,117,42,/PabloSnchz/deutsche-bahn-data/tree/main/data,58,23,/PabloSnchz/deutsche-bahn-data/tree/main,54,17,/PabloSnchz/deutsche-bahn-data/tree/main/monthly_data_releases,48,18,/PabloSnchz/deutsche-bahn-data/blob/main/fetch_data.py,22,8,/PabloSnchz/deutsche-bahn-data/blob/main/create_monthly_data_release.py,16,8,/PabloSnchz/deutsche-bahn-data/blob/main/requirements.txt,13,6,/PabloSnchz/deutsche-bahn-data/tree/main/.github/workflows,12,7,/PabloSnchz/deutsche-bahn-data/blob/main/monthly_data_releases/current_eva_list.csv,12,6,/PabloSnchz/deutsche-bahn-data/blob/main/README.md,12,4
2025-05-07,/PabloSnchz/deutsche-bahn-data,120,44,/PabloSnchz/deutsche-bahn-data/tree/main/data,61,24,/PabloSnchz/deutsche-bahn-data/tree/main,60,17,/PabloSnchz/deutsche-bahn-data/tree/main/monthly_data_releases,52,17,/PabloSnchz/deutsche-bahn-data/blob/main/fetch_data.py,23,7,/PabloSnchz/deutsche-bahn-data/blob/main/create_monthly_data_release.py,19,7,/PabloSnchz/deutsche-bahn-data/tree/main/.github/workflows,17,7,/PabloSnchz/deutsche-bahn-data/blob/main/monthly_data_releases/current_eva_list.csv,13,7,/PabloSnchz/deutsche-bahn-data/blob/main/README.md,12,5,/PabloSnchz/deutsche-bahn-data/blob/main/requirements.txt,12,5
2025-05-08,/PabloSnchz/deutsche-bahn-data,115,41,/PabloSnchz/deutsche-bahn-data/tree/main/data,60,23,/PabloSnchz/deutsche-bahn-data/tree/main,58,17,/PabloSnchz/deutsche-bahn-data/tree/main/monthly_data_releases,51,16,/PabloSnchz/deutsche-bahn-data/blob/main/fetch_data.py,21,6,/PabloSnchz/deutsche-bahn-data/blob/main/create_monthly_data_release.py,19,7,/PabloSnchz/deutsche-bahn-data/tree/main/.github/workflows,17,7,/PabloSnchz/deutsche-bahn-data/blob/main/monthly_data_releases/current_eva_list.csv,13,7,/PabloSnchz/deutsche-bahn-data/blob/main/README.md,12,5,/PabloSnchz/deutsche-bahn-data/blob/main/requirements.txt,12,5
2025-05-09,/PabloSnchz/deutsche-bahn-data,112,40,/PabloSnchz/deutsche-bahn-data/tree/main/data,57,23,/PabloSnchz/deutsche-bahn-data/tree/main,57,16,/PabloSnchz/deutsche-bahn-data/tree/main/monthly_data_releases,51,15,/PabloSnchz/deutsche-bahn-data/blob/main/fetch_data.py,22,6,/PabloSnchz/deutsche-bahn-data/blob/main/create_monthly_data_release.py,20,7,/PabloSnchz/deutsche-bahn-data/tree/main/.github/workflows,18,6,/PabloSnchz/deutsche-bahn-data/blob/main/monthly_data_releases/current_eva_list.csv,13,7,/PabloSnchz/deutsche-bahn-data/blob/main/README.md,12,5,/PabloSnchz/deutsche-bahn-data/blob/main/requirements.txt,12,5
2025-05-10,/PabloSnchz/deutsche-bahn-data,111,40,/PabloSnchz/deutsche-bahn-data/tree/main/data,57,23,/PabloSnchz/deutsche-bahn-data/tree/main,57,16,/PabloSnchz/deutsche-bahn-data/tree/main/monthly_data_releases,51,14,/PabloSnchz/deutsche-bahn-data/blob/main/fetch_data.py,22,6,/PabloSnchz/deutsche-bahn-data/blob/main/create_monthly_data_release.py,20,7,/PabloSnchz/deutsche-bahn-data/tree/main/.github/workflows,18,6,/PabloSnchz/deutsche-bahn-data/blob/main/monthly_data_releases/current_eva_list.csv,13,7,/PabloSnchz/deutsche-bahn-data/blob/main/README.md,12,5,/PabloSnchz/deutsche-bahn-data/blob/main/requirements.txt,12,5
2025-05-11,/PabloSnchz/deutsche-bahn-data,93,37,/PabloSnchz/deutsche-bahn-data/tree/main,55,14,/PabloSnchz/deutsche-bahn-data/tree/main/data,43,21,/PabloSnchz/deutsche-bahn-data/tree/main/monthly_data_releases,37,13,/PabloSnchz/deutsche-bahn-data/tree/main/.github/workflows,19,5,/PabloSnchz/deutsche-bahn-data/blob/main/create_monthly_data_release.py,17,5,/PabloSnchz/deutsche-bahn-data/blob/main/fetch_data.py,16,5,/PabloSnchz/deutsche-bahn-data/blob/main/monthly_data_releases/current_eva_list.csv,11,6,/PabloSnchz/deutsche-bahn-data/blob/main/update_eva_list.py,8,3,/PabloSnchz/deutsche-bahn-data/blob/main/monthly_data_releases/data-2024-07.parquet,7,4
2025-05-12,/PabloSnchz/deutsche-bahn-data,104,39,/PabloSnchz/deutsche-bahn-data/tree/main,59,14,/PabloSnchz/deutsche-bahn-data/tree/main/data,44,22,/PabloSnchz/deutsche-bahn-data/tree/main/monthly_data_releases,41,15,/PabloSnchz/deutsche-bahn-data/tree/main/.github/workflows,25,5,/PabloSnchz/deutsche-bahn-data/blob/main/create_monthly_data_release.py,20,5,/PabloSnchz/deutsche-bahn-data/blob/main/fetch_data.py,18,5,/PabloSnchz/deutsche-bahn-data/blob/main/monthly_data_releases/current_eva_list.csv,11,6,/PabloSnchz/deutsche-bahn-data/blob/main/update_eva_list.py,10,3,/PabloSnchz/deutsche-bahn-data/blob/main/monthly_data_releases/data-2024-07.parquet,8,5
2025-05-13,/PabloSnchz/deutsche-bahn-data,84,38,/PabloSnchz/deutsche-bahn-data/tree/main,64,15,/PabloSnchz/deutsche-bahn-data/tree/main/data,48,21,/PabloSnchz/deutsche-bahn-data/tree/main/monthly_data_releases,45,15,/PabloSnchz/deutsche-bahn-data/tree/main/.github/workflows,29,6,/PabloSnchz/deutsche-bahn-data/blob/main/create_monthly_data_release.py,21,6,/PabloSnchz/deutsche-bahn-data/blob/main/fetch_data.py,19,6,/PabloSnchz/deutsche-bahn-data/blob/main/monthly_data_releases/current_eva_list.csv,12,7,/PabloSnchz/deutsche-bahn-data/blob/main/update_eva_list.py,11,3,/PabloSnchz/deutsche-bahn-data/blob/main/alternative_station_name_to_station_name.json,9,5
2025-05-14,/PabloSnchz/deutsche-bahn-data,82,36,/PabloSnchz/deutsche-bahn-data/tree/main,64,15,/PabloSnchz/deutsche-bahn-data/tree/main/data,48,21,/PabloSnchz/deutsche-bahn-data/tree/main/monthly_data_releases,46,15,/PabloSnchz/deutsche-bahn-data/tree/main/.github/workflows,29,5,/PabloSnchz/deutsche-bahn-data/blob/main/create_monthly_data_release.py,22,6,/PabloSnchz/deutsche-bahn-data/blob/main/fetch_data.py,19,6,/PabloSnchz/deutsche-bahn-data/blob/main/monthly_data_releases/current_eva_list.csv,12,7,/PabloSnchz/deutsche-bahn-data/blob/main/update_eva_list.py,11,3,/PabloSnchz/deutsche-bahn-data/blob/main/monthly_data_releases/data-2025-04.parquet,8,6
2025-05-15,/PabloSnchz/deutsche-bahn-data,80,35,/PabloSnchz/deutsche-bahn-data/tree/main,60,10,/PabloSnchz/deutsche-bahn-data/tree/main/monthly_data_releases,50,14,/PabloSnchz/deutsche-bahn-data/tree/main/data,44,17,/PabloSnchz/deutsche-bahn-data/tree/main/.github/workflows,35,5,/PabloSnchz/deutsche-bahn-data/blob/main/create_monthly_data_release.py,22,5,/PabloSnchz/deutsche-bahn-data/blob/main/fetch_data.py,20,6,/PabloSnchz/deutsche-bahn-data/blob/main/monthly_data_releases/current_eva_list.csv,12,7,/PabloSnchz/deutsche-bahn-data/blob/main/update_eva_list.py,11,3,/PabloSnchz/deutsche-bahn-data/blob/main/monthly_data_releases/data-2025-04.parquet,10,6
2025-05-16,/PabloSnchz/deutsche-bahn-data,80,32,/PabloSnchz/deutsche-bahn-data/tree/main/monthly_data_releases,59,16,/PabloSnchz/deutsche-bahn-data/tree/main,56,8,/PabloSnchz/deutsche-bahn-data/tree/main/data,46,16,/PabloSnchz/deutsche-bahn-data/tree/main/.github/workflows,34,4,/PabloSnchz/deutsche-bahn-data/blob/main/fetch_data.py,19,6,/PabloSnchz/deutsche-bahn-data/blob/main/create_monthly_data_release.py,19,5,/PabloSnchz/deutsche-bahn-data/blob/main/monthly_data_releases/current_eva_list.csv,14,7,/PabloSnchz/deutsche-bahn-data/blob/main/update_eva_list.py,11,3,/PabloSnchz/deutsche-bahn-data/blob/main/README.md,9,7
2025-05-17,/PabloSnchz/deutsche-bahn-data,80,32,/PabloSnchz/deutsche-bahn-data/tree/main/monthly_data_releases,62,16,/PabloSnchz/deutsche-bahn-data/tree/main,59,8,/PabloSnchz/deutsche-bahn-data/tree/main/data,48,17,/PabloSnchz/deutsche-bahn-data/tree/main/.github/workflows,34,4,/PabloSnchz/deutsche-bahn-data/blob/main/fetch_data.py,19,6,/PabloSnchz/deutsche-bahn-data/blob/main/create_monthly_data_release.py,19,5,/PabloSnchz/deutsche-bahn-data/blob/main/monthly_data_releases/current_eva_list.csv,14,7,/PabloSnchz/deutsche-bahn-data/blob/main/update_eva_list.py,12,4,/PabloSnchz/deutsche-bahn-data/blob/main/monthly_data_releases/data-2025-04.parquet,11,6
2025-05-18,/PabloSnchz/deutsche-bahn-data,82,34,/PabloSnchz/deutsche-bahn-data/tree/main/monthly_data_releases,60,15,/PabloSnchz/deutsche-bahn-data/tree/main,59,8,/PabloSnchz/deutsche-bahn-data/tree/main/data,46,16,/PabloSnchz/deutsche-bahn-data/tree/main/.github/workflows,32,3,/PabloSnchz/deutsche-bahn-data/blob/main/fetch_data.py,17,5,/PabloSnchz/deutsche-bahn-data/blob/main/create_monthly_data_release.py,17,4,/PabloSnchz/deutsche-bahn-data/blob/main/monthly_data_releases/current_eva_list.csv,13,6,/PabloSnchz/deutsche-bahn-data/blob/main/monthly_data_releases/data-2025-04.parquet,11,6,/PabloSnchz/deutsche-bahn-data/blob/main/update_eva_list.py,10,3
2025-05-19,/PabloSnchz/deutsche-bahn-data,81,30,/PabloSnchz/deutsche-bahn-data/tree/main/monthly_data_releases,42,11,/PabloSnchz/deutsche-bahn-data/tree/main,40,6,/PabloSnchz/deutsche-bahn-data/tree/main/data,34,13,/PabloSnchz/deutsche-bahn-data/tree/main/.github/workflows,31,3,/PabloSnchz/deutsche-bahn-data/blob/main/fetch_data.py,12,5,/PabloSnchz/deutsche-bahn-data/blob/main/create_monthly_data_release.py,12,3,/PabloSnchz/deutsche-bahn-data/blob/main/monthly_data_releases/data-2025-04.parquet,9,5,/PabloSnchz/deutsche-bahn-data/blob/main/monthly_data_releases/current_eva_list.csv,8,4,/PabloSnchz/deutsche-bahn-data/blob/main/README.md,6,6
2025-05-20,/PabloSnchz/deutsche-bahn-data,78,29,/PabloSnchz/deutsche-bahn-data/tree/main/monthly_data_releases,38,10,/PabloSnchz/deutsche-bahn-data/tree/main,33,6,/PabloSnchz/deutsche-bahn-data/tree/main/data,32,14,/PabloSnchz/deutsche-bahn-data/tree/main/.github/workflows,29,3,/PabloSnchz/deutsche-bahn-data/blob/main/fetch_data.py,11,5,/PabloSnchz/deutsche-bahn-data/blob/main/monthly_data_releases/data-2025-04.parquet,9,5,/PabloSnchz/deutsche-bahn-data/blob/main/create_monthly_data_release.py,9,4,/PabloSnchz/deutsche-bahn-data/blob/main/monthly_data_releases/current_eva_list.csv,7,3,/PabloSnchz/deutsche-bahn-data/blob/main/update_eva_list.py,6,2
2025-05-21,/PabloSnchz/deutsche-bahn-data,77,31,/PabloSnchz/deutsche-bahn-data/tree/main/monthly_data_releases,38,10,/PabloSnchz/deutsche-bahn-data/tree/main,33,6,/PabloSnchz/deutsche-bahn-data/tree/main/data,32,14,/PabloSnchz/deutsche-bahn-data/tree/main/.github/workflows,29,3,/PabloSnchz/deutsche-bahn-data/blob/main/fetch_data.py,11,5,/PabloSnchz/deutsche-bahn-data/blob/main/monthly_data_releases/data-2025-04.parquet,9,5,/PabloSnchz/deutsche-bahn-data/blob/main/create_monthly_data_release.py,9,4,/PabloSnchz/deutsche-bahn-data/blob/main/monthly_data_releases/current_eva_list.csv,7,3,/PabloSnchz/deutsche-bahn-data/blob/main/update_eva_list.py,6,2
2025-05-22,/PabloSnchz/deutsche-bahn-data,76,33,/PabloSnchz/deutsche-bahn-data/tree/main/monthly_data_releases,40,11,/PabloSnchz/deutsche-bahn-data/tree/main/data,33,15,/PabloSnchz/deutsche-bahn-data/tree/main,31,6,/PabloSnchz/deutsche-bahn-data/tree/main/.github/workflows,27,3,/PabloSnchz/deutsche-bahn-data/blob/main/monthly_data_releases/data-2025-04.parquet,10,6,/PabloSnchz/deutsche-bahn-data/blob/main/fetch_data.py,10,5,/PabloSnchz/deutsche-bahn-data/blob/main/create_monthly_data_release.py,8,4,/PabloSnchz/deutsche-bahn-data/blob/main/monthly_data_releases/current_eva_list.csv,7,3,/PabloSnchz/deutsche-bahn-data/blob/main/update_eva_list.py,6,2
2025-05-23,/PabloSnchz/deutsche-bahn-data,77,36,/PabloSnchz/deutsche-bahn-data/tree/main/monthly_data_releases,41,11,/PabloSnchz/deutsche-bahn-data/tree/main,37,7,/PabloSnchz/deutsche-bahn-data/tree/main/data,36,16,/PabloSnchz/deutsche-bahn-data/tree/main/.github/workflows,27,3,/PabloSnchz/deutsche-bahn-data/blob/main/fetch_data.py,10,5,/PabloSnchz/deutsche-bahn-data/blob/main/monthly_data_releases/data-2025-04.parquet,9,6,/PabloSnchz/deutsche-bahn-data/blob/main/create_monthly_data_release.py,8,4,/PabloSnchz/deutsche-bahn-data/blob/main/monthly_data_releases/current_eva_list.csv,8,3,/PabloSnchz/deutsche-bahn-data/blob/main/update_eva_list.py,6,2
2025-05-24,/PabloSnchz/deutsche-bahn-data,75,36,/PabloSnchz/deutsche-bahn-data/tree/main/monthly_data_releases,40,11,/PabloSnchz/deutsche-bahn-data/tree/main/data,35,16,/PabloSnchz/deutsche-bahn-data/tree/main,35,7,/PabloSnchz/deutsche-bahn-data/tree/main/.github/workflows,24,3,/PabloSnchz/deutsche-bahn-data/blob/main/monthly_data_releases/data-2025-04.parquet,9,6,/PabloSnchz/deutsche-bahn-data/blob/main/fetch_data.py,9,5,/PabloSnchz/deutsche-bahn-data/blob/main/create_monthly_data_release.py,8,4,/PabloSnchz/deutsche-bahn-data/blob/main/monthly_data_releases/current_eva_list.csv,8,3,/PabloSnchz/deutsche-bahn-data/blob/main/alternative_station_name_to_station_name.json,5,4
2025-05-25,/PabloSnchz/deutsche-bahn-data,64,36,/PabloSnchz/deutsche-bahn-data/tree/main/monthly_data_releases,38,10,/PabloSnchz/deutsche-bahn-data/tree/main/data,35,16,/PabloSnchz/deutsche-bahn-data/tree/main,29,7,/PabloSnchz/deutsche-bahn-data/tree/main/.github/workflows,18,3,/PabloSnchz/deutsche-bahn-data/blob/main/monthly_data_releases/current_eva_list.csv,10,4,/PabloSnchz/deutsche-bahn-data/blob/main/monthly_data_releases/data-2025-04.parquet,9,7,/PabloSnchz/deutsche-bahn-data/blob/main/fetch_data.py,9,6,/PabloSnchz/deutsche-bahn-data/blob/main/create_monthly_data_release.py,6,5,/PabloSnchz/deutsche-bahn-data/tree/main/data/2024-07-01,6,5
2025-05-26,/PabloSnchz/deutsche-bahn-data,61,35,/PabloSnchz/deutsche-bahn-data/tree/main/monthly_data_releases,33,10,/PabloSnchz/deutsche-bahn-data/tree/main/data,26,13,/PabloSnchz/deutsche-bahn-data/tree/main,23,5,/PabloSnchz/deutsche-bahn-data/tree/main/.github/workflows,14,3,/PabloSnchz/deutsche-bahn-data/blob/main/monthly_data_releases/data-2025-04.parquet,10,8,/PabloSnchz/deutsche-bahn-data/blob/main/fetch_data.py,8,5,/PabloSnchz/deutsche-bahn-data/blob/main/monthly_data_releases/current_eva_list.csv,7,2,/PabloSnchz/deutsche-bahn-data/blob/main/create_monthly_data_release.py,5,4,/PabloSnchz/deutsche-bahn-data/tree/main/data/2024-07-01,5,4
2025-05-27,/PabloSnchz/deutsche-bahn-data,61,37,/PabloSnchz/deutsche-bahn-data/tree/main/monthly_data_releases,36,10,/PabloSnchz/deutsche-bahn-data/tree/main/data,27,13,/PabloSnchz/deutsche-bahn-data/tree/main,24,5,/PabloSnchz/deutsche-bahn-data/tree/main/.github/workflows,13,3,/PabloSnchz/deutsche-bahn-data/blob/main/monthly_data_releases/data-2025-04.parquet,10,8,/PabloSnchz/deutsche-bahn-data/blob/main/fetch_data.py,8,5,/PabloSnchz/deutsche-bahn-data/blob/main/monthly_data_releases/current_eva_list.csv,7,2,/PabloSnchz/deutsche-bahn-data/blob/main/README.md,5,5,/PabloSnchz/deutsche-bahn-data/tree/main/data/2024-07-01,5,4
2025-05-28,/PabloSnchz/deutsche-bahn-data,59,38,/PabloSnchz/deutsche-bahn-data/tree/main/monthly_data_releases,34,10,/PabloSnchz/deutsche-bahn-data/tree/main/data,29,14,/PabloSnchz/deutsche-bahn-data/tree/main,19,4,/PabloSnchz/deutsche-bahn-data/blob/main/monthly_data_releases/data-2025-04.parquet,8,7,/PabloSnchz/deutsche-bahn-data/blob/main/fetch_data.py,7,4,/PabloSnchz/deutsche-bahn-data/tree/main/.github/workflows,7,3,/PabloSnchz/deutsche-bahn-data/blob/main/monthly_data_releases/current_eva_list.csv,7,2,/PabloSnchz/deutsche-bahn-data/blob/main/README.md,5,5,/PabloSnchz/deutsche-bahn-data/actions,5,1
2025-05-29,/PabloSnchz/deutsche-bahn-data,49,33,/PabloSnchz/deutsche-bahn-data/tree/main/monthly_data_releases,30,9,/PabloSnchz/deutsche-bahn-data/tree/main/data,21,12,/PabloSnchz/deutsche-bahn-data/tree/main,18,5,/PabloSnchz/deutsche-bahn-data/blob/main/monthly_data_releases/data-2025-04.parquet,10,9,/PabloSnchz/deutsche-bahn-data/tree/main/.github/workflows,8,4,/PabloSnchz/deutsche-bahn-data/blob/main/README.md,5,4,/PabloSnchz/deutsche-bahn-data/blob/main/fetch_data.py,5,3,/PabloSnchz/deutsche-bahn-data/tree/main/data/2024-07-01,5,3,/PabloSnchz/deutsche-bahn-data/actions,5,1
2025-05-30,/PabloSnchz/deutsche-bahn-data,58,39,/PabloSnchz/deutsche-bahn-data/tree/main/monthly_data_releases,31,11,/PabloSnchz/deutsche-bahn-data/tree/main/data,21,13,/PabloSnchz/deutsche-bahn-data/tree/main,18,7,/PabloSnchz/deutsche-bahn-data/blob/main/fetch_data.py,9,4,/PabloSnchz/deutsche-bahn-data/blob/main/monthly_data_releases/data-2025-04.parquet,8,7,/PabloSnchz/deutsche-bahn-data/tree/main/.github/workflows,8,4,/PabloSnchz/deutsche-bahn-data/blob/main/monthly_data_releases/current_eva_list.csv,7,5,/PabloSnchz/deutsche-bahn-data/blob/main/README.md,6,5,/PabloSnchz/deutsche-bahn-data/blob/main/create_monthly_data_release.py,6,4
2025-05-31,/PabloSnchz/deutsche-bahn-data,59,40,/PabloSnchz/deutsche-bahn-data/tree/main/monthly_data_releases,33,11,/PabloSnchz/deutsche-bahn-data/tree/main/data,23,14,/PabloSnchz/deutsche-bahn-data/tree/main,18,7,/PabloSnchz/deutsche-bahn-data/blob/main/fetch_data.py,9,4,/PabloSnchz/deutsche-bahn-data/blob/main/monthly_data_releases/data-2025-04.parquet,8,7,/PabloSnchz/deutsche-bahn-data/blob/main/README.md,8,7,/PabloSnchz/deutsche-bahn-data/tree/main/.github/workflows,8,4,/PabloSnchz/deutsche-bahn-data/blob/main/monthly_data_releases/current_eva_list.csv,7,5,/PabloSnchz/deutsche-bahn-data/blob/main/create_monthly_data_release.py,7,4
2025-06-01,/PabloSnchz/deutsche-bahn-data,54,38,/PabloSnchz/deutsche-bahn-data/tree/main/monthly_data_releases,33,11,/PabloSnchz/deutsche-bahn-data/tree/main/data,23,14,/PabloSnchz/deutsche-bahn-data/tree/main,18,7,/PabloSnchz/deutsche-bahn-data/blob/main/monthly_data_releases/data-2025-04.parquet,8,7,/PabloSnchz/deutsche-bahn-data/blob/main/fetch_data.py,8,4,/PabloSnchz/deutsche-bahn-data/blob/main/README.md,7,6,/PabloSnchz/deutsche-bahn-data/blob/main/monthly_data_releases/current_eva_list.csv,7,5,/PabloSnchz/deutsche-bahn-data/blob/main/create_monthly_data_release.py,7,4,/PabloSnchz/deutsche-bahn-data/blob/main/monthly_data_releases/data-2024-07.parquet,5,5
2025-06-02,/PabloSnchz/deutsche-bahn-data,52,36,/PabloSnchz/deutsche-bahn-data/tree/main/monthly_data_releases,32,11,/PabloSnchz/deutsche-bahn-data/tree/main/data,20,11,/PabloSnchz/deutsche-bahn-data/tree/main,17,6,/PabloSnchz/deutsche-bahn-data/blob/main/monthly_data_releases/data-2025-04.parquet,8,7,/PabloSnchz/deutsche-bahn-data/blob/main/README.md,8,7,/PabloSnchz/deutsche-bahn-data/blob/main/monthly_data_releases/current_eva_list.csv,7,5,/PabloSnchz/deutsche-bahn-data/blob/main/fetch_data.py,7,3,/PabloSnchz/deutsche-bahn-data/blob/main/create_monthly_data_release.py,6,3,/PabloSnchz/deutsche-bahn-data/blob/main/monthly_data_releases/data-2024-07.parquet,5,5
2025-06-03,/PabloSnchz/deutsche-bahn-data,58,37,/PabloSnchz/deutsche-bahn-data/tree/main/monthly_data_releases,38,13,/PabloSnchz/deutsche-bahn-data/tree/main/data,26,13,/PabloSnchz/deutsche-bahn-data/tree/main,20,7,/PabloSnchz/deutsche-bahn-data/blob/main/monthly_data_releases/data-2025-04.parquet,9,7,/PabloSnchz/deutsche-bahn-data/blob/main/create_monthly_data_release.py,9,4,/PabloSnchz/deutsche-bahn-data/blob/main/README.md,8,7,/PabloSnchz/deutsche-bahn-data/blob/main/monthly_data_releases/current_eva_list.csv,8,5,/PabloSnchz/deutsche-bahn-data/blob/main/fetch_data.py,7,3,/PabloSnchz/deutsche-bahn-data/blob/main/monthly_data_releases/data-2024-07.parquet,6,6
2025-06-04,/PabloSnchz/deutsche-bahn-data,66,37,/PabloSnchz/deutsche-bahn-data/tree/main/monthly_data_releases,43,16,/PabloSnchz/deutsche-bahn-data/tree/main/data,34,15,/PabloSnchz/deutsche-bahn-data/tree/main,25,8,/PabloSnchz/deutsche-bahn-data/blob/main/README.md,12,8,/PabloSnchz/deutsche-bahn-data/blob/main/monthly_data_releases/current_eva_list.csv,11,6,/PabloSnchz/deutsche-bahn-data/blob/main/create_monthly_data_release.py,9,4,/PabloSnchz/deutsche-bahn-data/blob/main/monthly_data_releases/data-2025-04.parquet,8,6,/PabloSnchz/deutsche-bahn-data/blob/main/fetch_data.py,8,4,/PabloSnchz/deutsche-bahn-data/blob/main/monthly_data_releases/data-2024-07.parquet,6,6
2025-06-05,/PabloSnchz/deutsche-bahn-data,68,38,/PabloSnchz/deutsche-bahn-data/tree/main/monthly_data_releases,41,15,/PabloSnchz/deutsche-bahn-data/tree/main/data,31,14,/PabloSnchz/deutsche-bahn-data/tree/main,19,7,/PabloSnchz/deutsche-bahn-data/blob/main/monthly_data_releases/current_eva_list.csv,13,6,/PabloSnchz/deutsche-bahn-data/blob/main/README.md,12,8,/PabloSnchz/deutsche-bahn-data/blob/main/create_monthly_data_release.py,9,4,/PabloSnchz/deutsche-bahn-data/blob/main/monthly_data_releases/data-2025-04.parquet,8,6,/PabloSnchz/deutsche-bahn-data/blob/main/fetch_data.py,8,4,/PabloSnchz/deutsche-bahn-data/blob/main/monthly_data_releases/data-2024-07.parquet,6,6
2025-06-06,/PabloSnchz/deutsche-bahn-data,70,39,/PabloSnchz/deutsche-bahn-data/tree/main/monthly_data_releases,42,15,/PabloSnchz/deutsche-bahn-data/tree/main/data,31,14,/PabloSnchz/deutsche-bahn-data/tree/main,19,7,/PabloSnchz/deutsche-bahn-data/blob/main/monthly_data_releases/current_eva_list.csv,14,6,/PabloSnchz/deutsche-bahn-data/blob/main/README.md,12,8,/PabloSnchz/deutsche-bahn-data/blob/main/create_monthly_data_release.py,9,4,/PabloSnchz/deutsche-bahn-data/blob/main/monthly_data_releases/data-2025-04.parquet,8,6,/PabloSnchz/deutsche-bahn-data/blob/main/fetch_data.py,8,4,/PabloSnchz/deutsche-bahn-data/blob/main/monthly_data_releases/data-2024-07.parquet,6,6
2025-06-07,/PabloSnchz/deutsche-bahn-data,69,39,/PabloSnchz/deutsche-bahn-data/tree/main/monthly_data_releases,41,16,/PabloSnchz/deutsche-bahn-data/tree/main/data,31,15,/PabloSnchz/deutsche-bahn-data/tree/main,20,8,/PabloSnchz/deutsche-bahn-data/blob/main/monthly_data_releases/current_eva_list.csv,12,5,/PabloSnchz/deutsche-bahn-data/blob/main/README.md,11,7,/PabloSnchz/deutsche-bahn-data/blob/main/create_monthly_data_release.py,10,5,/PabloSnchz/deutsche-bahn-data/blob/main/monthly_data_releases/data-2025-04.parquet,7,6,/PabloSnchz/deutsche-bahn-data/blob/main/fetch_data.py,6,3,/PabloSnchz/deutsche-bahn-data/blob/main/monthly_data_releases/data-2024-07.parquet,5,5
2025-06-08,/PabloSnchz/deutsche-bahn-data,68,38,/PabloSnchz/deutsche-bahn-data/tree/main/monthly_data_releases,40,14,/PabloSnchz/deutsche-bahn-data/tree/main/data,32,15,/PabloSnchz/deutsche-bahn-data/tree/main,20,8,/PabloSnchz/deutsche-bahn-data/blob/main/monthly_data_releases/current_eva_list.csv,12,5,/PabloSnchz/deutsche-bahn-data/blob/main/README.md,11,7,/PabloSnchz/deutsche-bahn-data/blob/main/create_monthly_data_release.py,10,5,/PabloSnchz/deutsche-bahn-data/tree/main/data/2024-07-01,7,4,/PabloSnchz/deutsche-bahn-data/blob/main/monthly_data_releases/data-2024-07.parquet,5,5,/PabloSnchz/deutsche-bahn-data/blob/main/monthly_data_releases/data-2025-04.parquet,5,4
2025-06-09,/PabloSnchz/deutsche-bahn-data,68,38,/PabloSnchz/deutsche-bahn-data/tree/main/monthly_data_releases,38,14,/PabloSnchz/deutsche-bahn-data/tree/main/data,31,14,/PabloSnchz/deutsche-bahn-data/tree/main,19,8,/PabloSnchz/deutsche-bahn-data/blob/main/monthly_data_releases/current_eva_list.csv,12,5,/PabloSnchz/deutsche-bahn-data/blob/main/README.md,10,6,/PabloSnchz/deutsche-bahn-data/blob/main/create_monthly_data_release.py,10,5,/PabloSnchz/deutsche-bahn-data/tree/main/data/2024-07-01,7,4,/PabloSnchz/deutsche-bahn-data/blob/main/monthly_data_releases/data-2024-07.parquet,5,5,/PabloSnchz/deutsche-bahn-data/blob/main/monthly_data_releases/data-2025-04.parquet,5,4
2025-06-10,/PabloSnchz/deutsche-bahn-data,73,40,/PabloSnchz/deutsche-bahn-data/tree/main/monthly_data_releases,40,16,/PabloSnchz/deutsche-bahn-data/tree/main/data,34,15,/PabloSnchz/deutsche-bahn-data/tree/main,20,9,/PabloSnchz/deutsche-bahn-data/blob/main/monthly_data_releases/current_eva_list.csv,17,7,/PabloSnchz/deutsche-bahn-data/blob/main/README.md,10,6,/PabloSnchz/deutsche-bahn-data/blob/main/create_monthly_data_release.py,9,5,/PabloSnchz/deutsche-bahn-data/blob/main/monthly_data_releases/data-2025-04.parquet,6,5,/PabloSnchz/deutsche-bahn-data/tree/main/data/2024-07-01,6,4,/PabloSnchz/deutsche-bahn-data/blob/main/fetch_data.py,6,2
2025-06-11,/PabloSnchz/deutsche-bahn-data,76,41,/PabloSnchz/deutsche-bahn-data/tree/main/monthly_data_releases,33,16,/PabloSnchz/deutsche-bahn-data/tree/main/data,30,14,/PabloSnchz/deutsche-bahn-data/blob/main/monthly_data_releases/current_eva_list.csv,16,7,/PabloSnchz/deutsche-bahn-data/tree/main,14,9,/PabloSnchz/deutsche-bahn-data/blob/main/create_monthly_data_release.py,8,5,/PabloSnchz/deutsche-bahn-data/blob/main/README.md,8,5,/PabloSnchz/deutsche-bahn-data/blob/main/monthly_data_releases/data-2025-05.parquet,6,5,/PabloSnchz/deutsche-bahn-data/blob/main/fetch_data.py,6,2,/PabloSnchz/deutsche-bahn-data/tree/main/data/2024-07-01,4,3
2025-06-12,/PabloSnchz/deutsche-bahn-data,76,43,/PabloSnchz/deutsche-bahn-data/tree/main/monthly_data_releases,31,16,/PabloSnchz/deutsche-bahn-data/tree/main/data,29,13,/PabloSnchz/deutsche-bahn-data/blob/main/monthly_data_releases/current_eva_list.csv,13,5,/PabloSnchz/deutsche-bahn-data/tree/main,11,7,/PabloSnchz/deutsche-bahn-data/blob/main/README.md,8,5,/PabloSnchz/deutsche-bahn-data/blob/main/create_monthly_data_release.py,7,5,/PabloSnchz/deutsche-bahn-data/blob/main/monthly_data_releases/data-2025-05.parquet,6,5,/PabloSnchz/deutsche-bahn-data/blob/main/fetch_data.py,5,4,/PabloSnchz/deutsche-bahn-data/issues,4,4
2025-06-13,/PabloSnchz/deutsche-bahn-data,71,41,/PabloSnchz/deutsche-bahn-data/tree/main/monthly_data_releases,29,16,/PabloSnchz/deutsche-bahn-data/tree/main/data,27,12,/PabloSnchz/deutsche-bahn-data/blob/main/monthly_data_releases/current_eva_list.csv,13,5,/PabloSnchz/deutsche-bahn-data/tree/main,11,7,/PabloSnchz/deutsche-bahn-data/blob/main/monthly_data_releases/data-2025-05.parquet,6,5,/PabloSnchz/deutsche-bahn-data/blob/main/create_monthly_data_release.py,6,4,/PabloSnchz/deutsche-bahn-data/blob/main/README.md,6,3,/PabloSnchz/deutsche-bahn-data/blob/main/fetch_data.py,5,4,/PabloSnchz/deutsche-bahn-data/issues,4,4
2025-06-14,/PabloSnchz/deutsche-bahn-data,80,46,/PabloSnchz/deutsche-bahn-data/tree/main/monthly_data_releases,30,16,/PabloSnchz/deutsche-bahn-data/tree/main/data,27,12,/PabloSnchz/deutsche-bahn-data/blob/main/monthly_data_releases/current_eva_list.csv,13,5,/PabloSnchz/deutsche-bahn-data/tree/main,11,7,/PabloSnchz/deutsche-bahn-data/blob/main/create_monthly_data_release.py,8,5,/PabloSnchz/deutsche-bahn-data/blob/main/fetch_data.py,8,5,/PabloSnchz/deutsche-bahn-data/blob/main/monthly_data_releases/data-2025-05.parquet,6,5,/PabloSnchz/deutsche-bahn-data/blob/main/README.md,6,3,/PabloSnchz/deutsche-bahn-data/issues,4,4
2025-06-15,/PabloSnchz/deutsche-bahn-data,85,46,/PabloSnchz/deutsche-bahn-data/tree/main/monthly_data_releases,47,18,/PabloSnchz/deutsche-bahn-data/tree/main/data,32,15,/PabloSnchz/deutsche-bahn-data/blob/main/monthly_data_releases/current_eva_list.csv,16,7,/PabloSnchz/deutsche-bahn-data/tree/main,13,9,/PabloSnchz/deutsche-bahn-data/blob/main/fetch_data.py,9,6,/PabloSnchz/deutsche-bahn-data/blob/main/monthly_data_releases/data-2025-05.parquet,8,6,/PabloSnchz/deutsche-bahn-data/blob/main/create_monthly_data_release.py,8,5,/PabloSnchz/deutsche-bahn-data/blob/main/README.md,6,3,/PabloSnchz/deutsche-bahn-data/issues,5,5
2025-06-16,/PabloSnchz/deutsche-bahn-data,79,46,/PabloSnchz/deutsche-bahn-data/tree/main/monthly_data_releases,42,18,/PabloSnchz/deutsche-bahn-data/tree/main/data,26,12,/PabloSnchz/deutsche-bahn-data/blob/main/monthly_data_releases/current_eva_list.csv,15,6,/PabloSnchz/deutsche-bahn-data/tree/main,10,7,/PabloSnchz/deutsche-bahn-data/blob/main/fetch_data.py,9,6,/PabloSnchz/deutsche-bahn-data/blob/main/monthly_data_releases/data-2025-05.parquet,6,5,/PabloSnchz/deutsche-bahn-data/blob/main/README.md,6,3,/PabloSnchz/deutsche-bahn-data/blob/main/create_monthly_data_release.py,5,4,/PabloSnchz/deutsche-bahn-data/tree/main/data/2024-07-01,5,4
2025-06-17,/PabloSnchz/deutsche-bahn-data,69,43,/PabloSnchz/deutsche-bahn-data/tree/main/monthly_data_releases,35,14,/PabloSnchz/deutsche-bahn-data/tree/main/data,18,10,/PabloSnchz/deutsche-bahn-data/blob/main/fetch_data.py,17,6,/PabloSnchz/deutsche-bahn-data/blob/main/README.md,14,3,/PabloSnchz/deutsche-bahn-data/blob/main/create_monthly_data_release.py,12,5,/PabloSnchz/deutsche-bahn-data/blob/main/monthly_data_releases/current_eva_list.csv,12,5,/PabloSnchz/deutsche-bahn-data/blob/main/monthly_data_releases/data-2025-05.parquet,6,5,/PabloSnchz/deutsche-bahn-data/tree/main,5,5,/PabloSnchz/deutsche-bahn-data/tree/main/data/2024-07-01,5,4
2025-06-18,/PabloSnchz/deutsche-bahn-data,64,39,/PabloSnchz/deutsche-bahn-data/tree/main/monthly_data_releases,35,14,/PabloSnchz/deutsche-bahn-data/tree/main/data,18,10,/PabloSnchz/deutsche-bahn-data/blob/main/fetch_data.py,17,6,/PabloSnchz/deutsche-bahn-data/blob/main/README.md,14,3,/PabloSnchz/deutsche-bahn-data/blob/main/create_monthly_data_release.py,12,5,/PabloSnchz/deutsche-bahn-data/blob/main/monthly_data_releases/current_eva_list.csv,9,5,/PabloSnchz/deutsche-bahn-data/blob/main/monthly_data_releases/data-2025-05.parquet,6,5,/PabloSnchz/deutsche-bahn-data/tree/main,5,5,/PabloSnchz/deutsche-bahn-data/tree/main/data/2024-07-01,5,4
2025-06-19,/PabloSnchz/deutsche-bahn-data,60,37,/PabloSnchz/deutsche-bahn-data/tree/main/monthly_data_releases,34,13,/PabloSnchz/deutsche-bahn-data/tree/main/data,18,10,/PabloSnchz/deutsche-bahn-data/blob/main/fetch_data.py,17,6,/PabloSnchz/deutsche-bahn-data/blob/main/README.md,14,3,/PabloSnchz/deutsche-bahn-data/blob/main/create_monthly_data_release.py,12,5,/PabloSnchz/deutsche-bahn-data/blob/main/monthly_data_releases/current_eva_list.csv,8,4,/PabloSnchz/deutsche-bahn-data/blob/main/monthly_data_releases/data-2025-05.parquet,6,5,/PabloSnchz/deutsche-bahn-data/tree/main,5,5,/PabloSnchz/deutsche-bahn-data/tree/main/data/2024-07-01,5,4
2025-06-20,/PabloSnchz/deutsche-bahn-data,62,36,/PabloSnchz/deutsche-bahn-data/tree/main/monthly_data_releases,35,13,/PabloSnchz/deutsche-bahn-data/tree/main/data,23,9,/PabloSnchz/deutsche-bahn-data/blob/main/fetch_data.py,18,7,/PabloSnchz/deutsche-bahn-data/blob/main/README.md,15,4,/PabloSnchz/deutsche-bahn-data/blob/main/create_monthly_data_release.py,10,3,/PabloSnchz/deutsche-bahn-data/blob/main/monthly_data_releases/current_eva_list.csv,8,4,/PabloSnchz/deutsche-bahn-data/tree/main,7,5,/PabloSnchz/deutsche-bahn-data/blob/main/monthly_data_releases/data-2025-05.parquet,6,5,/PabloSnchz/deutsche-bahn-data/tree/main/data/2024-07-01,5,4
2025-06-21,/PabloSnchz/deutsche-bahn-data,61,35,/PabloSnchz/deutsche-bahn-data/tree/main/monthly_data_releases,34,13,/PabloSnchz/deutsche-bahn-data/tree/main/data,24,9,/PabloSnchz/deutsche-bahn-data/blob/main/fetch_data.py,19,7,/PabloSnchz/deutsche-bahn-data/blob/main/README.md,15,4,/PabloSnchz/deutsche-bahn-data/blob/main/create_monthly_data_release.py,10,3,/PabloSnchz/deutsche-bahn-data/tree/main,8,5,/PabloSnchz/deutsche-bahn-data/blob/main/monthly_data_releases/current_eva_list.csv,8,4,/PabloSnchz/deutsche-bahn-data/blob/main/monthly_data_releases/data-2025-05.parquet,5,4,/PabloSnchz/deutsche-bahn-data/blob/main/update_eva_list.py,5,2
2025-06-22,/PabloSnchz/deutsche-bahn-data,62,34,/PabloSnchz/deutsche-bahn-data/tree/main/monthly_data_releases,32,12,/PabloSnchz/deutsche-bahn-data/tree/main/data,24,9,/PabloSnchz/deutsche-bahn-data/blob/main/fetch_data.py,19,7,/PabloSnchz/deutsche-bahn-data/blob/main/README.md,15,4,/PabloSnchz/deutsche-bahn-data/blob/main/create_monthly_data_release.py,10,3,/PabloSnchz/deutsche-bahn-data/tree/main,8,5,/PabloSnchz/deutsche-bahn-data/blob/main/monthly_data_releases/current_eva_list.csv,8,4,/PabloSnchz/deutsche-bahn-data/blob/main/monthly_data_releases/data-2025-05.parquet,5,4,/PabloSnchz/deutsche-bahn-data/blob/main/update_eva_list.py,5,2
2025-06-23,/PabloSnchz/deutsche-bahn-data,52,29,/PabloSnchz/deutsche-bahn-data/tree/main/monthly_data_releases,27,10,/PabloSnchz/deutsche-bahn-data/blob/main/fetch_data.py,18,6,/PabloSnchz/deutsche-bahn-data/tree/main/data,17,7,/PabloSnchz/deutsche-bahn-data/blob/main/README.md,15,4,/PabloSnchz/deutsche-bahn-data/blob/main/create_monthly_data_release.py,10,3,/PabloSnchz/deutsche-bahn-data/tree/main,8,4,/PabloSnchz/deutsche-bahn-data/blob/main/update_eva_list.py,5,2,/PabloSnchz/deutsche-bahn-data/tree/main/data/2024-07-01,4,4,/PabloSnchz/deutsche-bahn-data/blob/main/monthly_data_releases/data-2025-05.parquet,4,3
2025-06-24,/PabloSnchz/deutsche-bahn-data,52,29,/PabloSnchz/deutsche-bahn-data/tree/main/monthly_data_releases,26,9,/PabloSnchz/deutsche-bahn-data/blob/main/fetch_data.py,20,7,/PabloSnchz/deutsche-bahn-data/tree/main/data,17,7,/PabloSnchz/deutsche-bahn-data/blob/main/README.md,15,4,/PabloSnchz/deutsche-bahn-data/blob/main/create_monthly_data_release.py,10,3,/PabloSnchz/deutsche-bahn-data/tree/main,7,3,/PabloSnchz/deutsche-bahn-data/blob/main/update_eva_list.py,5,2,/PabloSnchz/deutsche-bahn-data/tree/main/data/2024-07-01,4,4,/PabloSnchz/deutsche-bahn-data/blob/main/alternative_station_name_to_station_name.json,3,3
2025-06-25,/PabloSnchz/deutsche-bahn-data,45,25,/PabloSnchz/deutsche-bahn-data/tree/main/monthly_data_releases,28,8,/PabloSnchz/deutsche-bahn-data/tree/main/data,19,7,/PabloSnchz/deutsche-bahn-data/blob/main/fetch_data.py,17,7,/PabloSnchz/deutsche-bahn-data/blob/main/README.md,14,3,/PabloSnchz/deutsche-bahn-data/tree/main,10,4,/PabloSnchz/deutsche-bahn-data/blob/main/create_monthly_data_release.py,9,2,/PabloSnchz/deutsche-bahn-data/blob/main/update_eva_list.py,5,2,/PabloSnchz/deutsche-bahn-data/tree/main/data/2024-07-01,4,4,/PabloSnchz/deutsche-bahn-data/blob/main/monthly_data_releases/current_eva_list.csv,3,2
2025-06-26,/PabloSnchz/deutsche-bahn-data,50,27,/PabloSnchz/deutsche-bahn-data/tree/main/monthly_data_releases,29,8,/PabloSnchz/deutsche-bahn-data/tree/main/data,22,8,/PabloSnchz/deutsche-bahn-data/blob/main/fetch_data.py,17,7,/PabloSnchz/deutsche-bahn-data/blob/main/README.md,14,3,/PabloSnchz/deutsche-bahn-data/tree/main,10,4,/PabloSnchz/deutsche-bahn-data/blob/main/create_monthly_data_release.py,10,3,/PabloSnchz/deutsche-bahn-data/tree/main/data/2024-07-01,5,5,/PabloSnchz/deutsche-bahn-data/blob/main/update_eva_list.py,5,2,/PabloSnchz/deutsche-bahn-data/blob/main/monthly_data_releases/current_eva_list.csv,4,3
2025-06-27,/PabloSnchz/deutsche-bahn-data,49,26,/PabloSnchz/deutsche-bahn-data/tree/main/monthly_data_releases,33,8,/PabloSnchz/deutsche-bahn-data/tree/main/data,24,9,/PabloSnchz/deutsche-bahn-data/tree/main,17,6,/PabloSnchz/deutsche-bahn-data/blob/main/README.md,17,4,/PabloSnchz/deutsche-bahn-data/blob/main/fetch_data.py,14,6,/PabloSnchz/deutsche-bahn-data/blob/main/create_monthly_data_release.py,10,3,/PabloSnchz/deutsche-bahn-data/blob/main/monthly_data_releases/current_eva_list.csv,8,4,/PabloSnchz/deutsche-bahn-data/tree/main/data/2024-07-01,7,6,/PabloSnchz/deutsche-bahn-data/commits/main/monthly_data_releases,6,1
2025-06-28,/PabloSnchz/deutsche-bahn-data,42,25,/PabloSnchz/deutsche-bahn-data/tree/main/data,19,6,/PabloSnchz/deutsche-bahn-data/tree/main,16,5,/PabloSnchz/deutsche-bahn-data/blob/main/README.md,16,3,/PabloSnchz/deutsche-bahn-data/tree/main/monthly_data_releases,15,6,/PabloSnchz/deutsche-bahn-data/blob/main/fetch_data.py,13,5,/PabloSnchz/deutsche-bahn-data/blob/main/create_monthly_data_release.py,11,4,/PabloSnchz/deutsche-bahn-data/tree/main/data/2024-07-01,6,5,/PabloSnchz/deutsche-bahn-data/commits/main/monthly_data_releases,6,1,/PabloSnchz/deutsche-bahn-data/blob/main/monthly_data_releases/current_eva_list.csv,5,2
2025-06-29,/PabloSnchz/deutsche-bahn-data,41,24,/PabloSnchz/deutsche-bahn-data/tree/main/data,19,6,/PabloSnchz/deutsche-bahn-data/tree/main,16,5,/PabloSnchz/deutsche-bahn-data/blob/main/README.md,16,3,/PabloSnchz/deutsche-bahn-data/tree/main/monthly_data_releases,15,6,/PabloSnchz/deutsche-bahn-data/blob/main/fetch_data.py,13,5,/PabloSnchz/deutsche-bahn-data/blob/main/create_monthly_data_release.py,11,4,/PabloSnchz/deutsche-bahn-data/tree/main/data/2024-07-01,6,5,/PabloSnchz/deutsche-bahn-data/commits/main/monthly_data_releases,6,1,/PabloSnchz/deutsche-bahn-data/blob/main/monthly_data_releases/current_eva_list.csv,5,2
2025-06-30,/PabloSnchz/deutsche-bahn-data,40,22,/PabloSnchz/deutsche-bahn-data/tree/main/data,18,5,/PabloSnchz/deutsche-bahn-data/tree/main,16,5,/PabloSnchz/deutsche-bahn-data/tree/main/monthly_data_releases,14,5,/PabloSnchz/deutsche-bahn-data/commits/main/monthly_data_releases,6,1,/PabloSnchz/deutsche-bahn-data/tree/main/data/2024-07-01,5,4,/PabloSnchz/deutsche-bahn-data/blob/main/monthly_data_releases/current_eva_list.csv,5,2,/PabloSnchz/deutsche-bahn-data/blob/main/create_monthly_data_release.py,4,3,/PabloSnchz/deutsche-bahn-data/blob/main/fetch_data.py,4,3,/PabloSnchz/deutsche-bahn-data/blob/main/README.md,4,2
2025-07-01,/PabloSnchz/deutsche-bahn-data,46,27,/PabloSnchz/deutsche-bahn-data/tree/main/data,19,6,/PabloSnchz/deutsche-bahn-data/tree/main,17,6,/PabloSnchz/deutsche-bahn-data/tree/main/monthly_data_releases,14,5,/PabloSnchz/deutsche-bahn-data/commits/main/monthly_data_releases,6,1,/PabloSnchz/deutsche-bahn-data/tree/main/data/2024-07-01,5,4,/PabloSnchz/deutsche-bahn-data/blob/main/monthly_data_releases/current_eva_list.csv,5,2,/PabloSnchz/deutsche-bahn-data/blob/main/create_monthly_data_release.py,4,3,/PabloSnchz/deutsche-bahn-data/blob/main/fetch_data.py,4,3,/PabloSnchz/deutsche-bahn-data/blob/main/README.md,4,2
2025-07-02,/PabloSnchz/deutsche-bahn-data,63,30,/PabloSnchz/deutsche-bahn-data/tree/main/monthly_data_releases,30,6,/PabloSnchz/deutsche-bahn-data/tree/main/data,22,7,/PabloSnchz/deutsche-bahn-data/tree/main,18,7,/PabloSnchz/deutsche-bahn-data/commits/main/monthly_data_releases,6,1,/PabloSnchz/deutsche-bahn-data/tree/main/data/2024-07-01,5,4,/PabloSnchz/deutsche-bahn-data/blob/main/monthly_data_releases/current_eva_list.csv,5,2,/PabloSnchz/deutsche-bahn-data/blob/main/create_monthly_data_release.py,4,3,/PabloSnchz/deutsche-bahn-data/blob/main/fetch_data.py,4,3,/PabloSnchz/deutsche-bahn-data/blob/main/README.md,4,2
2025-07-03,/PabloSnchz/deutsche-bahn-data,63,33,/PabloSnchz/deutsche-bahn-data/tree/main/monthly_data_releases,28,5,/PabloSnchz/deutsche-bahn-data/tree/main,15,7,/PabloSnchz/deutsche-bahn-data/tree/main/data,15,7,/PabloSnchz/deutsche-bahn-data/commits/main/monthly_data_releases,6,1,/PabloSnchz/deutsche-bahn-data/blob/main/monthly_data_releases/current_eva_list.csv,5,2,/PabloSnchz/deutsche-bahn-data/blob/main/create_monthly_data_release.py,4,3,/PabloSnchz/deutsche-bahn-data/tree/main/data/2024-07-01,4,3,/PabloSnchz/deutsche-bahn-data/blob/main/fetch_data.py,3,2,/PabloSnchz/deutsche-bahn-data/blob/main/README.md,3,1
2025-07-04,/PabloSnchz/deutsche-bahn-data,63,34,/PabloSnchz/deutsche-bahn-data/tree/main/monthly_data_releases,28,5,/PabloSnchz/deutsche-bahn-data/tree/main,14,7,/PabloSnchz/deutsche-bahn-data/tree/main/data,13,6,/PabloSnchz/deutsche-bahn-data/commits/main/monthly_data_releases,6,1,/PabloSnchz/deutsche-bahn-data/blob/main/monthly_data_releases/current_eva_list.csv,5,2,/PabloSnchz/deutsche-bahn-data/blob/main/create_monthly_data_release.py,4,3,/PabloSnchz/deutsche-bahn-data/tree/main/data/2024-07-01,4,3,/PabloSnchz/deutsche-bahn-data/blob/main/README.md,3,1,/PabloSnchz/deutsche-bahn-data/tree/main/data/2024-07-16,3,1
2025-07-05,/PabloSnchz/deutsche-bahn-data,84,38,/PabloSnchz/deutsche-bahn-data/tree/main/monthly_data_releases,31,6,/PabloSnchz/deutsche-bahn-data/tree/main/data,21,9,/PabloSnchz/deutsche-bahn-data/tree/main,15,8,/PabloSnchz/deutsche-bahn-data/tree/main/data/2024-07-01,6,5,/PabloSnchz/deutsche-bahn-data/blob/main/monthly_data_releases/current_eva_list.csv,6,3,/PabloSnchz/deutsche-bahn-data/commits/main/monthly_data_releases,6,1,/PabloSnchz/deutsche-bahn-data/blob/main/create_monthly_data_release.py,5,4,/PabloSnchz/deutsche-bahn-data/blob/main/README.md,5,3,/PabloSnchz/deutsche-bahn-data/blob/main/data/2024-07-01/0370014_fchg_00.xml,4,4
2025-07-06,/PabloSnchz/deutsche-bahn-data,90,43,/PabloSnchz/deutsche-bahn-data/tree/main/monthly_data_releases,33,7,/PabloSnchz/deutsche-bahn-data/tree/main/data,25,12,/PabloSnchz/deutsche-bahn-data/tree/main,14,7,/PabloSnchz/deutsche-bahn-data/tree/main/data/2024-07-01,7,6,/PabloSnchz/deutsche-bahn-data/blob/main/monthly_data_releases/current_eva_list.csv,7,4,/PabloSnchz/deutsche-bahn-data/commits/main/monthly_data_releases,6,1,/PabloSnchz/deutsche-bahn-data/blob/main/data/2024-07-01/0370014_fchg_00.xml,5,5,/PabloSnchz/deutsche-bahn-data/blob/main/create_monthly_data_release.py,5,4,/PabloSnchz/deutsche-bahn-data/blob/main/README.md,5,3
2025-07-07,/PabloSnchz/deutsche-bahn-data,90,42,/PabloSnchz/deutsche-bahn-data/tree/main/monthly_data_releases,33,7,/PabloSnchz/deutsche-bahn-data/tree/main/data,27,13,/PabloSnchz/deutsche-bahn-data/tree/main,14,7,/PabloSnchz/deutsche-bahn-data/tree/main/data/2024-07-01,8,7,/PabloSnchz/deutsche-bahn-data/blob/main/monthly_data_releases/current_eva_list.csv,7,4,/PabloSnchz/deutsche-bahn-data/commits/main/monthly_data_releases,6,1,/PabloSnchz/deutsche-bahn-data/blob/main/data/2024-07-01/0370014_fchg_00.xml,5,5,/PabloSnchz/deutsche-bahn-data/blob/main/create_monthly_data_release.py,5,4,/PabloSnchz/deutsche-bahn-data/blob/main/README.md,5,3
2025-07-08,/PabloSnchz/deutsche-bahn-data,91,43,/PabloSnchz/deutsche-bahn-data/tree/main/monthly_data_releases,29,7,/PabloSnchz/deutsche-bahn-data/tree/main/data,25,14,/PabloSnchz/deutsche-bahn-data/tree/main,11,6,/PabloSnchz/deutsche-bahn-data/tree/main/data/2024-07-01,9,8,/PabloSnchz/deutsche-bahn-data/blob/main/monthly_data_releases/current_eva_list.csv,7,4,/PabloSnchz/deutsche-bahn-data/commits/main/monthly_data_releases,6,1,/PabloSnchz/deutsche-bahn-data/blob/main/data/2024-07-01/0370014_fchg_00.xml,5,5,/PabloSnchz/deutsche-bahn-data/blob/main/create_monthly_data_release.py,5,4,/PabloSnchz/deutsche-bahn-data/blob/main/README.md,5,3
2025-07-09,/PabloSnchz/deutsche-bahn-data,87,41,/PabloSnchz/deutsche-bahn-data/tree/main/monthly_data_releases,30,7,/PabloSnchz/deutsche-bahn-data/tree/main/data,22,12,/PabloSnchz/deutsche-bahn-data/tree/main,13,6,/PabloSnchz/deutsche-bahn-data/tree/main/data/2024-07-01,8,7,/PabloSnchz/deutsche-bahn-data/blob/main/monthly_data_releases/current_eva_list.csv,6,3,/PabloSnchz/deutsche-bahn-data/commits/main/monthly_data_releases,6,1,/PabloSnchz/deutsche-bahn-data/blob/main/data/2024-07-01/0370014_fchg_00.xml,5,5,/PabloSnchz/deutsche-bahn-data/blob/main/README.md,5,3,/PabloSnchz/deutsche-bahn-data/blob/main/create_monthly_data_release.py,4,3
2025-07-10,/PabloSnchz/deutsche-bahn-data,87,42,/PabloSnchz/deutsche-bahn-data/tree/main/monthly_data_releases,27,7,/PabloSnchz/deutsche-bahn-data/tree/main/data,22,13,/PabloSnchz/deutsche-bahn-data/tree/main/data/2024-07-01,7,7,/PabloSnchz/deutsche-bahn-data/blob/main/data/2024-07-01/0370014_fchg_00.xml,6,6,/PabloSnchz/deutsche-bahn-data/blob/main/create_monthly_data_release.py,6,4,/PabloSnchz/deutsche-bahn-data/tree/main,6,4,/PabloSnchz/deutsche-bahn-data/blob/main/README.md,5,4,/PabloSnchz/deutsche-bahn-data/blob/main/monthly_data_releases/current_eva_list.csv,4,3,/PabloSnchz/deutsche-bahn-data/blob/main/monthly_data_releases/data-2025-06.parquet,4,3
2025-07-11,/PabloSnchz/deutsche-bahn-data,87,42,/PabloSnchz/deutsche-bahn-data/tree/main/monthly_data_releases,27,7,/PabloSnchz/deutsche-bahn-data/tree/main/data,25,14,/PabloSnchz/deutsche-bahn-data/tree/main/data/2024-07-01,9,8,/PabloSnchz/deutsche-bahn-data/blob/main/data/2024-07-01/0370014_fchg_00.xml,6,6,/PabloSnchz/deutsche-bahn-data/tree/main,6,4,/PabloSnchz/deutsche-bahn-data/blob/main/create_monthly_data_release.py,5,4,/PabloSnchz/deutsche-bahn-data/blob/main/README.md,5,4,/PabloSnchz/deutsche-bahn-data/blob/main/monthly_data_releases/current_eva_list.csv,4,3,/PabloSnchz/deutsche-bahn-data/blob/main/monthly_data_releases/data-2025-06.parquet,4,3
2025-07-12,/PabloSnchz/deutsche-bahn-data,87,41,/PabloSnchz/deutsche-bahn-data/tree/main/monthly_data_releases,27,7,/PabloSnchz/deutsche-bahn-data/tree/main/data,26,15,/PabloSnchz/deutsche-bahn-data/tree/main/data/2024-07-01,9,8,/PabloSnchz/deutsche-bahn-data/blob/main/data/2024-07-01/0370014_fchg_00.xml,6,6,/PabloSnchz/deutsche-bahn-data/tree/main,6,4,/PabloSnchz/deutsche-bahn-data/commit/1f2263d64def2b7f1bbfd1f2b033c6a88f231c9e,6,2,/PabloSnchz/deutsche-bahn-data/blob/main/create_monthly_data_release.py,5,4,/PabloSnchz/deutsche-bahn-data/blob/main/README.md,5,4,/PabloSnchz/deutsche-bahn-data/blob/main/monthly_data_releases/current_eva_list.csv,4,3
2025-07-13,/PabloSnchz/deutsche-bahn-data,86,41,/PabloSnchz/deutsche-bahn-data/tree/main/data,29,16,/PabloSnchz/deutsche-bahn-data/tree/main/monthly_data_releases,27,7,/PabloSnchz/deutsche-bahn-data/tree/main/data/2024-07-01,12,9,/PabloSnchz/deutsche-bahn-data/blob/main/data/2024-07-01/0370014_fchg_00.xml,7,7,/PabloSnchz/deutsche-bahn-data/tree/main,6,4,/PabloSnchz/deutsche-bahn-data/commit/1f2263d64def2b7f1bbfd1f2b033c6a88f231c9e,6,2,/PabloSnchz/deutsche-bahn-data/blob/main/create_monthly_data_release.py,5,4,/PabloSnchz/deutsche-bahn-data/blob/main/README.md,5,4,/PabloSnchz/deutsche-bahn-data/blob/main/monthly_data_releases/current_eva_list.csv,4,3
2025-07-14,/PabloSnchz/deutsche-bahn-data,84,38,/PabloSnchz/deutsche-bahn-data/tree/main/data,31,16,/PabloSnchz/deutsche-bahn-data/tree/main/monthly_data_releases,28,8,/PabloSnchz/deutsche-bahn-data/tree/main/data/2024-07-01,13,10,/PabloSnchz/deutsche-bahn-data/blob/main/data/2024-07-01/0370014_fchg_00.xml,7,7,/PabloSnchz/deutsche-bahn-data/tree/main,7,5,/PabloSnchz/deutsche-bahn-data/blob/main/create_monthly_data_release.py,6,5,/PabloSnchz/deutsche-bahn-data/blob/main/fetch_data.py,6,3,/PabloSnchz/deutsche-bahn-data/commit/1f2263d64def2b7f1bbfd1f2b033c6a88f231c9e,6,2,/PabloSnchz/deutsche-bahn-data/blob/main/monthly_data_releases/current_eva_list.csv,5,4
2025-07-15,/PabloSnchz/deutsche-bahn-data,76,41,/PabloSnchz/deutsche-bahn-data/tree/main/data,29,15,/PabloSnchz/deutsche-bahn-data/tree/main/monthly_data_releases,20,9,/PabloSnchz/deutsche-bahn-data/tree/main/data/2024-07-01,13,10,/PabloSnchz/deutsche-bahn-data/commit/1f2263d64def2b7f1bbfd1f2b033c6a88f231c9e,9,3,/PabloSnchz/deutsche-bahn-data/blob/main/data/2024-07-01/0370014_fchg_00.xml,7,7,/PabloSnchz/deutsche-bahn-data/blob/main/create_monthly_data_release.py,7,5,/PabloSnchz/deutsche-bahn-data/tree/main,6,5,/PabloSnchz/deutsche-bahn-data/blob/main/fetch_data.py,6,3,/PabloSnchz/deutsche-bahn-data/blob/main/monthly_data_releases/current_eva_list.csv,5,4
2025-07-16,/PabloSnchz/deutsche-bahn-data,73,41,/PabloSnchz/deutsche-bahn-data/tree/main/data,31,16,/PabloSnchz/deutsche-bahn-data/tree/main/monthly_data_releases,22,10,/PabloSnchz/deutsche-bahn-data/tree/main/data/2024-07-01,13,10,/PabloSnchz/deutsche-bahn-data/commit/1f2263d64def2b7f1bbfd1f2b033c6a88f231c9e,9,3,/PabloSnchz/deutsche-bahn-data/blob/main/create_monthly_data_release.py,8,5,/PabloSnchz/deutsche-bahn-data/blob/main/data/2024-07-01/0370014_fchg_00.xml,7,7,/PabloSnchz/deutsche-bahn-data/blob/main/monthly_data_releases/current_eva_list.csv,7,5,/PabloSnchz/deutsche-bahn-data/tree/main,6,5,/PabloSnchz/deutsche-bahn-data/blob/main/fetch_data.py,6,3
2025-07-17,/PabloSnchz/deutsche-bahn-data,70,38,/PabloSnchz/deutsche-bahn-data/tree/main/data,30,15,/PabloSnchz/deutsche-bahn-data/tree/main/monthly_data_releases,22,10,/PabloSnchz/deutsche-bahn-data/tree/main/data/2024-07-01,12,9,/PabloSnchz/deutsche-bahn-data/commit/1f2263d64def2b7f1bbfd1f2b033c6a88f231c9e,9,3,/PabloSnchz/deutsche-bahn-data/blob/main/create_monthly_data_release.py,8,5,/PabloSnchz/deutsche-bahn-data/blob/main/monthly_data_releases/current_eva_list.csv,7,5,/PabloSnchz/deutsche-bahn-data/blob/main/data/2024-07-01/0370014_fchg_00.xml,6,6,/PabloSnchz/deutsche-bahn-data/tree/main,6,5,/PabloSnchz/deutsche-bahn-data/blob/main/fetch_data.py,6,3
2025-07-18,/PabloSnchz/deutsche-bahn-data,49,36,/PabloSnchz/deutsche-bahn-data/tree/main/data,22,12,/PabloSnchz/deutsche-bahn-data/tree/main/monthly_data_releases,22,8,/PabloSnchz/deutsche-bahn-data/tree/main/data/2024-07-01,10,7,/PabloSnchz/deutsche-bahn-data/blob/main/create_monthly_data_release.py,7,4,/PabloSnchz/deutsche-bahn-data/tree/main,6,5,/PabloSnchz/deutsche-bahn-data/blob/main/monthly_data_releases/current_eva_list.csv,6,4,/PabloSnchz/deutsche-bahn-data/blob/main/fetch_data.py,6,3,/PabloSnchz/deutsche-bahn-data/blob/main/monthly_data_releases/data-2024-07.parquet,5,3,/PabloSnchz/deutsche-bahn-data/blob/main/monthly_data_releases/data-2024-08.parquet,5,3
2025-07-19,/PabloSnchz/deutsche-bahn-data,48,34,/PabloSnchz/deutsche-bahn-data/tree/main/monthly_data_releases,23,9,/PabloSnchz/deutsche-bahn-data/tree/main/data,18,9,/PabloSnchz/deutsche-bahn-data/tree/main/data/2024-07-01,9,6,/PabloSnchz/deutsche-bahn-data/blob/main/create_monthly_data_release.py,8,5,/PabloSnchz/deutsche-bahn-data/blob/main/fetch_data.py,7,4,/PabloSnchz/deutsche-bahn-data/tree/main,6,5,/PabloSnchz/deutsche-bahn-data/blob/main/monthly_data_releases/current_eva_list.csv,5,3,/PabloSnchz/deutsche-bahn-data/blob/main/monthly_data_releases/data-2024-07.parquet,5,3,/PabloSnchz/deutsche-bahn-data/blob/main/monthly_data_releases/data-2024-08.parquet,5,3
2025-07-20,/PabloSnchz/deutsche-bahn-data,45,33,/PabloSnchz/deutsche-bahn-data/tree/main/monthly_data_releases,25,10,/PabloSnchz/deutsche-bahn-data/tree/main/data,16,8,/PabloSnchz/deutsche-bahn-data/blob/main/create_monthly_data_release.py,9,6,/PabloSnchz/deutsche-bahn-data/tree/main/data/2024-07-01,8,5,/PabloSnchz/deutsche-bahn-data/tree/main,7,6,/PabloSnchz/deutsche-bahn-data/blob/main/fetch_data.py,7,4,/PabloSnchz/deutsche-bahn-data/blob/main/monthly_data_releases/current_eva_list.csv,6,4,/PabloSnchz/deutsche-bahn-data/commit/1f2263d64def2b7f1bbfd1f2b033c6a88f231c9e,6,2,/PabloSnchz/deutsche-bahn-data/blob/main/monthly_data_releases/data-2024-07.parquet,5,3
2025-07-21,/PabloSnchz/deutsche-bahn-data,43,31,/PabloSnchz/deutsche-bahn-data/tree/main/monthly_data_releases,26,11,/PabloSnchz/deutsche-bahn-data/tree/main/data,16,8,/PabloSnchz/deutsche-bahn-data/blob/main/create_monthly_data_release.py,9,6,/PabloSnchz/deutsche-bahn-data/tree/main/data/2024-07-01,9,5,/PabloSnchz/deutsche-bahn-data/tree/main,8,7,/PabloSnchz/deutsche-bahn-data/blob/main/monthly_data_releases/current_eva_list.csv,7,5,/PabloSnchz/deutsche-bahn-data/blob/main/fetch_data.py,7,4,/PabloSnchz/deutsche-bahn-data/commit/1f2263d64def2b7f1bbfd1f2b033c6a88f231c9e,6,2,/PabloSnchz/deutsche-bahn-data/blob/main/monthly_data_releases/data-2024-07.parquet,5,3
2025-07-22,/PabloSnchz/deutsche-bahn-data,45,31,/PabloSnchz/deutsche-bahn-data/tree/main/monthly_data_releases,25,11,/PabloSnchz/deutsche-bahn-data/tree/main/data,18,9,/PabloSnchz/deutsche-bahn-data/blob/main/create_monthly_data_release.py,9,6,/PabloSnchz/deutsche-bahn-data/tree/main/data/2024-07-01,9,5,/PabloSnchz/deutsche-bahn-data/blob/main/monthly_data_releases/current_eva_list.csv,8,6,/PabloSnchz/deutsche-bahn-data/blob/main/fetch_data.py,7,4,/PabloSnchz/deutsche-bahn-data/tree/main,6,6,/PabloSnchz/deutsche-bahn-data/commit/1f2263d64def2b7f1bbfd1f2b033c6a88f231c9e,6,2,/PabloSnchz/deutsche-bahn-data/blob/main/monthly_data_releases/data-2024-07.parquet,5,3
2025-07-23,/PabloSnchz/deutsche-bahn-data,41,29,/PabloSnchz/deutsche-bahn-data/tree/main/monthly_data_releases,24,11,/PabloSnchz/deutsche-bahn-data/tree/main/data,18,8,/PabloSnchz/deutsche-bahn-data/blob/main/create_monthly_data_release.py,8,4,/PabloSnchz/deutsche-bahn-data/tree/main/data/2024-07-01,8,4,/PabloSnchz/deutsche-bahn-data/tree/main,7,7,/PabloSnchz/deutsche-bahn-data/blob/main/monthly_data_releases/current_eva_list.csv,6,5,/PabloSnchz/deutsche-bahn-data/blob/main/fetch_data.py,6,3,/PabloSnchz/deutsche-bahn-data/commit/1f2263d64def2b7f1bbfd1f2b033c6a88f231c9e,6,2,/PabloSnchz/deutsche-bahn-data/blob/main/monthly_data_releases/data-2024-07.parquet,5,3
2025-07-24,/PabloSnchz/deutsche-bahn-data,42,29,/PabloSnchz/deutsche-bahn-data/tree/main/monthly_data_releases,24,11,/PabloSnchz/deutsche-bahn-data/tree/main/data,19,9,/PabloSnchz/deutsche-bahn-data/blob/main/create_monthly_data_release.py,12,6,/PabloSnchz/deutsche-bahn-data/tree/main,8,8,/PabloSnchz/deutsche-bahn-data/tree/main/data/2024-07-01,7,4,/PabloSnchz/deutsche-bahn-data/commit/1f2263d64def2b7f1bbfd1f2b033c6a88f231c9e,7,3,/PabloSnchz/deutsche-bahn-data/blob/main/monthly_data_releases/current_eva_list.csv,6,5,/PabloSnchz/deutsche-bahn-data/blob/main/fetch_data.py,6,3,/PabloSnchz/deutsche-bahn-data/blob/main/monthly_data_releases/data-2024-07.parquet,5,3
2025-07-25,/PabloSnchz/deutsche-bahn-data,45,33,/PabloSnchz/deutsche-bahn-data/tree/main/monthly_data_releases,23,11,/PabloSnchz/deutsche-bahn-data/tree/main/data,18,8,/PabloSnchz/deutsche-bahn-data/blob/main/create_monthly_data_release.py,14,7,/PabloSnchz/deutsche-bahn-data/tree/main,8,8,/PabloSnchz/deutsche-bahn-data/tree/main/data/2024-07-01,7,4,/PabloSnchz/deutsche-bahn-data/blob/main/monthly_data_releases/current_eva_list.csv,6,5,/PabloSnchz/deutsche-bahn-data/blob/main/fetch_data.py,6,3,/PabloSnchz/deutsche-bahn-data/blob/main/monthly_data_releases/data-2024-07.parquet,5,3,/PabloSnchz/deutsche-bahn-data/blob/main/monthly_data_releases/data-2024-08.parquet,5,3
2025-07-26,/PabloSnchz/deutsche-bahn-data,54,37,/PabloSnchz/deutsche-bahn-data/tree/main/monthly_data_releases,26,13,/PabloSnchz/deutsche-bahn-data/tree/main/data,17,10,/PabloSnchz/deutsche-bahn-data/blob/main/create_monthly_data_release.py,16,8,/PabloSnchz/deutsche-bahn-data/tree/main,11,10,/PabloSnchz/deutsche-bahn-data/blob/main/monthly_data_releases/current_eva_list.csv,7,6,/PabloSnchz/deutsche-bahn-data/blob/main/fetch_data.py,7,4,/PabloSnchz/deutsche-bahn-data/commit/1f2263d64def2b7f1bbfd1f2b033c6a88f231c9e,6,3,/PabloSnchz/deutsche-bahn-data/blob/main/monthly_data_releases/data-2024-07.parquet,5,3,/PabloSnchz/deutsche-bahn-data/blob/main/monthly_data_releases/data-2024-08.parquet,5,3
2025-07-27,/PabloSnchz/deutsche-bahn-data,58,40,/PabloSnchz/deutsche-bahn-data/tree/main/monthly_data_releases,25,12,/PabloSnchz/deutsche-bahn-data/tree/main/data,15,10,/PabloSnchz/deutsche-bahn-data/blob/main/create_monthly_data_release.py,15,8,/PabloSnchz/deutsche-bahn-data/tree/main,9,8,/PabloSnchz/deutsche-bahn-data/blob/main/monthly_data_releases/current_eva_list.csv,6,5,/PabloSnchz/deutsche-bahn-data/commit/1f2263d64def2b7f1bbfd1f2b033c6a88f231c9e,6,3,/PabloSnchz/deutsche-bahn-data/blob/main/monthly_data_releases/data-2024-07.parquet,5,3,/PabloSnchz/deutsche-bahn-data/blob/main/monthly_data_releases/data-2024-08.parquet,5,3,/PabloSnchz/deutsche-bahn-data/blob/main/monthly_data_releases/data-2025-06.parquet,4,4
2025-07-28,/PabloSnchz/deutsche-bahn-data,52,38,/PabloSnchz/deutsche-bahn-data/tree/main/monthly_data_releases,18,12,/PabloSnchz/deutsche-bahn-data/tree/main/data,18,10,/PabloSnchz/deutsche-bahn-data/blob/main/create_monthly_data_release.py,14,8,/PabloSnchz/deutsche-bahn-data/tree/main,10,9,/PabloSnchz/deutsche-bahn-data/blob/main/monthly_data_releases/current_eva_list.csv,7,6,/PabloSnchz/deutsche-bahn-data/tree/main/data/2024-07-01,6,4,/PabloSnchz/deutsche-bahn-data/blob/main/README.md,4,4,/PabloSnchz/deutsche-bahn-data/blob/main/fetch_data.py,3,3,/PabloSnchz/deutsche-bahn-data/blob/main/monthly_data_releases/data-2025-06.parquet,3,3
2025-07-29,/PabloSnchz/deutsche-bahn-data,52,38,/PabloSnchz/deutsche-bahn-data/tree/main/monthly_data_releases,16,12,/PabloSnchz/deutsche-bahn-data/tree/main/data,16,9,/PabloSnchz/deutsche-bahn-data/blob/main/create_monthly_data_release.py,13,7,/PabloSnchz/deutsche-bahn-data/tree/main,10,9,/PabloSnchz/deutsche-bahn-data/tree/main/data/2024-07-01,6,4,/PabloSnchz/deutsche-bahn-data/blob/main/monthly_data_releases/current_eva_list.csv,5,5,/PabloSnchz/deutsche-bahn-data/blob/main/README.md,4,4,/PabloSnchz/deutsche-bahn-data/blob/main/fetch_data.py,3,3,/PabloSnchz/deutsche-bahn-data/commit/1f2263d64def2b7f1bbfd1f2b033c6a88f231c9e,3,2
2025-07-30,/PabloSnchz/deutsche-bahn-data,54,40,/PabloSnchz/deutsche-bahn-data/tree/main/data,17,10,/PabloSnchz/deutsche-bahn-data/tree/main/monthly_data_releases,16,12,/PabloSnchz/deutsche-bahn-data/blob/main/create_monthly_data_release.py,15,7,/PabloSnchz/deutsche-bahn-data/tree/main,10,9,/PabloSnchz/deutsche-bahn-data/tree/main/data/2024-07-01,6,4,/PabloSnchz/deutsche-bahn-data/blob/main/monthly_data_releases/current_eva_list.csv,5,5,/PabloSnchz/deutsche-bahn-data/blob/main/README.md,4,4,/PabloSnchz/deutsche-bahn-data/blob/main/fetch_data.py,3,3,/PabloSnchz/deutsche-bahn-data/commit/1f2263d64def2b7f1bbfd1f2b033c6a88f231c9e,3,2
2025-07-31,/PabloSnchz/deutsche-bahn-data,56,41,/PabloSnchz/deutsche-bahn-data/tree/main/data,19,12,/PabloSnchz/deutsche-bahn-data/blob/main/create_monthly_data_release.py,15,7,/PabloSnchz/deutsche-bahn-data/tree/main/monthly_data_releases,13,11,/PabloSnchz/deutsche-bahn-data/tree/main,9,8,/PabloSnchz/deutsche-bahn-data/tree/main/data/2024-07-01,6,4,/PabloSnchz/deutsche-bahn-data/blob/main/monthly_data_releases/current_eva_list.csv,5,5,/PabloSnchz/deutsche-bahn-data/blob/main/README.md,4,4,/PabloSnchz/deutsche-bahn-data/blob/main/fetch_data.py,3,3,/PabloSnchz/deutsche-bahn-data/commit/1f2263d64def2b7f1bbfd1f2b033c6a88f231c9e,3,2
2025-08-01,/PabloSnchz/deutsche-bahn-data,59,41,/PabloSnchz/deutsche-bahn-data/tree/main/data,23,14,/PabloSnchz/deutsche-bahn-data/blob/main/create_monthly_data_release.py,16,7,/PabloSnchz/deutsche-bahn-data/tree/main/monthly_data_releases,11,9,/PabloSnchz/deutsche-bahn-data/tree/main,9,8,/PabloSnchz/deutsche-bahn-data/tree/main/data/2024-07-01,9,6,/PabloSnchz/deutsche-bahn-data/blob/main/monthly_data_releases/current_eva_list.csv,6,6,/PabloSnchz/deutsche-bahn-data/blob/main/README.md,4,4,/PabloSnchz/deutsche-bahn-data/blob/main/fetch_data.py,3,3,/PabloSnchz/deutsche-bahn-data/commit/1f2263d64def2b7f1bbfd1f2b033c6a88f231c9e,3,2
2025-08-02,/PabloSnchz/deutsche-bahn-data,61,42,/PabloSnchz/deutsche-bahn-data/tree/main/data,28,16,/PabloSnchz/deutsche-bahn-data/blob/main/create_monthly_data_release.py,15,6,/PabloSnchz/deutsche-bahn-data/tree/main/monthly_data_releases,12,9,/PabloSnchz/deutsche-bahn-data/tree/main/data/2024-07-01,12,8,/PabloSnchz/deutsche-bahn-data/tree/main,9,8,/PabloSnchz/deutsche-bahn-data/blob/main/monthly_data_releases/current_eva_list.csv,5,5,/PabloSnchz/deutsche-bahn-data/blob/main/fetch_data.py,3,3,/PabloSnchz/deutsche-bahn-data/blob/main/README.md,3,3,/PabloSnchz/deutsche-bahn-data/blob/main/alternative_station_name_to_station_name.json,2,2
2025-08-03,/PabloSnchz/deutsche-bahn-data,60,41,/PabloSnchz/deutsche-bahn-data/tree/main/data,27,15,/PabloSnchz/deutsche-bahn-data/blob/main/create_monthly_data_release.py,15,6,/PabloSnchz/deutsche-bahn-data/tree/main/monthly_data_releases,11,8,/PabloSnchz/deutsche-bahn-data/tree/main/data/2024-07-01,10,7,/PabloSnchz/deutsche-bahn-data/tree/main,8,7,/PabloSnchz/deutsche-bahn-data/blob/main/monthly_data_releases/current_eva_list.csv,4,4,/PabloSnchz/deutsche-bahn-data/blob/main/fetch_data.py,3,3,/PabloSnchz/deutsche-bahn-data/blob/main/README.md,3,3,/PabloSnchz/deutsche-bahn-data/blob/main/alternative_station_name_to_station_name.json,2,2
2025-08-04,/PabloSnchz/deutsche-bahn-data,57,40,/PabloSnchz/deutsche-bahn-data/tree/main/data,25,14,/PabloSnchz/deutsche-bahn-data/blob/main/create_monthly_data_release.py,16,7,/PabloSnchz/deutsche-bahn-data/tree/main/data/2024-07-01,10,7,/PabloSnchz/deutsche-bahn-data/tree/main/monthly_data_releases,10,7,/PabloSnchz/deutsche-bahn-data/tree/main,8,7,/PabloSnchz/deutsche-bahn-data/blob/main/fetch_data.py,3,3,/PabloSnchz/deutsche-bahn-data/blob/main/monthly_data_releases/current_eva_list.csv,3,3,/PabloSnchz/deutsche-bahn-data/blob/main/README.md,3,3,/PabloSnchz/deutsche-bahn-data/blob/main/data/2024-07-01/0370014_fchg_00.xml,2,2
2025-08-05,/PabloSnchz/deutsche-bahn-data,65,42,/PabloSnchz/deutsche-bahn-data/tree/main/data,28,16,/PabloSnchz/deutsche-bahn-data/tree/main/monthly_data_releases,17,9,/PabloSnchz/deutsche-bahn-data/tree/main,14,8,/PabloSnchz/deutsche-bahn-data/blob/main/create_monthly_data_release.py,13,6,/PabloSnchz/deutsche-bahn-data/tree/main/data/2024-07-01,11,8,/PabloSnchz/deutsche-bahn-data/blob/main/monthly_data_releases/current_eva_list.csv,5,5,/PabloSnchz/deutsche-bahn-data/blob/main/README.md,4,4,/PabloSnchz/deutsche-bahn-data/blob/main/fetch_data.py,4,3,/PabloSnchz/deutsche-bahn-data/blob/main/data/2024-07-01/0370014_fchg_00.xml,3,3
2025-08-06,/PabloSnchz/deutsche-bahn-data,80,49,/PabloSnchz/deutsche-bahn-data/tree/main/data,29,17,/PabloSnchz/deutsche-bahn-data/tree/main/monthly_data_releases,29,10,/PabloSnchz/deutsche-bahn-data/tree/main,15,8,/PabloSnchz/deutsche-bahn-data/tree/main/data/2024-07-01,12,9,/PabloSnchz/deutsche-bahn-data/blob/main/create_monthly_data_release.py,10,6,/PabloSnchz/deutsche-bahn-data/blob/main/monthly_data_releases/current_eva_list.csv,9,6,/PabloSnchz/deutsche-bahn-data/blob/main/README.md,8,5,/PabloSnchz/deutsche-bahn-data/blob/main/fetch_data.py,5,4,/PabloSnchz/deutsche-bahn-data/blob/main/data/2024-07-01/0370014_fchg_00.xml,4,4
2025-08-07,/PabloSnchz/deutsche-bahn-data,77,46,/PabloSnchz/deutsche-bahn-data/tree/main/data,29,17,/PabloSnchz/deutsche-bahn-data/tree/main/monthly_data_releases,29,10,/PabloSnchz/deutsche-bahn-data/tree/main,15,8,/PabloSnchz/deutsche-bahn-data/tree/main/data/2024-07-01,12,9,/PabloSnchz/deutsche-bahn-data/blob/main/monthly_data_releases/current_eva_list.csv,9,6,/PabloSnchz/deutsche-bahn-data/blob/main/create_monthly_data_release.py,8,6,/PabloSnchz/deutsche-bahn-data/blob/main/README.md,8,5,/PabloSnchz/deutsche-bahn-data/blob/main/fetch_data.py,5,4,/PabloSnchz/deutsche-bahn-data/blob/main/data/2024-07-01/0370014_fchg_00.xml,4,4
2025-08-08,/PabloSnchz/deutsche-bahn-data,72,47,/PabloSnchz/deutsche-bahn-data/tree/main/data,31,16,/PabloSnchz/deutsche-bahn-data/tree/main/monthly_data_releases,29,11,/PabloSnchz/deutsche-bahn-data/tree/main,15,8,/PabloSnchz/deutsche-bahn-data/tree/main/data/2024-07-01,13,10,/PabloSnchz/deutsche-bahn-data/blob/main/monthly_data_releases/current_eva_list.csv,11,6,/PabloSnchz/deutsche-bahn-data/blob/main/create_monthly_data_release.py,8,6,/PabloSnchz/deutsche-bahn-data/blob/main/alternative_station_name_to_station_name.json,6,3,/PabloSnchz/deutsche-bahn-data/blob/main/fetch_data.py,5,4,/PabloSnchz/deutsche-bahn-data/blob/main/update_eva_list.py,5,4
2025-08-09,/PabloSnchz/deutsche-bahn-data,76,48,/PabloSnchz/deutsche-bahn-data/tree/main/data,35,16,/PabloSnchz/deutsche-bahn-data/tree/main/monthly_data_releases,30,11,/PabloSnchz/deutsche-bahn-data/tree/main,15,8,/PabloSnchz/deutsche-bahn-data/tree/main/data/2024-07-01,12,9,/PabloSnchz/deutsche-bahn-data/blob/main/monthly_data_releases/current_eva_list.csv,11,6,/PabloSnchz/deutsche-bahn-data/blob/main/create_monthly_data_release.py,8,6,/PabloSnchz/deutsche-bahn-data/blob/main/update_eva_list.py,7,5,/PabloSnchz/deutsche-bahn-data/blob/main/alternative_station_name_to_station_name.json,6,3,/PabloSnchz/deutsche-bahn-data/blob/main/fetch_data.py,5,4
2025-08-10,/PabloSnchz/deutsche-bahn-data,82,48,/PabloSnchz/deutsche-bahn-data/tree/main/data,34,15,/PabloSnchz/deutsche-bahn-data/tree/main/monthly_data_releases,31,12,/PabloSnchz/deutsche-bahn-data/tree/main,15,8,/PabloSnchz/deutsche-bahn-data/tree/main/data/2024-07-01,11,8,/PabloSnchz/deutsche-bahn-data/blob/main/update_eva_list.py,10,7,/PabloSnchz/deutsche-bahn-data/blob/main/monthly_data_releases/current_eva_list.csv,10,5,/PabloSnchz/deutsche-bahn-data/blob/main/create_monthly_data_release.py,8,6,/PabloSnchz/deutsche-bahn-data/blob/main/alternative_station_name_to_station_name.json,7,4,/PabloSnchz/deutsche-bahn-data/blob/main/fetch_data.py,5,4
2025-08-11,/PabloSnchz/deutsche-bahn-data,81,46,/PabloSnchz/deutsche-bahn-data/tree/main/data,35,16,/PabloSnchz/deutsche-bahn-data/tree/main/monthly_data_releases,34,12,/PabloSnchz/deutsche-bahn-data/tree/main,16,9,/PabloSnchz/deutsche-bahn-data/tree/main/data/2024-07-01,11,8,/PabloSnchz/deutsche-bahn-data/blob/main/monthly_data_releases/current_eva_list.csv,11,6,/PabloSnchz/deutsche-bahn-data/blob/main/update_eva_list.py,10,7,/PabloSnchz/deutsche-bahn-data/blob/main/create_monthly_data_release.py,9,7,/PabloSnchz/deutsche-bahn-data/blob/main/alternative_station_name_to_station_name.json,7,4,/PabloSnchz/deutsche-bahn-data/blob/main/fetch_data.py,5,4
2025-08-12,/PabloSnchz/deutsche-bahn-data,87,51,/PabloSnchz/deutsche-bahn-data/tree/main/data,34,15,/PabloSnchz/deutsche-bahn-data/tree/main/monthly_data_releases,34,12,/PabloSnchz/deutsche-bahn-data/tree/main,16,9,/PabloSnchz/deutsche-bahn-data/tree/main/data/2024-07-01,11,8,/PabloSnchz/deutsche-bahn-data/blob/main/monthly_data_releases/current_eva_list.csv,11,6,/PabloSnchz/deutsche-bahn-data/blob/main/update_eva_list.py,10,7,/PabloSnchz/deutsche-bahn-data/blob/main/create_monthly_data_release.py,8,6,/PabloSnchz/deutsche-bahn-data/blob/main/alternative_station_name_to_station_name.json,7,4,/PabloSnchz/deutsche-bahn-data/blob/main/fetch_data.py,5,4
2025-08-13,/PabloSnchz/deutsche-bahn-data,94,51,/PabloSnchz/deutsche-bahn-data/tree/main/data,36,15,/PabloSnchz/deutsche-bahn-data/tree/main/monthly_data_releases,35,12,/PabloSnchz/deutsche-bahn-data/tree/main,16,9,/PabloSnchz/deutsche-bahn-data/blob/main/README.md,12,4,/PabloSnchz/deutsche-bahn-data/blob/main/update_eva_list.py,11,8,/PabloSnchz/deutsche-bahn-data/tree/main/data/2024-07-01,11,8,/PabloSnchz/deutsche-bahn-data/blob/main/monthly_data_releases/current_eva_list.csv,11,6,/PabloSnchz/deutsche-bahn-data/blob/main/create_monthly_data_release.py,8,6,/PabloSnchz/deutsche-bahn-data/blob/main/alternative_station_name_to_station_name.json,7,4
2025-08-14,/PabloSnchz/deutsche-bahn-data,93,50,/PabloSnchz/deutsche-bahn-data/tree/main/monthly_data_releases,37,11,/PabloSnchz/deutsche-bahn-data/tree/main/data,34,14,/PabloSnchz/deutsche-bahn-data/tree/main,17,9,/PabloSnchz/deutsche-bahn-data/blob/main/README.md,13,4,/PabloSnchz/deutsche-bahn-data/blob/main/monthly_data_releases/current_eva_list.csv,12,6,/PabloSnchz/deutsche-bahn-data/blob/main/update_eva_list.py,10,7,/PabloSnchz/deutsche-bahn-data/blob/main/alternative_station_name_to_station_name.json,9,5,/PabloSnchz/deutsche-bahn-data/tree/main/data/2024-07-01,8,7,/PabloSnchz/deutsche-bahn-data/tree/main/.github/workflows,7,5
2025-08-15,/PabloSnchz/deutsche-bahn-data,89,48,/PabloSnchz/deutsche-bahn-data/tree/main/monthly_data_releases,34,10,/PabloSnchz/deutsche-bahn-data/tree/main/data,29,12,/PabloSnchz/deutsche-bahn-data/tree/main,16,8,/PabloSnchz/deutsche-bahn-data/blob/main/README.md,13,4,/PabloSnchz/deutsche-bahn-data/blob/main/monthly_data_releases/current_eva_list.csv,12,6,/PabloSnchz/deutsche-bahn-data/blob/main/update_eva_list.py,10,7,/PabloSnchz/deutsche-bahn-data/blob/main/alternative_station_name_to_station_name.json,9,5,/PabloSnchz/deutsche-bahn-data/blob/main/create_monthly_data_release.py,6,4,/PabloSnchz/deutsche-bahn-data/tree/main/.github/workflows,6,4
2025-08-16,/PabloSnchz/deutsche-bahn-data,88,47,/PabloSnchz/deutsche-bahn-data/tree/main/monthly_data_releases,34,10,/PabloSnchz/deutsche-bahn-data/tree/main/data,29,12,/PabloSnchz/deutsche-bahn-data/tree/main,16,8,/PabloSnchz/deutsche-bahn-data/blob/main/README.md,13,4,/PabloSnchz/deutsche-bahn-data/blob/main/monthly_data_releases/current_eva_list.csv,12,6,/PabloSnchz/deutsche-bahn-data/blob/main/update_eva_list.py,10,7,/PabloSnchz/deutsche-bahn-data/blob/main/alternative_station_name_to_station_name.json,9,5,/PabloSnchz/deutsche-bahn-data/blob/main/create_monthly_data_release.py,6,4,/PabloSnchz/deutsche-bahn-data/tree/main/.github/workflows,6,4
2025-08-17,/PabloSnchz/deutsche-bahn-data,88,47,/PabloSnchz/deutsche-bahn-data/tree/main/monthly_data_releases,34,10,/PabloSnchz/deutsche-bahn-data/tree/main/data,29,12,/PabloSnchz/deutsche-bahn-data/tree/main,16,8,/PabloSnchz/deutsche-bahn-data/blob/main/README.md,13,4,/PabloSnchz/deutsche-bahn-data/blob/main/monthly_data_releases/current_eva_list.csv,12,6,/PabloSnchz/deutsche-bahn-data/blob/main/update_eva_list.py,10,7,/PabloSnchz/deutsche-bahn-data/blob/main/alternative_station_name_to_station_name.json,9,5,/PabloSnchz/deutsche-bahn-data/tree/main/.github/workflows,6,4,/PabloSnchz/deutsche-bahn-data/blob/main/monthly_data_releases/data-2024-07.parquet,6,3
2025-08-18,/PabloSnchz/deutsche-bahn-data,76,43,/PabloSnchz/deutsche-bahn-data/tree/main/monthly_data_releases,26,8,/PabloSnchz/deutsche-bahn-data/tree/main/data,24,10,/PabloSnchz/deutsche-bahn-data/blob/main/README.md,12,4,/PabloSnchz/deutsche-bahn-data/blob/main/update_eva_list.py,10,7,/PabloSnchz/deutsche-bahn-data/blob/main/monthly_data_releases/current_eva_list.csv,10,5,/PabloSnchz/deutsche-bahn-data/tree/main,9,6,/PabloSnchz/deutsche-bahn-data/blob/main/alternative_station_name_to_station_name.json,9,5,/PabloSnchz/deutsche-bahn-data/blob/main/create_monthly_data_release.py,5,3,/PabloSnchz/deutsche-bahn-data/blob/main/monthly_data_releases/data-2024-07.parquet,5,3
2025-08-19,/PabloSnchz/deutsche-bahn-data,58,33,/PabloSnchz/deutsche-bahn-data/tree/main/data,19,7,/PabloSnchz/deutsche-bahn-data/tree/main/monthly_data_releases,13,5,/PabloSnchz/deutsche-bahn-data/blob/main/update_eva_list.py,9,6,/PabloSnchz/deutsche-bahn-data/blob/main/README.md,8,2,/PabloSnchz/deutsche-bahn-data/blob/main/alternative_station_name_to_station_name.json,7,3,/PabloSnchz/deutsche-bahn-data/blob/main/monthly_data_releases/current_eva_list.csv,6,3,/PabloSnchz/deutsche-bahn-data/tree/main,6,3,/PabloSnchz/deutsche-bahn-data/blob/main/create_monthly_data_release.py,4,2,/PabloSnchz/deutsche-bahn-data/blob/main/monthly_data_releases/data-2024-07.parquet,3,2
2025-08-20,/PabloSnchz/deutsche-bahn-data,57,33,/PabloSnchz/deutsche-bahn-data/tree/main/data,19,7,/PabloSnchz/deutsche-bahn-data/tree/main/monthly_data_releases,13,5,/PabloSnchz/deutsche-bahn-data/blob/main/update_eva_list.py,9,6,/PabloSnchz/deutsche-bahn-data/blob/main/README.md,8,2,/PabloSnchz/deutsche-bahn-data/blob/main/alternative_station_name_to_station_name.json,7,3,/PabloSnchz/deutsche-bahn-data/blob/main/monthly_data_releases/current_eva_list.csv,6,3,/PabloSnchz/deutsche-bahn-data/tree/main,6,3,/PabloSnchz/deutsche-bahn-data/blob/main/create_monthly_data_release.py,4,2,/PabloSnchz/deutsche-bahn-data/blob/main/monthly_data_releases/data-2024-07.parquet,3,2
2025-08-21,/PabloSnchz/deutsche-bahn-data,52,29,/PabloSnchz/deutsche-bahn-data/tree/main/data,15,6,/PabloSnchz/deutsche-bahn-data/tree/main/monthly_data_releases,10,3,/PabloSnchz/deutsche-bahn-data/blob/main/README.md,8,2,/PabloSnchz/deutsche-bahn-data/blob/main/update_eva_list.py,6,4,/PabloSnchz/deutsche-bahn-data/blob/main/alternative_station_name_to_station_name.json,3,2,/PabloSnchz/deutsche-bahn-data/blob/main/monthly_data_releases/current_eva_list.csv,3,2,/PabloSnchz/deutsche-bahn-data/blob/main/monthly_data_releases/data-2024-07.parquet,3,2,/PabloSnchz/deutsche-bahn-data/tree/main,3,2,/PabloSnchz/deutsche-bahn-data/blob/main/create_monthly_data_release.py,2,1
2025-08-22,/PabloSnchz/deutsche-bahn-data,40,22,/PabloSnchz/deutsche-bahn-data/tree/main/data,10,5,/PabloSnchz/deutsche-bahn-data/tree/main/monthly_data_releases,9,2,/PabloSnchz/deutsche-bahn-data/blob/main/README.md,8,2,/PabloSnchz/deutsche-bahn-data/blob/main/update_eva_list.py,4,3,/PabloSnchz/deutsche-bahn-data/blob/main/alternative_station_name_to_station_name.json,3,2,/PabloSnchz/deutsche-bahn-data/blob/main/monthly_data_releases/current_eva_list.csv,3,2,/PabloSnchz/deutsche-bahn-data/blob/main/monthly_data_releases/data-2024-07.parquet,3,2,/PabloSnchz/deutsche-bahn-data/tree/main,3,2,/PabloSnchz/deutsche-bahn-data/blob/main/create_monthly_data_release.py,2,1
2025-08-23,/PabloSnchz/deutsche-bahn-data,31,19,/PabloSnchz/deutsche-bahn-data/blob/main/README.md,8,2,/PabloSnchz/deutsche-bahn-data/tree/main/data,7,4,/PabloSnchz/deutsche-bahn-data/tree/main/monthly_data_releases,7,2,/PabloSnchz/deutsche-bahn-data/blob/main/monthly_data_releases/current_eva_list.csv,3,2,/PabloSnchz/deutsche-bahn-data/blob/main/monthly_data_releases/data-2024-07.parquet,3,2,/PabloSnchz/deutsche-bahn-data/tree/main,2,2,/PabloSnchz/deutsche-bahn-data/blob/main/alternative_station_name_to_station_name.json,2,1,/PabloSnchz/deutsche-bahn-data/blob/main/create_monthly_data_release.py,2,1,/PabloSnchz/deutsche-bahn-data/tree/main/.github/workflows,2,1
2025-08-24,/PabloSnchz/deutsche-bahn-data,28,17,/PabloSnchz/deutsche-bahn-data/blob/main/README.md,8,2,/PabloSnchz/deutsche-bahn-data/tree/main/data,6,3,/PabloSnchz/deutsche-bahn-data/tree/main/monthly_data_releases,4,1,/PabloSnchz/deutsche-bahn-data/blob/main/alternative_station_name_to_station_name.json,2,1,/PabloSnchz/deutsche-bahn-data/blob/main/monthly_data_releases/current_eva_list.csv,2,1,/PabloSnchz/deutsche-bahn-data/tree/main/.github/workflows,2,1,/PabloSnchz/deutsche-bahn-data/blob/main/create_monthly_data_release.py,1,1,/PabloSnchz/deutsche-bahn-data/blob/main/fetch_data.py,1,1,/PabloSnchz/deutsche-bahn-data/blob/main/.github/workflows/data_update.yml,1,1
2025-08-25,/PabloSnchz/deutsche-bahn-data,20,10,/PabloSnchz/deutsche-bahn-data/blob/main/README.md,8,2,/PabloSnchz/deutsche-bahn-data/tree/main/data,6,3,/PabloSnchz/deutsche-bahn-data/tree/main/monthly_data_releases,4,1,/PabloSnchz/deutsche-bahn-data/blob/main/alternative_station_name_to_station_name.json,2,1,/PabloSnchz/deutsche-bahn-data/blob/main/monthly_data_releases/current_eva_list.csv,2,1,/PabloSnchz/deutsche-bahn-data/tree/main/.github/workflows,2,1,/PabloSnchz/deutsche-bahn-data/blob/main/fetch_data.py,1,1,/PabloSnchz/deutsche-bahn-data/blob/main/.github/workflows/data_update.yml,1,1,/PabloSnchz/deutsche-bahn-data/blob/main/.github/workflows/monthly_data_release.yml,1,1
2025-08-26,/PabloSnchz/deutsche-bahn-data,7,6,/PabloSnchz/deutsche-bahn-data/tree/main/monthly_data_releases,3,1,/PabloSnchz/deutsche-bahn-data/blob/main/alternative_station_name_to_station_name.json,2,1,/PabloSnchz/deutsche-bahn-data/blob/main/monthly_data_releases/current_eva_list.csv,2,1,/PabloSnchz/deutsche-bahn-data/tree/main/data,2,1,/PabloSnchz/deutsche-bahn-data/tree/main/.github/workflows,2,1,/PabloSnchz/deutsche-bahn-data/blob/main/.github/workflows/data_update.yml,1,1,/PabloSnchz/deutsche-bahn-data/blob/main/.github/workflows/monthly_data_release.yml,1,1,/PabloSnchz/deutsche-bahn-data/blob/main/monthly_data_releases/data-2024-07.parquet,1,1,/PabloSnchz/deutsche-bahn-data/blob/main/monthly_data_releases/data-2025-07.parquet,1,1
2025-08-29,/PabloSnchz/deutsche-bahn-data,4,3,/PabloSnchz/deutsche-bahn-data/blob/main/create_monthly_data_release.py,3,2,/PabloSnchz/deutsche-bahn-data/blob/main/fetch_data.py,2,1,/PabloSnchz/deutsche-bahn-data/blob/main/monthly_data_releases/data-2025-07.parquet,1,1,/PabloSnchz/deutsche-bahn-data/blob/main/requirements_fetch_data.txt,1,1,/PabloSnchz/deutsche-bahn-data/tree/main/data,1,1,/PabloSnchz/deutsche-bahn-data/tree/main/monthly_data_releases,1,1,,,,,,,,,
2025-08-30,/PabloSnchz/deutsche-bahn-data,4,3,/PabloSnchz/deutsche-bahn-data/blob/main/create_monthly_data_release.py,3,2,/PabloSnchz/deutsche-bahn-data/blob/main/fetch_data.py,2,1,/PabloSnchz/deutsche-bahn-data/blob/main/monthly_data_releases/data-2025-07.parquet,1,1,/PabloSnchz/deutsche-bahn-data/blob/main/requirements_fetch_data.txt,1,1,/PabloSnchz/deutsche-bahn-data/tree/main/data,1,1,/PabloSnchz/deutsche-bahn-data/tree/main/monthly_data_releases,1,1,,,,,,,,,
2025-08-31,/PabloSnchz/deutsche-bahn-data,4,3,/PabloSnchz/deutsche-bahn-data/blob/main/create_monthly_data_release.py,3,2,/PabloSnchz/deutsche-bahn-data/blob/main/fetch_data.py,2,1,/PabloSnchz/deutsche-bahn-data/blob/main/monthly_data_releases/data-2025-07.parquet,1,1,/PabloSnchz/deutsche-bahn-data/blob/main/requirements_fetch_data.txt,1,1,/PabloSnchz/deutsche-bahn-data/tree/main/data,1,1,/PabloSnchz/deutsche-bahn-data/tree/main/monthly_data_releases,1,1,,,,,,,,,
2025-09-01,/PabloSnchz/deutsche-bahn-data,4,3,/PabloSnchz/deutsche-bahn-data/blob/main/create_monthly_data_release.py,3,2,/PabloSnchz/deutsche-bahn-data/blob/main/fetch_data.py,2,1,/PabloSnchz/deutsche-bahn-data/blob/main/monthly_data_releases/data-2025-07.parquet,1,1,/PabloSnchz/deutsche-bahn-data/blob/main/requirements_fetch_data.txt,1,1,/PabloSnchz/deutsche-bahn-data/tree/main/data,1,1,/PabloSnchz/deutsche-bahn-data/tree/main/monthly_data_releases,1,1,,,,,,,,,
2025-09-02,/PabloSnchz/deutsche-bahn-data,4,3,/PabloSnchz/deutsche-bahn-data/blob/main/create_monthly_data_release.py,3,2,/PabloSnchz/deutsche-bahn-data/blob/main/fetch_data.py,2,1,/PabloSnchz/deutsche-bahn-data/blob/main/monthly_data_releases/data-2025-07.parquet,1,1,/PabloSnchz/deutsche-bahn-data/blob/main/requirements_fetch_data.txt,1,1,/PabloSnchz/deutsche-bahn-data/tree/main/data,1,1,/PabloSnchz/deutsche-bahn-data/tree/main/monthly_data_releases,1,1,,,,,,,,,
2025-09-03,/PabloSnchz/deutsche-bahn-data,4,3,/PabloSnchz/deutsche-bahn-data/blob/main/create_monthly_data_release.py,3,2,/PabloSnchz/deutsche-bahn-data/blob/main/fetch_data.py,2,1,/PabloSnchz/deutsche-bahn-data/blob/main/monthly_data_releases/data-2025-07.parquet,1,1,/PabloSnchz/deutsche-bahn-data/blob/main/requirements_fetch_data.txt,1,1,/PabloSnchz/deutsche-bahn-data/tree/main/data,1,1,/PabloSnchz/deutsche-bahn-data/tree/main/monthly_data_releases,1,1,,,,,,,,,
2025-09-04,/PabloSnchz/deutsche-bahn-data,4,3,/PabloSnchz/deutsche-bahn-data/blob/main/create_monthly_data_release.py,3,2,/PabloSnchz/deutsche-bahn-data/blob/main/fetch_data.py,2,1,/PabloSnchz/deutsche-bahn-data/blob/main/monthly_data_releases/data-2025-07.parquet,1,1,/PabloSnchz/deutsche-bahn-data/blob/main/requirements_fetch_data.txt,1,1,/PabloSnchz/deutsche-bahn-data/tree/main/data,1,1,/PabloSnchz/deutsche-bahn-data/tree/main/monthly_data_releases,1,1,,,,,,,,,
2025-09-05,/PabloSnchz/deutsche-bahn-data,4,3,/PabloSnchz/deutsche-bahn-data/blob/main/create_monthly_data_release.py,3,2,/PabloSnchz/deutsche-bahn-data/blob/main/fetch_data.py,2,1,/PabloSnchz/deutsche-bahn-data/blob/main/monthly_data_releases/data-2025-07.parquet,1,1,/PabloSnchz/deutsche-bahn-data/blob/main/requirements_fetch_data.txt,1,1,/PabloSnchz/deutsche-bahn-data/tree/main/data,1,1,/PabloSnchz/deutsche-bahn-data/tree/main/monthly_data_releases,1,1,,,,,,,,,
2025-09-06,/PabloSnchz/deutsche-bahn-data,4,3,/PabloSnchz/deutsche-bahn-data/blob/main/create_monthly_data_release.py,3,2,/PabloSnchz/deutsche-bahn-data/blob/main/fetch_data.py,2,1,/PabloSnchz/deutsche-bahn-data/blob/main/monthly_data_releases/data-2025-07.parquet,1,1,/PabloSnchz/deutsche-bahn-data/blob/main/requirements_fetch_data.txt,1,1,/PabloSnchz/deutsche-bahn-data/tree/main/data,1,1,/PabloSnchz/deutsche-bahn-data/tree/main/monthly_data_releases,1,1,,,,,,,,,
2025-09-07,/PabloSnchz/deutsche-bahn-data,4,3,/PabloSnchz/deutsche-bahn-data/blob/main/create_monthly_data_release.py,3,2,/PabloSnchz/deutsche-bahn-data/blob/main/fetch_data.py,2,1,/PabloSnchz/deutsche-bahn-data/blob/main/monthly_data_releases/data-2025-07.parquet,1,1,/PabloSnchz/deutsche-bahn-data/blob/main/requirements_fetch_data.txt,1,1,/PabloSnchz/deutsche-bahn-data/tree/main/data,1,1,/PabloSnchz/deutsche-bahn-data/tree/main/monthly_data_releases,1,1,,,,,,,,,
2025-09-08,/PabloSnchz/deutsche-bahn-data,4,3,/PabloSnchz/deutsche-bahn-data/blob/main/create_monthly_data_release.py,3,2,/PabloSnchz/deutsche-bahn-data/blob/main/fetch_data.py,2,1,/PabloSnchz/deutsche-bahn-data/blob/main/monthly_data_releases/data-2025-07.parquet,1,1,/PabloSnchz/deutsche-bahn-data/blob/main/requirements_fetch_data.txt,1,1,/PabloSnchz/deutsche-bahn-data/tree/main/data,1,1,/PabloSnchz/deutsche-bahn-data/tree/main/monthly_data_releases,1,1,,,,,,,,,
2025-09-09,/PabloSnchz/deutsche-bahn-data,4,3,/PabloSnchz/deutsche-bahn-data/blob/main/create_monthly_data_release.py,3,2,/PabloSnchz/deutsche-bahn-data/blob/main/fetch_data.py,2,1,/PabloSnchz/deutsche-bahn-data/blob/main/monthly_data_releases/data-2025-07.parquet,1,1,/PabloSnchz/deutsche-bahn-data/blob/main/requirements_fetch_data.txt,1,1,/PabloSnchz/deutsche-bahn-data/tree/main/data,1,1,/PabloSnchz/deutsche-bahn-data/tree/main/monthly_data_releases,1,1,,,,,,,,,
2025-09-10,/PabloSnchz/deutsche-bahn-data,4,3,/PabloSnchz/deutsche-bahn-data/blob/main/create_monthly_data_release.py,3,2,/PabloSnchz/deutsche-bahn-data/blob/main/fetch_data.py,2,1,/PabloSnchz/deutsche-bahn-data/blob/main/monthly_data_releases/data-2025-07.parquet,1,1,/PabloSnchz/deutsche-bahn-data/blob/main/requirements_fetch_data.txt,1,1,/PabloSnchz/deutsche-bahn-data/tree/main/data,1,1,/PabloSnchz/deutsche-bahn-data/tree/main/monthly_data_releases,1,1,,,,,,,,,
2025-12-23,/PabloSnchz/deutsche-bahn-data,162,97,/PabloSnchz/deutsche-bahn-data/tree/main/stats,16,10,/PabloSnchz/deutsche-bahn-data/blob/main/.github/workflows/monthly_data_release.yml,8,1,/PabloSnchz/deutsche-bahn-data/tree/main/notebooks,6,5,/PabloSnchz/deutsche-bahn-data/tree/main/config,6,3,/PabloSnchz/deutsche-bahn-data/blob/main/README.md,5,5,/PabloSnchz/deutsche-bahn-data/tree/main/.github/workflows,5,2,/PabloSnchz/deutsche-bahn-data/tree/main/scripts,5,2,/PabloSnchz/deutsche-bahn-data/tree/main/test_scripts,5,2,/PabloSnchz/deutsche-bahn-data/blob/main/average_delays.png,3,3
2025-12-24,/PabloSnchz/deutsche-bahn-data,141,84,/PabloSnchz/deutsche-bahn-data/tree/main/stats,14,9,/PabloSnchz/deutsche-bahn-data/blob/main/.github/workflows/monthly_data_release.yml,8,1,/PabloSnchz/deutsche-bahn-data/tree/main/scripts,6,3,/PabloSnchz/deutsche-bahn-data/tree/main/.github/workflows,5,2,/PabloSnchz/deutsche-bahn-data/blob/main/README.md,4,4,/PabloSnchz/deutsche-bahn-data/tree/main/notebooks,4,3,/PabloSnchz/deutsche-bahn-data/tree/main/config,4,1,/PabloSnchz/deutsche-bahn-data/tree/main/test_scripts,4,1,/PabloSnchz/deutsche-bahn-data/blob/main/average_delays.png,3,3
2025-12-25,/PabloSnchz/deutsche-bahn-data,118,72,/PabloSnchz/deutsche-bahn-data/tree/main/stats,13,8,/PabloSnchz/deutsche-bahn-data/blob/main/.github/workflows/monthly_data_release.yml,8,1,/PabloSnchz/deutsche-bahn-data/tree/main/scripts,5,3,/PabloSnchz/deutsche-bahn-data/tree/main/.github/workflows,5,2,/PabloSnchz/deutsche-bahn-data/blob/main/README.md,4,4,/PabloSnchz/deutsche-bahn-data/tree/main/config,4,1,/PabloSnchz/deutsche-bahn-data/tree/main/test_scripts,4,1,/PabloSnchz/deutsche-bahn-data/tree/main/notebooks,3,2,/PabloSnchz/deutsche-bahn-data/blob/main/average_delays.png,2,2
2025-12-26,/PabloSnchz/deutsche-bahn-data,114,71,/PabloSnchz/deutsche-bahn-data/tree/main/stats,13,8,/PabloSnchz/deutsche-bahn-data/blob/main/.github/workflows/monthly_data_release.yml,8,1,/PabloSnchz/deutsche-bahn-data/tree/main/.github/workflows,5,2,/PabloSnchz/deutsche-bahn-data/blob/main/README.md,4,4,/PabloSnchz/deutsche-bahn-data/tree/main/config,4,1,/PabloSnchz/deutsche-bahn-data/tree/main/test_scripts,4,1,/PabloSnchz/deutsche-bahn-data/tree/main/notebooks,3,2,/PabloSnchz/deutsche-bahn-data/tree/main/scripts,3,2,/PabloSnchz/deutsche-bahn-data/blob/main/average_delays.png,2,2
2025-12-27,/PabloSnchz/deutsche-bahn-data,111,69,/PabloSnchz/deutsche-bahn-data/tree/main/stats,13,8,/PabloSnchz/deutsche-bahn-data/blob/main/.github/workflows/monthly_data_release.yml,8,1,/PabloSnchz/deutsche-bahn-data/tree/main/.github/workflows,5,2,/PabloSnchz/deutsche-bahn-data/blob/main/README.md,4,4,/PabloSnchz/deutsche-bahn-data/tree/main/config,4,1,/PabloSnchz/deutsche-bahn-data/tree/main/test_scripts,4,1,/PabloSnchz/deutsche-bahn-data/tree/main/notebooks,3,2,/PabloSnchz/deutsche-bahn-data/tree/main/scripts,3,2,/PabloSnchz/deutsche-bahn-data/blob/main/average_delays.png,2,2
2025-12-28,/PabloSnchz/deutsche-bahn-data,110,69,/PabloSnchz/deutsche-bahn-data/tree/main/stats,13,8,/PabloSnchz/deutsche-bahn-data/blob/main/.github/workflows/monthly_data_release.yml,8,1,/PabloSnchz/deutsche-bahn-data/tree/main/.github/workflows,5,2,/PabloSnchz/deutsche-bahn-data/blob/main/README.md,4,4,/PabloSnchz/deutsche-bahn-data/tree/main/config,4,1,/PabloSnchz/deutsche-bahn-data/tree/main/test_scripts,4,1,/PabloSnchz/deutsche-bahn-data/tree/main/notebooks,3,2,/PabloSnchz/deutsche-bahn-data/tree/main/scripts,3,2,/PabloSnchz/deutsche-bahn-data/blob/main/average_delays.png,2,2
2025-12-29,/PabloSnchz/deutsche-bahn-data,111,70,/PabloSnchz/deutsche-bahn-data/tree/main/stats,14,9,/PabloSnchz/deutsche-bahn-data/blob/main/.github/workflows/monthly_data_release.yml,8,1,/PabloSnchz/deutsche-bahn-data/tree/main/.github/workflows,5,2,/PabloSnchz/deutsche-bahn-data/tree/main/test_scripts,5,2,/PabloSnchz/deutsche-bahn-data/blob/main/README.md,4,4,/PabloSnchz/deutsche-bahn-data/tree/main/config,4,1,/PabloSnchz/deutsche-bahn-data/tree/main/notebooks,3,2,/PabloSnchz/deutsche-bahn-data/tree/main/scripts,3,2,/PabloSnchz/deutsche-bahn-data/blob/main/average_delays.png,2,2
2025-12-30,/PabloSnchz/deutsche-bahn-data,107,66,/PabloSnchz/deutsche-bahn-data/tree/main/stats,12,7,/PabloSnchz/deutsche-bahn-data/blob/main/.github/workflows/monthly_data_release.yml,8,1,/PabloSnchz/deutsche-bahn-data/tree/main/config,5,2,/PabloSnchz/deutsche-bahn-data/tree/main/test_scripts,5,2,/PabloSnchz/deutsche-bahn-data/blob/main/README.md,4,4,/PabloSnchz/deutsche-bahn-data/tree/main/scripts,4,3,/PabloSnchz/deutsche-bahn-data/tree/main/.github/workflows,4,1,/PabloSnchz/deutsche-bahn-data/blob/main/average_delays.png,2,2,/PabloSnchz/deutsche-bahn-data/blob/main/.github/workflows/fetch_and_upload_data.yml,2,1
2025-12-31,/PabloSnchz/deutsche-bahn-data,119,75,/PabloSnchz/deutsche-bahn-data/tree/main/stats,12,7,/PabloSnchz/deutsche-bahn-data/blob/main/.github/workflows/monthly_data_release.yml,8,1,/PabloSnchz/deutsche-bahn-data/tree/main/config,5,2,/PabloSnchz/deutsche-bahn-data/tree/main/test_scripts,5,2,/PabloSnchz/deutsche-bahn-data/blob/main/README.md,4,4,/PabloSnchz/deutsche-bahn-data/tree/main/scripts,4,3,/PabloSnchz/deutsche-bahn-data/tree/main/.github/workflows,4,1,/PabloSnchz/deutsche-bahn-data/blob/main/average_delays.png,2,2,/PabloSnchz/deutsche-bahn-data/issues/3,2,2
2026-01-01,/PabloSnchz/deutsche-bahn-data,122,78,/PabloSnchz/deutsche-bahn-data/tree/main/stats,13,8,/PabloSnchz/deutsche-bahn-data/blob/main/.github/workflows/monthly_data_release.yml,8,1,/PabloSnchz/deutsche-bahn-data/tree/main/config,5,2,/PabloSnchz/deutsche-bahn-data/tree/main/test_scripts,5,2,/PabloSnchz/deutsche-bahn-data/blob/main/README.md,4,4,/PabloSnchz/deutsche-bahn-data/tree/main/scripts,4,3,/PabloSnchz/deutsche-bahn-data/tree/main/.github/workflows,4,1,/PabloSnchz/deutsche-bahn-data/blob/main/stats/übersicht.html,3,2,/PabloSnchz/deutsche-bahn-data/blob/main/average_delays.png,2,2
2026-01-02,/PabloSnchz/deutsche-bahn-data,106,72,/PabloSnchz/deutsche-bahn-data/tree/main/stats,6,6,/PabloSnchz/deutsche-bahn-data/blob/main/README.md,3,3,/PabloSnchz/deutsche-bahn-data/issues/3,2,2,/PabloSnchz/deutsche-bahn-data/tree/main/scripts,2,2,/PabloSnchz/deutsche-bahn-data/blob/main/average_delays.png,1,1,/PabloSnchz/deutsche-bahn-data/blob/main/config/eva_to_station_name.json,1,1,/PabloSnchz/deutsche-bahn-data/blob/main/scripts/db_data_fetcher.py,1,1,/PabloSnchz/deutsche-bahn-data/blob/main/stats/übersicht.html,1,1,/PabloSnchz/deutsche-bahn-data/commits,1,1
2026-01-03,/PabloSnchz/deutsche-bahn-data,104,70,/PabloSnchz/deutsche-bahn-data/tree/main/stats,4,4,/PabloSnchz/deutsche-bahn-data/tree/main/scripts,4,3,/PabloSnchz/deutsche-bahn-data/blob/main/average_delays.png,3,2,/PabloSnchz/deutsche-bahn-data/blob/main/config/eva_to_station_name.json,3,2,/PabloSnchz/deutsche-bahn-data/tree/main/config,3,2,/PabloSnchz/deutsche-bahn-data/blob/main/scripts/db_data_fetcher.py,2,2,/PabloSnchz/deutsche-bahn-data/issues/3,2,2,/PabloSnchz/deutsche-bahn-data/blob/main/README.md,1,1,/PabloSnchz/deutsche-bahn-data/blob/main/notebooks/util.py,1,1
2026-01-04,/PabloSnchz/deutsche-bahn-data,98,68,/PabloSnchz/deutsche-bahn-data/tree/main/stats,4,4,/PabloSnchz/deutsche-bahn-data/tree/main/scripts,4,3,/PabloSnchz/deutsche-bahn-data/blob/main/config/eva_to_station_name.json,4,2,/PabloSnchz/deutsche-bahn-data/blob/main/average_delays.png,3,2,/PabloSnchz/deutsche-bahn-data/tree/main/config,3,2,/PabloSnchz/deutsche-bahn-data/blob/main/scripts/db_data_fetcher.py,2,2,/PabloSnchz/deutsche-bahn-data/issues/3,2,2,/PabloSnchz/deutsche-bahn-data/blob/main/README.md,1,1,/PabloSnchz/deutsche-bahn-data/blob/main/notebooks/util.py,1,1
2026-01-05,/PabloSnchz/deutsche-bahn-data,102,68,/PabloSnchz/deutsche-bahn-data/blob/main/config/eva_to_station_name.json,7,3,/PabloSnchz/deutsche-bahn-data/tree/main/scripts,6,4,/PabloSnchz/deutsche-bahn-data/tree/main/stats,5,5,/PabloSnchz/deutsche-bahn-data/tree/main/config,3,2,/PabloSnchz/deutsche-bahn-data/blob/main/scripts/db_data_fetcher.py,2,2,/PabloSnchz/deutsche-bahn-data/issues/3,2,2,/PabloSnchz/deutsche-bahn-data/tree/main/notebooks,2,2,/PabloSnchz/deutsche-bahn-data/tree/main/test_scripts,2,2,/PabloSnchz/deutsche-bahn-data/blob/main/average_delays.png,2,1
2026-01-06,/PabloSnchz/deutsche-bahn-data,96,67,/PabloSnchz/deutsche-bahn-data/blob/main/config/eva_to_station_name.json,7,3,/PabloSnchz/deutsche-bahn-data/tree/main/scripts,6,4,/PabloSnchz/deutsche-bahn-data/tree/main/stats,5,5,/PabloSnchz/deutsche-bahn-data/tree/main/config,3,2,/PabloSnchz/deutsche-bahn-data/blob/main/scripts/db_data_fetcher.py,2,2,/PabloSnchz/deutsche-bahn-data/issues/3,2,2,/PabloSnchz/deutsche-bahn-data/tree/main/notebooks,2,2,/PabloSnchz/deutsche-bahn-data/tree/main/test_scripts,2,2,/PabloSnchz/deutsche-bahn-data/blob/main/average_delays.png,2,1
2026-01-07,/PabloSnchz/deutsche-bahn-data,92,66,/PabloSnchz/deutsche-bahn-data/blob/main/config/eva_to_station_name.json,7,3,/PabloSnchz/deutsche-bahn-data/tree/main/stats,5,5,/PabloSnchz/deutsche-bahn-data/tree/main/scripts,5,3,/PabloSnchz/deutsche-bahn-data/tree/main/config,3,2,/PabloSnchz/deutsche-bahn-data/blob/main/scripts/db_data_fetcher.py,2,2,/PabloSnchz/deutsche-bahn-data/issues/3,2,2,/PabloSnchz/deutsche-bahn-data/tree/main/notebooks,2,2,/PabloSnchz/deutsche-bahn-data/tree/main/test_scripts,2,2,/PabloSnchz/deutsche-bahn-data/blob/main/average_delays.png,2,1
2026-01-08,/PabloSnchz/deutsche-bahn-data,102,72,/PabloSnchz/deutsche-bahn-data/blob/main/config/eva_to_station_name.json,7,3,/PabloSnchz/deutsche-bahn-data/tree/main/stats,5,5,/PabloSnchz/deutsche-bahn-data/tree/main/scripts,5,3,/PabloSnchz/deutsche-bahn-data/blob/main/average_delays.png,4,3,/PabloSnchz/deutsche-bahn-data/tree/main/test_scripts,4,3,/PabloSnchz/deutsche-bahn-data/tree/main/config,3,2,/PabloSnchz/deutsche-bahn-data/blob/main/scripts/db_data_fetcher.py,2,2,/PabloSnchz/deutsche-bahn-data/issues/3,2,2,/PabloSnchz/deutsche-bahn-data/tree/main,2,2
2026-01-09,/PabloSnchz/deutsche-bahn-data,109,75,/PabloSnchz/deutsche-bahn-data/tree/main,8,3,/PabloSnchz/deutsche-bahn-data/tree/main/stats,7,6,/PabloSnchz/deutsche-bahn-data/tree/main/test_scripts,7,4,/PabloSnchz/deutsche-bahn-data/blob/main/config/eva_to_station_name.json,7,3,/PabloSnchz/deutsche-bahn-data/commits/main,7,1,/PabloSnchz/deutsche-bahn-data/tree/main/scripts,6,4,/PabloSnchz/deutsche-bahn-data/tree/main/notebooks,6,3,/PabloSnchz/deutsche-bahn-data/tree/main/stats/data,6,1,/PabloSnchz/deutsche-bahn-data/blob/3aa98710beee6269ae83c8b505cb287b12fa69fd/monthly_data_releases/data-2025-07.parquet,5,1
2026-01-10,/PabloSnchz/deutsche-bahn-data,128,87,/PabloSnchz/deutsche-bahn-data/tree/main,18,5,/PabloSnchz/deutsche-bahn-data/tree/main/scripts,13,9,/PabloSnchz/deutsche-bahn-data/tree/main/stats,11,8,/PabloSnchz/deutsche-bahn-data/tree/main/notebooks,11,6,/PabloSnchz/deutsche-bahn-data/blob/main/config/eva_to_station_name.json,8,4,/PabloSnchz/deutsche-bahn-data/tree/main/config,7,5,/PabloSnchz/deutsche-bahn-data/tree/main/test_scripts,7,4,/PabloSnchz/deutsche-bahn-data/tree/main/stats/data,7,2,/PabloSnchz/deutsche-bahn-data/commits/main,7,1
2026-01-11,/PabloSnchz/deutsche-bahn-data,140,89,/PabloSnchz/deutsche-bahn-data/tree/main/scripts,21,10,/PabloSnchz/deutsche-bahn-data/tree/main,21,6,/PabloSnchz/deutsche-bahn-data/tree/main/stats,16,10,/PabloSnchz/deutsche-bahn-data/tree/main/notebooks,14,7,/PabloSnchz/deutsche-bahn-data/blob/main/scripts/db_data_fetcher.py,11,5,/PabloSnchz/deutsche-bahn-data/blob/main/scripts/fetch_eva_plan_and_change.py,11,3,/PabloSnchz/deutsche-bahn-data/blob/main/config/eva_to_station_name.json,9,5,/PabloSnchz/deutsche-bahn-data/tree/main/config,8,6,/PabloSnchz/deutsche-bahn-data/tree/main/test_scripts,8,5
2026-01-12,/PabloSnchz/deutsche-bahn-data,148,93,/PabloSnchz/deutsche-bahn-data/tree/main,26,9,/PabloSnchz/deutsche-bahn-data/tree/main/scripts,23,12,/PabloSnchz/deutsche-bahn-data/tree/main/stats,19,12,/PabloSnchz/deutsche-bahn-data/tree/main/notebooks,18,9,/PabloSnchz/deutsche-bahn-data/blob/main/scripts/db_data_fetcher.py,12,6,/PabloSnchz/deutsche-bahn-data/tree/main/stats/data,11,6,/PabloSnchz/deutsche-bahn-data/blob/main/scripts/fetch_eva_plan_and_change.py,11,3,/PabloSnchz/deutsche-bahn-data/tree/main/config,10,8,/PabloSnchz/deutsche-bahn-data/blob/main/config/eva_to_station_name.json,9,5
2026-01-13,/PabloSnchz/deutsche-bahn-data,155,99,/PabloSnchz/deutsche-bahn-data/tree/main,29,10,/PabloSnchz/deutsche-bahn-data/tree/main/scripts,26,12,/PabloSnchz/deutsche-bahn-data/tree/main/notebooks,19,10,/PabloSnchz/deutsche-bahn-data/tree/main/stats,18,11,/PabloSnchz/deutsche-bahn-data/blob/main/scripts/db_data_fetcher.py,12,6,/PabloSnchz/deutsche-bahn-data/blob/main/scripts/fetch_eva_plan_and_change.py,12,4,/PabloSnchz/deutsche-bahn-data/tree/main/stats/data,11,6,/PabloSnchz/deutsche-bahn-data/tree/main/config,9,7,/PabloSnchz/deutsche-bahn-data/blob/main/config/eva_to_station_name.json,8,4
2026-01-14,/PabloSnchz/deutsche-bahn-data,158,97,/PabloSnchz/deutsche-bahn-data/tree/main,31,11,/PabloSnchz/deutsche-bahn-data/tree/main/scripts,29,14,/PabloSnchz/deutsche-bahn-data/tree/main/stats,21,14,/PabloSnchz/deutsche-bahn-data/tree/main/notebooks,21,12,/PabloSnchz/deutsche-bahn-data/tree/main/stats/data,12,7,/PabloSnchz/deutsche-bahn-data/blob/main/scripts/db_data_fetcher.py,12,6,/PabloSnchz/deutsche-bahn-data/blob/main/scripts/fetch_eva_plan_and_change.py,12,4,/PabloSnchz/deutsche-bahn-data/tree/main/config,11,9,/PabloSnchz/deutsche-bahn-data/tree/main/test_scripts,8,5
2026-01-15,/PabloSnchz/deutsche-bahn-data,165,99,/PabloSnchz/deutsche-bahn-data/tree/main,36,12,/PabloSnchz/deutsche-bahn-data/tree/main/scripts,31,15,/PabloSnchz/deutsche-bahn-data/tree/main/stats,24,16,/PabloSnchz/deutsche-bahn-data/tree/main/notebooks,24,13,/PabloSnchz/deutsche-bahn-data/tree/main/stats/data,14,9,/PabloSnchz/deutsche-bahn-data/blob/main/scripts/fetch_eva_plan_and_change.py,13,5,/PabloSnchz/deutsche-bahn-data/tree/main/config,12,10,/PabloSnchz/deutsche-bahn-data/blob/main/scripts/db_data_fetcher.py,12,6,/PabloSnchz/deutsche-bahn-data/blob/main/scripts/create_monthly_data_release.py,8,5
2026-01-16,/PabloSnchz/deutsche-bahn-data,183,109,/PabloSnchz/deutsche-bahn-data/tree/main,36,12,/PabloSnchz/deutsche-bahn-data/tree/main/scripts,31,15,/PabloSnchz/deutsche-bahn-data/tree/main/notebooks,31,14,/PabloSnchz/deutsche-bahn-data/tree/main/stats,24,16,/PabloSnchz/deutsche-bahn-data/tree/main/stats/data,14,9,/PabloSnchz/deutsche-bahn-data/blob/main/scripts/fetch_eva_plan_and_change.py,13,5,/PabloSnchz/deutsche-bahn-data/tree/main/config,12,10,/PabloSnchz/deutsche-bahn-data/blob/main/scripts/db_data_fetcher.py,12,6,/PabloSnchz/deutsche-bahn-data/blob/main/scripts/create_monthly_data_release.py,8,5
2026-01-17,/PabloSnchz/deutsche-bahn-data,188,115,/PabloSnchz/deutsche-bahn-data/tree/main,36,12,/PabloSnchz/deutsche-bahn-data/tree/main/scripts,30,15,/PabloSnchz/deutsche-bahn-data/tree/main/notebooks,30,13,/PabloSnchz/deutsche-bahn-data/tree/main/stats,25,17,/PabloSnchz/deutsche-bahn-data/tree/main/stats/data,14,9,/PabloSnchz/deutsche-bahn-data/blob/main/scripts/fetch_eva_plan_and_change.py,13,5,/PabloSnchz/deutsche-bahn-data/blob/main/scripts/db_data_fetcher.py,12,6,/PabloSnchz/deutsche-bahn-data/tree/main/config,10,9,/PabloSnchz/deutsche-bahn-data/blob/main/scripts/create_monthly_data_release.py,9,6
2026-01-18,/PabloSnchz/deutsche-bahn-data,196,121,/PabloSnchz/deutsche-bahn-data/tree/main,36,12,/PabloSnchz/deutsche-bahn-data/tree/main/notebooks,31,14,/PabloSnchz/deutsche-bahn-data/tree/main/scripts,30,15,/PabloSnchz/deutsche-bahn-data/tree/main/stats,25,17,/PabloSnchz/deutsche-bahn-data/tree/main/stats/data,14,9,/PabloSnchz/deutsche-bahn-data/blob/main/scripts/fetch_eva_plan_and_change.py,13,5,/PabloSnchz/deutsche-bahn-data/blob/main/scripts/db_data_fetcher.py,12,6,/PabloSnchz/deutsche-bahn-data/tree/main/config,10,9,/PabloSnchz/deutsche-bahn-data/blob/main/scripts/create_monthly_data_release.py,9,6
2026-01-19,/PabloSnchz/deutsche-bahn-data,192,121,/PabloSnchz/deutsche-bahn-data/tree/main,42,13,/PabloSnchz/deutsche-bahn-data/tree/main/notebooks,32,14,/PabloSnchz/deutsche-bahn-data/tree/main/scripts,29,15,/PabloSnchz/deutsche-bahn-data/tree/main/stats,24,16,/PabloSnchz/deutsche-bahn-data/tree/main/stats/data,16,10,/PabloSnchz/deutsche-bahn-data/blob/main/scripts/fetch_eva_plan_and_change.py,13,5,/PabloSnchz/deutsche-bahn-data/blob/main/scripts/db_data_fetcher.py,12,6,/PabloSnchz/deutsche-bahn-data/tree/main/test_scripts,11,5,/PabloSnchz/deutsche-bahn-data/tree/main/config,10,9
2026-01-20,/PabloSnchz/deutsche-bahn-data,194,121,/PabloSnchz/deutsche-bahn-data/tree/main,43,13,/PabloSnchz/deutsche-bahn-data/tree/main/scripts,32,16,/PabloSnchz/deutsche-bahn-data/tree/main/notebooks,32,14,/PabloSnchz/deutsche-bahn-data/tree/main/stats,25,17,/PabloSnchz/deutsche-bahn-data/tree/main/stats/data,16,10,/PabloSnchz/deutsche-bahn-data/blob/main/scripts/db_data_fetcher.py,14,6,/PabloSnchz/deutsche-bahn-data/blob/main/scripts/fetch_eva_plan_and_change.py,14,5,/PabloSnchz/deutsche-bahn-data/blob/main/scripts/create_monthly_data_release.py,12,7,/PabloSnchz/deutsche-bahn-data/tree/main/test_scripts,11,5
2026-01-21,/PabloSnchz/deutsche-bahn-data,207,129,/PabloSnchz/deutsche-bahn-data/tree/main,43,13,/PabloSnchz/deutsche-bahn-data/tree/main/scripts,32,16,/PabloSnchz/deutsche-bahn-data/tree/main/notebooks,32,14,/PabloSnchz/deutsche-bahn-data/tree/main/stats,25,17,/PabloSnchz/deutsche-bahn-data/tree/main/stats/data,16,10,/PabloSnchz/deutsche-bahn-data/blob/main/scripts/db_data_fetcher.py,14,6,/PabloSnchz/deutsche-bahn-data/blob/main/scripts/fetch_eva_plan_and_change.py,14,5,/PabloSnchz/deutsche-bahn-data/blob/main/scripts/create_monthly_data_release.py,12,7,/PabloSnchz/deutsche-bahn-data/tree/main/test_scripts,11,5
2026-01-22,/PabloSnchz/deutsche-bahn-data,209,131,/PabloSnchz/deutsche-bahn-data/tree/main,42,12,/PabloSnchz/deutsche-bahn-data/tree/main/scripts,33,16,/PabloSnchz/deutsche-bahn-data/tree/main/notebooks,33,15,/PabloSnchz/deutsche-bahn-data/tree/main/stats,25,17,/PabloSnchz/deutsche-bahn-data/tree/main/stats/data,16,10,/PabloSnchz/deutsche-bahn-data/blob/main/scripts/db_data_fetcher.py,15,7,/PabloSnchz/deutsche-bahn-data/blob/main/scripts/fetch_eva_plan_and_change.py,14,5,/PabloSnchz/deutsche-bahn-data/blob/main/scripts/create_monthly_data_release.py,12,7,/PabloSnchz/deutsche-bahn-data/tree/main/config,10,9
2026-01-23,/PabloSnchz/deutsche-bahn-data,209,132,/PabloSnchz/deutsche-bahn-data/tree/main,36,11,/PabloSnchz/deutsche-bahn-data/tree/main/scripts,32,15,/PabloSnchz/deutsche-bahn-data/tree/main/notebooks,29,14,/PabloSnchz/deutsche-bahn-data/tree/main/stats,24,17,/PabloSnchz/deutsche-bahn-data/blob/main/scripts/db_data_fetcher.py,15,7,/PabloSnchz/deutsche-bahn-data/blob/main/scripts/fetch_eva_plan_and_change.py,14,5,/PabloSnchz/deutsche-bahn-data/blob/main/scripts/create_monthly_data_release.py,12,7,/PabloSnchz/deutsche-bahn-data/tree/main/stats/data,11,10,/PabloSnchz/deutsche-bahn-data/tree/main/config,9,8
2026-01-24,/PabloSnchz/deutsche-bahn-data,211,131,/PabloSnchz/deutsche-bahn-data/tree/main,26,9,/PabloSnchz/deutsche-bahn-data/tree/main/scripts,25,11,/PabloSnchz/deutsche-bahn-data/tree/main/notebooks,24,12,/PabloSnchz/deutsche-bahn-data/tree/main/stats,20,15,/PabloSnchz/deutsche-bahn-data/blob/main/scripts/db_data_fetcher.py,13,5,/PabloSnchz/deutsche-bahn-data/blob/main/scripts/fetch_eva_plan_and_change.py,13,4,/PabloSnchz/deutsche-bahn-data/blob/main/scripts/create_monthly_data_release.py,11,5,/PabloSnchz/deutsche-bahn-data/tree/main/stats/data,10,9,/PabloSnchz/deutsche-bahn-data/tree/main/.github/workflows,7,5
2026-01-25,/PabloSnchz/deutsche-bahn-data,199,127,/PabloSnchz/deutsche-bahn-data/tree/main,23,8,/PabloSnchz/deutsche-bahn-data/tree/main/notebooks,21,11,/PabloSnchz/deutsche-bahn-data/tree/main/scripts,17,10,/PabloSnchz/deutsche-bahn-data/tree/main/stats,15,13,/PabloSnchz/deutsche-bahn-data/tree/main/stats/data,9,8,/PabloSnchz/deutsche-bahn-data/blob/main/scripts/create_monthly_data_release.py,9,4,/PabloSnchz/deutsche-bahn-data/tree/main/.github/workflows,7,5,/PabloSnchz/deutsche-bahn-data/blob/main/scripts/db_data_fetcher.py,6,4,/PabloSnchz/deutsche-bahn-data/issues,5,5
2026-01-26,/PabloSnchz/deutsche-bahn-data,192,120,/PabloSnchz/deutsche-bahn-data/tree/main/notebooks,21,10,/PabloSnchz/deutsche-bahn-data/tree/main,18,5,/PabloSnchz/deutsche-bahn-data/tree/main/scripts,17,11,/PabloSnchz/deutsche-bahn-data/tree/main/stats,12,11,/PabloSnchz/deutsche-bahn-data/tree/main/.github/workflows,7,5,/PabloSnchz/deutsche-bahn-data/blob/main/scripts/create_monthly_data_release.py,7,3,/PabloSnchz/deutsche-bahn-data/blob/main/notebooks/allgemein.ipynb,6,5,/PabloSnchz/deutsche-bahn-data/tree/main/stats/data,6,5,/PabloSnchz/deutsche-bahn-data/blob/main/scripts/fetch_eva_plan_and_change.py,5,4
2026-01-27,/PabloSnchz/deutsche-bahn-data,193,112,/PabloSnchz/deutsche-bahn-data/tree/main/notebooks,21,10,/PabloSnchz/deutsche-bahn-data/commits/main,17,1,/PabloSnchz/deutsche-bahn-data/tree/main,15,4,/PabloSnchz/deutsche-bahn-data/tree/main/scripts,13,10,/PabloSnchz/deutsche-bahn-data/tree/main/stats,12,11,/PabloSnchz/deutsche-bahn-data/blob/main/scripts/create_monthly_data_release.py,8,3,/PabloSnchz/deutsche-bahn-data/blob/main/notebooks/allgemein.ipynb,7,5,/PabloSnchz/deutsche-bahn-data/tree/main/.github/workflows,7,5,/PabloSnchz/deutsche-bahn-data/tree/main/stats/data,6,5
2026-01-28,/PabloSnchz/deutsche-bahn-data,187,110,/PabloSnchz/deutsche-bahn-data/tree/main,21,5,/PabloSnchz/deutsche-bahn-data/tree/main/notebooks,20,9,/PabloSnchz/deutsche-bahn-data/commits/main,17,1,/PabloSnchz/deutsche-bahn-data/tree/main/scripts,14,9,/PabloSnchz/deutsche-bahn-data/tree/main/stats,11,9,/PabloSnchz/deutsche-bahn-data/blob/main/scripts/create_monthly_data_release.py,8,3,/PabloSnchz/deutsche-bahn-data/blob/main/notebooks/allgemein.ipynb,7,5,/PabloSnchz/deutsche-bahn-data/tree/main/stats/data,7,5,/PabloSnchz/deutsche-bahn-data/tree/main/.github/workflows,6,4
2026-01-29,/PabloSnchz/deutsche-bahn-data,183,109,/PabloSnchz/deutsche-bahn-data/tree/main/notebooks,17,8,/PabloSnchz/deutsche-bahn-data/commits/main,17,1,/PabloSnchz/deutsche-bahn-data/tree/main,16,4,/PabloSnchz/deutsche-bahn-data/tree/main/scripts,12,7,/PabloSnchz/deutsche-bahn-data/tree/main/stats,7,6,/PabloSnchz/deutsche-bahn-data/blob/main/scripts/create_monthly_data_release.py,7,2,/PabloSnchz/deutsche-bahn-data/issues,6,6,/PabloSnchz/deutsche-bahn-data/blob/main/notebooks/allgemein.ipynb,6,4,/PabloSnchz/deutsche-bahn-data/blob/main/README.md,5,3
2026-01-30,/PabloSnchz/deutsche-bahn-data,172,102,/PabloSnchz/deutsche-bahn-data/commits/main,17,1,/PabloSnchz/deutsche-bahn-data/tree/main,16,4,/PabloSnchz/deutsche-bahn-data/tree/main/scripts,13,8,/PabloSnchz/deutsche-bahn-data/tree/main/notebooks,10,7,/PabloSnchz/deutsche-bahn-data/tree/main/stats,8,7,/PabloSnchz/deutsche-bahn-data/blob/main/scripts/create_monthly_data_release.py,8,3,/PabloSnchz/deutsche-bahn-data/issues,6,6,/PabloSnchz/deutsche-bahn-data/blob/main/notebooks/allgemein.ipynb,6,4,/PabloSnchz/deutsche-bahn-data/blob/main/scripts/db_data_fetcher.py,6,4
2026-01-31,/PabloSnchz/deutsche-bahn-data,184,105,/PabloSnchz/deutsche-bahn-data/commits/main,17,1,/PabloSnchz/deutsche-bahn-data/tree/main,15,4,/PabloSnchz/deutsche-bahn-data/tree/main/scripts,13,9,/PabloSnchz/deutsche-bahn-data/tree/main/notebooks,10,7,/PabloSnchz/deutsche-bahn-data/blob/main/README.md,9,5,/PabloSnchz/deutsche-bahn-data/issues,7,7,/PabloSnchz/deutsche-bahn-data/tree/main/stats,7,6,/PabloSnchz/deutsche-bahn-data/blob/main/scripts/create_monthly_data_release.py,7,3,/PabloSnchz/deutsche-bahn-data/blob/main/notebooks/allgemein.ipynb,6,4
2026-02-01,/PabloSnchz/deutsche-bahn-data,179,101,/PabloSnchz/deutsche-bahn-data/commits/main,17,1,/PabloSnchz/deutsche-bahn-data/tree/main,15,4,/PabloSnchz/deutsche-bahn-data/tree/main/scripts,13,9,/PabloSnchz/deutsche-bahn-data/tree/main/notebooks,10,7,/PabloSnchz/deutsche-bahn-data/tree/main/stats,8,7,/PabloSnchz/deutsche-bahn-data/blob/main/README.md,8,5,/PabloSnchz/deutsche-bahn-data/blob/main/notebooks/allgemein.ipynb,8,5,/PabloSnchz/deutsche-bahn-data/issues,7,7,/PabloSnchz/deutsche-bahn-data/tree/main/test_scripts,7,4
2026-02-02,/PabloSnchz/deutsche-bahn-data,178,105,/PabloSnchz/deutsche-bahn-data/commits/main,17,1,/PabloSnchz/deutsche-bahn-data/tree/main/scripts,13,9,/PabloSnchz/deutsche-bahn-data/tree/main,9,3,/PabloSnchz/deutsche-bahn-data/tree/main/notebooks,8,6,/PabloSnchz/deutsche-bahn-data/blob/main/README.md,8,5,/PabloSnchz/deutsche-bahn-data/blob/main/notebooks/allgemein.ipynb,8,5,/PabloSnchz/deutsche-bahn-data/issues,7,7,/PabloSnchz/deutsche-bahn-data/tree/main/stats,7,6,/PabloSnchz/deutsche-bahn-data/blob/main/scripts/create_monthly_data_release.py,7,3
2026-02-03,/PabloSnchz/deutsche-bahn-data,180,108,/PabloSnchz/deutsche-bahn-data/commits/main,18,1,/PabloSnchz/deutsche-bahn-data/tree/main/scripts,10,7,/PabloSnchz/deutsche-bahn-data/tree/main/notebooks,9,7,/PabloSnchz/deutsche-bahn-data/tree/main,9,2,/PabloSnchz/deutsche-bahn-data/blob/main/README.md,8,5,/PabloSnchz/deutsche-bahn-data/blob/main/notebooks/allgemein.ipynb,8,5,/PabloSnchz/deutsche-bahn-data/issues,7,7,/PabloSnchz/deutsche-bahn-data/tree/main/stats,7,6,/PabloSnchz/deutsche-bahn-data/issues/6,5,3
2026-02-04,/PabloSnchz/deutsche-bahn-data,174,106,/PabloSnchz/deutsche-bahn-data/commits/main,18,1,/PabloSnchz/deutsche-bahn-data/tree/main/notebooks,10,8,/PabloSnchz/deutsche-bahn-data/tree/main/scripts,10,7,/PabloSnchz/deutsche-bahn-data/tree/main,9,2,/PabloSnchz/deutsche-bahn-data/tree/main/stats,8,7,/PabloSnchz/deutsche-bahn-data/blob/main/README.md,8,5,/PabloSnchz/deutsche-bahn-data/blob/main/notebooks/allgemein.ipynb,8,5,/PabloSnchz/deutsche-bahn-data/blob/main/notebooks/verspaetungsverlauf.ipynb,6,3,/PabloSnchz/deutsche-bahn-data/issues,5,5
2026-02-05,/PabloSnchz/deutsche-bahn-data,169,104,/PabloSnchz/deutsche-bahn-data/commits/main,18,1,/PabloSnchz/deutsche-bahn-data/tree/main/notebooks,17,10,/PabloSnchz/deutsche-bahn-data/tree/main/stats,11,8,/PabloSnchz/deutsche-bahn-data/blob/main/notebooks/allgemein.ipynb,11,7,/PabloSnchz/deutsche-bahn-data/tree/main/scripts,9,7,/PabloSnchz/deutsche-bahn-data/tree/main,9,2,/PabloSnchz/deutsche-bahn-data/blob/main/README.md,8,5,/PabloSnchz/deutsche-bahn-data/tree/main/stats/data,7,5,/PabloSnchz/deutsche-bahn-data/blob/main/notebooks/verspaetungsverlauf.ipynb,6,3
2026-02-06,/PabloSnchz/deutsche-bahn-data,174,106,/PabloSnchz/deutsche-bahn-data/commits/main,18,1,/PabloSnchz/deutsche-bahn-data/tree/main/notebooks,17,10,/PabloSnchz/deutsche-bahn-data/blob/main/notebooks/allgemein.ipynb,11,7,/PabloSnchz/deutsche-bahn-data/tree/main/stats,10,7,/PabloSnchz/deutsche-bahn-data/tree/main/scripts,9,7,/PabloSnchz/deutsche-bahn-data/tree/main,9,2,/PabloSnchz/deutsche-bahn-data/blob/main/README.md,8,5,/PabloSnchz/deutsche-bahn-data/tree/main/stats/data,6,4,/PabloSnchz/deutsche-bahn-data/blob/main/notebooks/verspaetungsverlauf.ipynb,6,3
2026-02-07,/PabloSnchz/deutsche-bahn-data,159,101,/PabloSnchz/deutsche-bahn-data/commits/main,18,1,/PabloSnchz/deutsche-bahn-data/tree/main/notebooks,17,10,/PabloSnchz/deutsche-bahn-data/blob/main/notebooks/allgemein.ipynb,11,7,/PabloSnchz/deutsche-bahn-data/tree/main/stats,10,7,/PabloSnchz/deutsche-bahn-data/tree/main/scripts,9,7,/PabloSnchz/deutsche-bahn-data/tree/main,9,2,/PabloSnchz/deutsche-bahn-data/blob/main/README.md,8,5,/PabloSnchz/deutsche-bahn-data/tree/main/stats/data,6,4,/PabloSnchz/deutsche-bahn-data/blob/main/notebooks/verspaetungsverlauf.ipynb,6,3
2026-02-08,/PabloSnchz/deutsche-bahn-data,162,106,/PabloSnchz/deutsche-bahn-data/commits/main,18,1,/PabloSnchz/deutsche-bahn-data/tree/main/notebooks,17,10,/PabloSnchz/deutsche-bahn-data/blob/main/notebooks/allgemein.ipynb,11,7,/PabloSnchz/deutsche-bahn-data/tree/main/stats,10,7,/PabloSnchz/deutsche-bahn-data/tree/main/scripts,9,7,/PabloSnchz/deutsche-bahn-data/tree/main,9,2,/PabloSnchz/deutsche-bahn-data/blob/main/README.md,6,4,/PabloSnchz/deutsche-bahn-data/tree/main/stats/data,6,4,/PabloSnchz/deutsche-bahn-data/blob/main/notebooks/verspaetungsverlauf.ipynb,6,3
2026-02-09,/PabloSnchz/deutsche-bahn-data,159,110,/PabloSnchz/deutsche-bahn-data/tree/main/notebooks,19,10,/PabloSnchz/deutsche-bahn-data/commits/main,18,1,/PabloSnchz/deutsche-bahn-data/tree/main,17,3,/PabloSnchz/deutsche-bahn-data/tree/main/scripts,11,6,/PabloSnchz/deutsche-bahn-data/blob/main/notebooks/allgemein.ipynb,10,7,/PabloSnchz/deutsche-bahn-data/tree/main/stats,9,6,/PabloSnchz/deutsche-bahn-data/blob/main/README.md,8,5,/PabloSnchz/deutsche-bahn-data/tree/main/stats/data,6,4,/PabloSnchz/deutsche-bahn-data/blob/main/stats/data/verspaetungsverlauf_ice.png,6,2
2026-02-10,/PabloSnchz/deutsche-bahn-data,153,112,/PabloSnchz/deutsche-bahn-data/tree/main/notebooks,18,9,/PabloSnchz/deutsche-bahn-data/tree/main,17,3,/PabloSnchz/deutsche-bahn-data/tree/main/scripts,11,6,/PabloSnchz/deutsche-bahn-data/tree/main/stats,10,7,/PabloSnchz/deutsche-bahn-data/blob/main/notebooks/allgemein.ipynb,8,6,/PabloSnchz/deutsche-bahn-data/blob/main/README.md,8,5,/PabloSnchz/deutsche-bahn-data/tree/main/stats/data,7,5,/PabloSnchz/deutsche-bahn-data/blob/main/stats/data/verspaetungsverlauf_ice.png,6,2,/PabloSnchz/deutsche-bahn-data/issues,5,5
2026-02-11,/PabloSnchz/deutsche-bahn-data,150,111,/PabloSnchz/deutsche-bahn-data/tree/main/notebooks,17,8,/PabloSnchz/deutsche-bahn-data/tree/main,9,2,/PabloSnchz/deutsche-bahn-data/blob/main/notebooks/allgemein.ipynb,8,6,/PabloSnchz/deutsche-bahn-data/tree/main/stats,8,6,/PabloSnchz/deutsche-bahn-data/blob/main/README.md,8,5,/PabloSnchz/deutsche-bahn-data/tree/main/scripts,7,4,/PabloSnchz/deutsche-bahn-data/blob/main/stats/data/verspaetungsverlauf_ice.png,6,2,/PabloSnchz/deutsche-bahn-data/blob/main/stats/allgemein.html,5,4,/PabloSnchz/deutsche-bahn-data/tree/main/stats/data,5,4
2026-02-12,/PabloSnchz/deutsche-bahn-data,143,109,/PabloSnchz/deutsche-bahn-data/tree/main/notebooks,17,8,/PabloSnchz/deutsche-bahn-data/blob/main/README.md,10,7,/PabloSnchz/deutsche-bahn-data/tree/main,9,2,/PabloSnchz/deutsche-bahn-data/blob/main/notebooks/allgemein.ipynb,8,6,/PabloSnchz/deutsche-bahn-data/tree/main/stats,8,6,/PabloSnchz/deutsche-bahn-data/tree/main/scripts,7,4,/PabloSnchz/deutsche-bahn-data/blob/main/stats/data/verspaetungsverlauf_ice.png,6,2,/PabloSnchz/deutsche-bahn-data/blob/main/stats/allgemein.html,5,4,/PabloSnchz/deutsche-bahn-data/tree/main/stats/data,5,4
2026-02-13,/PabloSnchz/deutsche-bahn-data,148,112,/PabloSnchz/deutsche-bahn-data/tree/main/notebooks,17,8,/PabloSnchz/deutsche-bahn-data/blob/main/README.md,10,7,/PabloSnchz/deutsche-bahn-data/tree/main,9,2,/PabloSnchz/deutsche-bahn-data/blob/main/notebooks/allgemein.ipynb,7,5,/PabloSnchz/deutsche-bahn-data/tree/main/stats,7,5,/PabloSnchz/deutsche-bahn-data/tree/main/scripts,7,4,/PabloSnchz/deutsche-bahn-data/blob/main/stats/data/verspaetungsverlauf_ice.png,6,2,/PabloSnchz/deutsche-bahn-data/blob/main/stats/allgemein.html,5,4,/PabloSnchz/deutsche-bahn-data/tree/main/stats/data,5,4
2026-02-14,/PabloSnchz/deutsche-bahn-data,130,103,/PabloSnchz/deutsche-bahn-data/tree/main/notebooks,17,8,/PabloSnchz/deutsche-bahn-data/tree/main,9,2,/PabloSnchz/deutsche-bahn-data/blob/main/notebooks/allgemein.ipynb,7,5,/PabloSnchz/deutsche-bahn-data/tree/main/stats,7,5,/PabloSnchz/deutsche-bahn-data/blob/main/README.md,6,5,/PabloSnchz/deutsche-bahn-data/tree/main/scripts,6,3,/PabloSnchz/deutsche-bahn-data/blob/main/stats/data/verspaetungsverlauf_ice.png,6,2,/PabloSnchz/deutsche-bahn-data/tree/main/stats/data,5,4,/PabloSnchz/deutsche-bahn-data/blob/main/stats/data/top_15_verspaetung_und_ausfallquote.png,5,2
2026-02-15,/PabloSnchz/deutsche-bahn-data,131,103,/PabloSnchz/deutsche-bahn-data/tree/main/notebooks,16,7,/PabloSnchz/deutsche-bahn-data/tree/main,9,2,/PabloSnchz/deutsche-bahn-data/blob/main/README.md,6,5,/PabloSnchz/deutsche-bahn-data/tree/main/stats,6,4,/PabloSnchz/deutsche-bahn-data/tree/main/scripts,6,3,/PabloSnchz/deutsche-bahn-data/blob/main/stats/data/verspaetungsverlauf_ice.png,6,2,/PabloSnchz/deutsche-bahn-data/blob/main/notebooks/allgemein.ipynb,5,4,/PabloSnchz/deutsche-bahn-data/tree/main/stats/data,5,4,/PabloSnchz/deutsche-bahn-data/blob/main/stats/data/top_15_verspaetung_und_ausfallquote.png,5,2
2026-02-16,/PabloSnchz/deutsche-bahn-data,129,99,/PabloSnchz/deutsche-bahn-data/tree/main/notebooks,16,7,/PabloSnchz/deutsche-bahn-data/tree/main,10,3,/PabloSnchz/deutsche-bahn-data/blob/main/README.md,7,5,/PabloSnchz/deutsche-bahn-data/tree/main/stats,6,4,/PabloSnchz/deutsche-bahn-data/blob/main/stats/data/verspaetungsverlauf_ice.png,6,2,/PabloSnchz/deutsche-bahn-data/blob/main/notebooks/allgemein.ipynb,5,4,/PabloSnchz/deutsche-bahn-data/tree/main/stats/data,5,4,/PabloSnchz/deutsche-bahn-data/blob/main/stats/data/top_15_verspaetung_und_ausfallquote.png,5,2,/PabloSnchz/deutsche-bahn-data/tree/main/scripts,5,2
2026-02-17,/PabloSnchz/deutsche-bahn-data,123,94,/PabloSnchz/deutsche-bahn-data/tree/main/notebooks,16,7,/PabloSnchz/deutsche-bahn-data/tree/main,9,2,/PabloSnchz/deutsche-bahn-data/blob/main/README.md,7,5,/PabloSnchz/deutsche-bahn-data/blob/main/stats/data/verspaetungsverlauf_ice.png,6,2,/PabloSnchz/deutsche-bahn-data/blob/main/notebooks/allgemein.ipynb,5,4,/PabloSnchz/deutsche-bahn-data/tree/main/stats/data,5,4,/PabloSnchz/deutsche-bahn-data/tree/main/stats,5,3,/PabloSnchz/deutsche-bahn-data/tree/main/stats/data/wochentag,5,3,/PabloSnchz/deutsche-bahn-data/blob/main/stats/data/top_15_verspaetung_und_ausfallquote.png,5,2
2026-02-18,/PabloSnchz/deutsche-bahn-data,117,93,/PabloSnchz/deutsche-bahn-data/tree/main/notebooks,15,6,/PabloSnchz/deutsche-bahn-data/tree/main,9,2,/PabloSnchz/deutsche-bahn-data/blob/main/README.md,7,5,/PabloSnchz/deutsche-bahn-data/blob/main/stats/data/verspaetungsverlauf_ice.png,6,2,/PabloSnchz/deutsche-bahn-data/blob/main/notebooks/allgemein.ipynb,5,4,/PabloSnchz/deutsche-bahn-data/blob/main/stats/data/top_15_verspaetung_und_ausfallquote.png,5,2,/PabloSnchz/deutsche-bahn-data/tree/main/scripts,5,2,/PabloSnchz/deutsche-bahn-data/blob/main/notebooks/zugverbindung.ipynb,4,3,/PabloSnchz/deutsche-bahn-data/tree/main/stats/data,4,3
2026-02-19,/PabloSnchz/deutsche-bahn-data,116,94,/PabloSnchz/deutsche-bahn-data/tree/main,10,3,/PabloSnchz/deutsche-bahn-data/blob/main/README.md,8,6,/PabloSnchz/deutsche-bahn-data/tree/main/notebooks,8,5,/PabloSnchz/deutsche-bahn-data/tree/main/scripts,5,2,/PabloSnchz/deutsche-bahn-data/tree/main/stats,4,3,/PabloSnchz/deutsche-bahn-data/blob/main/notebooks/allgemein.ipynb,3,3,/PabloSnchz/deutsche-bahn-data/commit/afb6e9f8eaf1f9039a0f90f565c34ac5f54a073f,3,3,/PabloSnchz/deutsche-bahn-data/tree/main/stats/data,3,3,/PabloSnchz/deutsche-bahn-data/blob/main/AGENTS.md,2,2
2026-02-20,/PabloSnchz/deutsche-bahn-data,121,99,/PabloSnchz/deutsche-bahn-data/tree/main,10,3,/PabloSnchz/deutsche-bahn-data/blob/main/README.md,8,6,/PabloSnchz/deutsche-bahn-data/tree/main/notebooks,8,5,/PabloSnchz/deutsche-bahn-data/tree/main/scripts,5,2,/PabloSnchz/deutsche-bahn-data/tree/main/stats,4,3,/PabloSnchz/deutsche-bahn-data/blob/main/notebooks/allgemein.ipynb,3,3,/PabloSnchz/deutsche-bahn-data/commit/afb6e9f8eaf1f9039a0f90f565c34ac5f54a073f,3,3,/PabloSnchz/deutsche-bahn-data/tree/main/stats/data,3,3,/PabloSnchz/deutsche-bahn-data/blob/delete-history-date-from-repo/README.md,3,2
2026-02-21,/PabloSnchz/deutsche-bahn-data,118,93,/PabloSnchz/deutsche-bahn-data/tree/main,10,3,/PabloSnchz/deutsche-bahn-data/blob/main/README.md,8,6,/PabloSnchz/deutsche-bahn-data/tree/main/notebooks,8,5,/PabloSnchz/deutsche-bahn-data/tree/main/scripts,5,2,/PabloSnchz/deutsche-bahn-data/tree/main/stats,4,3,/PabloSnchz/deutsche-bahn-data/blob/delete-history-date-from-repo/README.md,4,2,/PabloSnchz/deutsche-bahn-data/blob/main/notebooks/allgemein.ipynb,3,3,/PabloSnchz/deutsche-bahn-data/commit/afb6e9f8eaf1f9039a0f90f565c34ac5f54a073f,3,3,/PabloSnchz/deutsche-bahn-data/tree/main/stats/data,3,3
2026-02-22,/PabloSnchz/deutsche-bahn-data,117,93,/PabloSnchz/deutsche-bahn-data/tree/main,10,3,/PabloSnchz/deutsche-bahn-data/blob/main/README.md,8,6,/PabloSnchz/deutsche-bahn-data/tree/main/notebooks,8,5,/PabloSnchz/deutsche-bahn-data/tree/main/stats,5,4,/PabloSnchz/deutsche-bahn-data/tree/main/scripts,5,2,/PabloSnchz/deutsche-bahn-data/tree/main/stats/data,4,4,/PabloSnchz/deutsche-bahn-data/blob/delete-history-date-from-repo/README.md,4,2,/PabloSnchz/deutsche-bahn-data/blob/main/notebooks/allgemein.ipynb,3,3,/PabloSnchz/deutsche-bahn-data/commit/afb6e9f8eaf1f9039a0f90f565c34ac5f54a073f,3,3
2026-02-23,/PabloSnchz/deutsche-bahn-data,121,91,/PabloSnchz/deutsche-bahn-data/tree/main/stats,5,4,/PabloSnchz/deutsche-bahn-data/blob/main/README.md,4,4,/PabloSnchz/deutsche-bahn-data/tree/main/stats/data,4,4,/PabloSnchz/deutsche-bahn-data/blob/delete-history-date-from-repo/README.md,4,2,/PabloSnchz/deutsche-bahn-data/commit/afb6e9f8eaf1f9039a0f90f565c34ac5f54a073f,3,3,/PabloSnchz/deutsche-bahn-data/tree/main/notebooks,3,3,/PabloSnchz/deutsche-bahn-data/actions,3,1,/PabloSnchz/deutsche-bahn-data/blob/main/AGENTS.md,2,2,/PabloSnchz/deutsche-bahn-data/blob/main/LICENSE,2,2
2026-02-24,/PabloSnchz/deutsche-bahn-data,124,92,/PabloSnchz/deutsche-bahn-data/tree/main/stats,6,5,/PabloSnchz/deutsche-bahn-data/tree/main/stats/data,5,5,/PabloSnchz/deutsche-bahn-data/blob/main/README.md,4,4,/PabloSnchz/deutsche-bahn-data/blob/delete-history-date-from-repo/README.md,4,2,/PabloSnchz/deutsche-bahn-data/tree/main,3,3,/PabloSnchz/deutsche-bahn-data/tree/main/notebooks,3,3,/PabloSnchz/deutsche-bahn-data/actions,3,1,/PabloSnchz/deutsche-bahn-data/blob/main/AGENTS.md,2,2,/PabloSnchz/deutsche-bahn-data/blob/main/LICENSE,2,2
2026-02-25,/PabloSnchz/deutsche-bahn-data,129,92,/PabloSnchz/deutsche-bahn-data/tree/main,8,4,/PabloSnchz/deutsche-bahn-data/tree/main/stats,6,5,/PabloSnchz/deutsche-bahn-data/blob/main/README.md,5,5,/PabloSnchz/deutsche-bahn-data/tree/main/stats/data,5,5,/PabloSnchz/deutsche-bahn-data/tree/main/scripts,4,3,/PabloSnchz/deutsche-bahn-data/blob/delete-history-date-from-repo/README.md,4,2,/PabloSnchz/deutsche-bahn-data/tree/main/notebooks,3,3,/PabloSnchz/deutsche-bahn-data/actions,3,1,/PabloSnchz/deutsche-bahn-data/blob/main/AGENTS.md,2,2
2026-02-26,/PabloSnchz/deutsche-bahn-data,143,99,/PabloSnchz/deutsche-bahn-data/tree/main/stats,8,7,/PabloSnchz/deutsche-bahn-data/tree/main,8,4,/PabloSnchz/deutsche-bahn-data/tree/main/stats/data,6,6,/PabloSnchz/deutsche-bahn-data/tree/main/scripts,4,3,/PabloSnchz/deutsche-bahn-data/blob/delete-history-date-from-repo/README.md,4,2,/PabloSnchz/deutsche-bahn-data/blob/main/README.md,3,3,/PabloSnchz/deutsche-bahn-data/tree/main/notebooks,3,3,/PabloSnchz/deutsche-bahn-data/blob/main/stats/bahnhof.html,3,2,/PabloSnchz/deutsche-bahn-data/actions,3,1
2026-02-27,/PabloSnchz/deutsche-bahn-data,142,97,/PabloSnchz/deutsche-bahn-data/tree/main/stats,8,7,/PabloSnchz/deutsche-bahn-data/tree/main,8,4,/PabloSnchz/deutsche-bahn-data/tree/main/stats/data,6,6,/PabloSnchz/deutsche-bahn-data/tree/main/scripts,4,3,/PabloSnchz/deutsche-bahn-data/blob/delete-history-date-from-repo/README.md,4,2,/PabloSnchz/deutsche-bahn-data/blob/main/README.md,3,3,/PabloSnchz/deutsche-bahn-data/tree/main/notebooks,3,3,/PabloSnchz/deutsche-bahn-data/blob/main/stats/bahnhof.html,3,2,/PabloSnchz/deutsche-bahn-data/actions,3,1
2026-02-28,/PabloSnchz/deutsche-bahn-data,149,101,/PabloSnchz/deutsche-bahn-data/tree/main/stats,9,8,/PabloSnchz/deutsche-bahn-data/tree/main,9,5,/PabloSnchz/deutsche-bahn-data/tree/main/stats/data,6,6,/PabloSnchz/deutsche-bahn-data/tree/main/notebooks,5,4,/PabloSnchz/deutsche-bahn-data/blob/main/notebooks/zugverbindung.ipynb,5,3,/PabloSnchz/deutsche-bahn-data/blob/main/README.md,4,4,/PabloSnchz/deutsche-bahn-data/tree/main/scripts,4,3,/PabloSnchz/deutsche-bahn-data/blob/delete-history-date-from-repo/README.md,4,2,/PabloSnchz/deutsche-bahn-data/blob/main/notebooks/verspaetungsverlauf.ipynb,4,1
2026-03-01,/PabloSnchz/deutsche-bahn-data,151,102,/PabloSnchz/deutsche-bahn-data/tree/main/stats,10,9,/PabloSnchz/deutsche-bahn-data/tree/main,9,5,/PabloSnchz/deutsche-bahn-data/tree/main/stats/data,6,6,/PabloSnchz/deutsche-bahn-data/tree/main/notebooks,6,5,/PabloSnchz/deutsche-bahn-data/tree/main/scripts,5,4,/PabloSnchz/deutsche-bahn-data/blob/main/notebooks/zugverbindung.ipynb,5,3,/PabloSnchz/deutsche-bahn-data/blob/main/README.md,4,4,/PabloSnchz/deutsche-bahn-data/blob/delete-history-date-from-repo/README.md,4,2,/PabloSnchz/deutsche-bahn-data/blob/main/notebooks/verspaetungsverlauf.ipynb,4,1
2026-03-02,/PabloSnchz/deutsche-bahn-data,160,103,/PabloSnchz/deutsche-bahn-data/tree/main/stats,11,9,/PabloSnchz/deutsche-bahn-data/tree/main/stats/data,9,7,/PabloSnchz/deutsche-bahn-data/tree/main,9,5,/PabloSnchz/deutsche-bahn-data/tree/main/notebooks,7,5,/PabloSnchz/deutsche-bahn-data/tree/main/scripts,6,4,/PabloSnchz/deutsche-bahn-data/tree/main/.github/workflows,5,5,/PabloSnchz/deutsche-bahn-data/blob/main/notebooks/zugverbindung.ipynb,5,3,/PabloSnchz/deutsche-bahn-data/tree/main/stats/data/monat,5,3,/PabloSnchz/deutsche-bahn-data/blob/delete-history-date-from-repo/README.md,4,2
2026-03-03,/PabloSnchz/deutsche-bahn-data,167,109,/PabloSnchz/deutsche-bahn-data/tree/main/stats,11,9,/PabloSnchz/deutsche-bahn-data/tree/main/stats/data,9,7,/PabloSnchz/deutsche-bahn-data/tree/main,9,5,/PabloSnchz/deutsche-bahn-data/tree/main/notebooks,7,5,/PabloSnchz/deutsche-bahn-data/tree/main/scripts,6,4,/PabloSnchz/deutsche-bahn-data/tree/main/.github/workflows,5,5,/PabloSnchz/deutsche-bahn-data/blob/main/notebooks/zugverbindung.ipynb,5,3,/PabloSnchz/deutsche-bahn-data/tree/main/stats/data/monat,5,3,/PabloSnchz/deutsche-bahn-data/blob/delete-history-date-from-repo/README.md,4,2
2026-03-04,/PabloSnchz/deutsche-bahn-data,172,109,/PabloSnchz/deutsche-bahn-data/tree/main/stats,12,10,/PabloSnchz/deutsche-bahn-data/tree/main/stats/data,10,8,/PabloSnchz/deutsche-bahn-data/tree/main/notebooks,9,7,/PabloSnchz/deutsche-bahn-data/tree/main,9,5,/PabloSnchz/deutsche-bahn-data/tree/main/scripts,7,5,/PabloSnchz/deutsche-bahn-data/tree/main/.github/workflows,6,6,/PabloSnchz/deutsche-bahn-data/blob/main/notebooks/zugverbindung.ipynb,5,3,/PabloSnchz/deutsche-bahn-data/tree/main/stats/data/monat,5,3,/PabloSnchz/deutsche-bahn-data/blob/main/README.md,4,4
2026-03-05,/PabloSnchz/deutsche-bahn-data,182,114,/PabloSnchz/deutsche-bahn-data/tree/main/stats,11,9,/PabloSnchz/deutsche-bahn-data/tree/main/stats/data,9,7,/PabloSnchz/deutsche-bahn-data/tree/main,9,5,/PabloSnchz/deutsche-bahn-data/tree/main/notebooks,8,6,/PabloSnchz/deutsche-bahn-data/tree/main/scripts,7,5,/PabloSnchz/deutsche-bahn-data/tree/main/.github/workflows,6,6,/PabloSnchz/deutsche-bahn-data/tree/main/stats/data/monat,6,4,/PabloSnchz/deutsche-bahn-data/blob/main/notebooks/zugverbindung.ipynb,5,3,/PabloSnchz/deutsche-bahn-data/tree/main/config,4,4
2026-03-06,/PabloSnchz/deutsche-bahn-data,171,107,/PabloSnchz/deutsche-bahn-data/tree/main/stats,12,10,/PabloSnchz/deutsche-bahn-data/tree/main/stats/data,11,8,/PabloSnchz/deutsche-bahn-data/tree/main/.github/workflows,10,7,/PabloSnchz/deutsche-bahn-data/tree/main,9,5,/PabloSnchz/deutsche-bahn-data/tree/main/notebooks,8,6,/PabloSnchz/deutsche-bahn-data/tree/main/scripts,7,5,/PabloSnchz/deutsche-bahn-data/tree/main/stats/data/monat,7,5,/PabloSnchz/deutsche-bahn-data/blob/main/notebooks/zugverbindung.ipynb,6,4,/PabloSnchz/deutsche-bahn-data/blob/main/notebooks/verspaetungsverlauf.ipynb,5,2
2026-03-07,/PabloSnchz/deutsche-bahn-data,175,114,/PabloSnchz/deutsche-bahn-data/tree/main/stats,12,10,/PabloSnchz/deutsche-bahn-data/tree/main/.github/workflows,12,7,/PabloSnchz/deutsche-bahn-data/tree/main/stats/data,11,8,/PabloSnchz/deutsche-bahn-data/tree/main/notebooks,9,7,/PabloSnchz/deutsche-bahn-data/tree/main,9,5,/PabloSnchz/deutsche-bahn-data/tree/main/scripts,8,6,/PabloSnchz/deutsche-bahn-data/tree/main/stats/data/monat,7,5,/PabloSnchz/deutsche-bahn-data/blob/main/notebooks/zugverbindung.ipynb,6,4,/PabloSnchz/deutsche-bahn-data/blob/main/notebooks/verspaetungsverlauf.ipynb,6,2
2026-03-08,/PabloSnchz/deutsche-bahn-data,177,113,/PabloSnchz/deutsche-bahn-data/tree/main/.github/workflows,12,7,/PabloSnchz/deutsche-bahn-data/tree/main/stats,11,9,/PabloSnchz/deutsche-bahn-data/tree/main/stats/data,10,7,/PabloSnchz/deutsche-bahn-data/tree/main/notebooks,9,7,/PabloSnchz/deutsche-bahn-data/tree/main,9,5,/PabloSnchz/deutsche-bahn-data/tree/main/scripts,8,6,/PabloSnchz/deutsche-bahn-data/tree/main/stats/data/monat,7,5,/PabloSnchz/deutsche-bahn-data/blob/main/notebooks/zugverbindung.ipynb,6,4,/PabloSnchz/deutsche-bahn-data/blob/main/notebooks/verspaetungsverlauf.ipynb,6,2
2026-03-09,/PabloSnchz/deutsche-bahn-data,171,112,/PabloSnchz/deutsche-bahn-data/tree/main/.github/workflows,13,8,/PabloSnchz/deutsche-bahn-data/tree/main/stats,11,9,/PabloSnchz/deutsche-bahn-data/tree/main/stats/data,10,7,/PabloSnchz/deutsche-bahn-data/tree/main,9,5,/PabloSnchz/deutsche-bahn-data/tree/main/notebooks,8,6,/PabloSnchz/deutsche-bahn-data/tree/main/scripts,7,5,/PabloSnchz/deutsche-bahn-data/tree/main/stats/data/monat,7,5,/PabloSnchz/deutsche-bahn-data/blob/main/notebooks/zugverbindung.ipynb,6,4,/PabloSnchz/deutsche-bahn-data/blob/main/notebooks/verspaetungsverlauf.ipynb,6,2
2026-03-10,/PabloSnchz/deutsche-bahn-data,178,111,/PabloSnchz/deutsche-bahn-data/tree/main/.github/workflows,13,8,/PabloSnchz/deutsche-bahn-data/tree/main/stats,10,8,/PabloSnchz/deutsche-bahn-data/tree/main/notebooks,8,6,/PabloSnchz/deutsche-bahn-data/tree/main/stats/data,8,5,/PabloSnchz/deutsche-bahn-data/tree/main,8,4,/PabloSnchz/deutsche-bahn-data/tree/main/scripts,7,5,/PabloSnchz/deutsche-bahn-data/blob/main/notebooks/zugverbindung.ipynb,6,4,/PabloSnchz/deutsche-bahn-data/blob/main/notebooks/verspaetungsverlauf.ipynb,6,2,/PabloSnchz/deutsche-bahn-data/blob/main/notebooks/verspaetung_pro_bahnhof.ipynb,5,5
2026-03-11,/PabloSnchz/deutsche-bahn-data,179,112,/PabloSnchz/deutsche-bahn-data/tree/main/.github/workflows,13,8,/PabloSnchz/deutsche-bahn-data/tree/main/stats,10,8,/PabloSnchz/deutsche-bahn-data/tree/main/notebooks,8,6,/PabloSnchz/deutsche-bahn-data/tree/main/stats/data,8,5,/PabloSnchz/deutsche-bahn-data/blob/main/notebooks/verspaetungsverlauf.ipynb,6,2,/PabloSnchz/deutsche-bahn-data/blob/main/notebooks/verspaetung_pro_bahnhof.ipynb,5,5,/PabloSnchz/deutsche-bahn-data/tree/main/config,5,5,/PabloSnchz/deutsche-bahn-data/tree/main/scripts,5,4,/PabloSnchz/deutsche-bahn-data/tree/main/stats/data/monat,5,3
2026-03-12,/PabloSnchz/deutsche-bahn-data,168,104,/PabloSnchz/deutsche-bahn-data/tree/main/.github/workflows,13,8,/PabloSnchz/deutsche-bahn-data/tree/main/notebooks,8,6,/PabloSnchz/deutsche-bahn-data/tree/main/stats,8,6,/PabloSnchz/deutsche-bahn-data/tree/main/stats/data,7,4,/PabloSnchz/deutsche-bahn-data/blob/main/notebooks/verspaetungsverlauf.ipynb,6,2,/PabloSnchz/deutsche-bahn-data/blob/main/notebooks/verspaetung_pro_bahnhof.ipynb,5,5,/PabloSnchz/deutsche-bahn-data/tree/main/config,5,5,/PabloSnchz/deutsche-bahn-data/tree/main/scripts,5,4,/PabloSnchz/deutsche-bahn-data/tree/main/stats/data/monat,5,3
2026-03-13,/PabloSnchz/deutsche-bahn-data,159,99,/PabloSnchz/deutsche-bahn-data/tree/main/.github/workflows,13,8,/PabloSnchz/deutsche-bahn-data/tree/main/notebooks,8,6,/PabloSnchz/deutsche-bahn-data/tree/main/stats,8,6,/PabloSnchz/deutsche-bahn-data/tree/main/stats/data,7,4,/PabloSnchz/deutsche-bahn-data/blob/main/notebooks/verspaetungsverlauf.ipynb,6,2,/PabloSnchz/deutsche-bahn-data/blob/main/notebooks/verspaetung_pro_bahnhof.ipynb,5,5,/PabloSnchz/deutsche-bahn-data/tree/main/config,5,5,/PabloSnchz/deutsche-bahn-data/tree/main/stats/data/monat,5,3,/PabloSnchz/deutsche-bahn-data/issues,4,4
2026-03-14,/PabloSnchz/deutsche-bahn-data,157,97,/PabloSnchz/deutsche-bahn-data/tree/main/.github/workflows,12,7,/PabloSnchz/deutsche-bahn-data/tree/main/notebooks,8,6,/PabloSnchz/deutsche-bahn-data/tree/main/stats,8,6,/PabloSnchz/deutsche-bahn-data/tree/main/stats/data,7,4,/PabloSnchz/deutsche-bahn-data/tree/main/stats/data/monat,5,3,/PabloSnchz/deutsche-bahn-data/issues,4,4,/PabloSnchz/deutsche-bahn-data/tree/main/config,4,4,/PabloSnchz/deutsche-bahn-data/tree/main/scripts,4,3,/PabloSnchz/deutsche-bahn-data/tree/delete-history-date-from-repo/.github/workflows,4,1
2026-03-15,/PabloSnchz/deutsche-bahn-data,160,98,/PabloSnchz/deutsche-bahn-data/tree/main/.github/workflows,10,6,/PabloSnchz/deutsche-bahn-data/tree/main/notebooks,7,6,/PabloSnchz/deutsche-bahn-data/tree/main/stats,7,6,/PabloSnchz/deutsche-bahn-data/tree/main/stats/data,7,4,/PabloSnchz/deutsche-bahn-data/tree/main/stats/data/monat,5,3,/PabloSnchz/deutsche-bahn-data/issues,4,4,/PabloSnchz/deutsche-bahn-data/tree/delete-history-date-from-repo/.github/workflows,4,1,/PabloSnchz/deutsche-bahn-data/tree/main,3,3,/PabloSnchz/deutsche-bahn-data/tree/main/config,3,3
2026-03-16,/PabloSnchz/deutsche-bahn-data,151,96,/PabloSnchz/deutsche-bahn-data/tree/main/.github/workflows,8,4,/PabloSnchz/deutsche-bahn-data/tree/main/notebooks,6,5,/PabloSnchz/deutsche-bahn-data/tree/main/stats,6,5,/PabloSnchz/deutsche-bahn-data/tree/main/stats/data,4,3,/PabloSnchz/deutsche-bahn-data/tree/delete-history-date-from-repo/.github/workflows,4,1,/PabloSnchz/deutsche-bahn-data/issues,3,3,/PabloSnchz/deutsche-bahn-data/blob/delete-history-date-from-repo/.github/workflows/monthly_data_release.yml,3,2,/PabloSnchz/deutsche-bahn-data/blob/main/stats/data/kumulative_verteilung.png,3,2,/PabloSnchz/deutsche-bahn-data/blob/main/.gitignore,3,1
2026-03-17,/PabloSnchz/deutsche-bahn-data,154,98,/PabloSnchz/deutsche-bahn-data/tree/main/.github/workflows,9,5,/PabloSnchz/deutsche-bahn-data/tree/main,9,4,/PabloSnchz/deutsche-bahn-data/tree/main/notebooks,7,5,/PabloSnchz/deutsche-bahn-data/tree/main/stats,6,5,/PabloSnchz/deutsche-bahn-data/blob/main/notebooks/allgemein.ipynb,4,3,/PabloSnchz/deutsche-bahn-data/tree/main/stats/data,4,3,/PabloSnchz/deutsche-bahn-data/tree/delete-history-date-from-repo/.github/workflows,4,1,/PabloSnchz/deutsche-bahn-data/issues,3,3,/PabloSnchz/deutsche-bahn-data/tree/main/config,3,3
2026-03-18,/PabloSnchz/deutsche-bahn-data,162,98,/PabloSnchz/deutsche-bahn-data/tree/main,9,4,/PabloSnchz/deutsche-bahn-data/tree/main/.github/workflows,8,4,/PabloSnchz/deutsche-bahn-data/tree/main/stats,7,5,/PabloSnchz/deutsche-bahn-data/tree/main/notebooks,6,4,/PabloSnchz/deutsche-bahn-data/blob/main/notebooks/allgemein.ipynb,4,3,/PabloSnchz/deutsche-bahn-data/blob/main/notebooks/bahnhof.ipynb,3,3,/PabloSnchz/deutsche-bahn-data/issues,3,3,/PabloSnchz/deutsche-bahn-data/blob/main/stats/data/kumulative_verteilung.png,3,2,/PabloSnchz/deutsche-bahn-data/tree/main/stats/data,3,2
2026-03-19,/PabloSnchz/deutsche-bahn-data,153,93,/PabloSnchz/deutsche-bahn-data/tree/main,10,4,/PabloSnchz/deutsche-bahn-data/tree/main/.github/workflows,9,4,/PabloSnchz/deutsche-bahn-data/tree/main/notebooks,6,4,/PabloSnchz/deutsche-bahn-data/tree/main/stats,5,4,/PabloSnchz/deutsche-bahn-data/blob/main/notebooks/allgemein.ipynb,4,3,/PabloSnchz/deutsche-bahn-data/blob/main/average_delays.png,3,3,/PabloSnchz/deutsche-bahn-data/blob/main/notebooks/bahnhof.ipynb,3,3,/PabloSnchz/deutsche-bahn-data/blob/main/notebooks/verspaetung_pro_bahnhof.ipynb,2,2,/PabloSnchz/deutsche-bahn-data/blob/main/stats/bahnhof.html,2,2
2026-03-20,/PabloSnchz/deutsche-bahn-data,160,89,/PabloSnchz/deutsche-bahn-data/tree/main,12,4,/PabloSnchz/deutsche-bahn-data/tree/main/.github/workflows,6,4,/PabloSnchz/deutsche-bahn-data/tree/main/notebooks,6,4,/PabloSnchz/deutsche-bahn-data/tree/main/test_scripts,5,1,/PabloSnchz/deutsche-bahn-data/tree/main/stats,4,3,/PabloSnchz/deutsche-bahn-data/blob/main/average_delays.png,3,3,/PabloSnchz/deutsche-bahn-data/tree/main/config,3,3,/PabloSnchz/deutsche-bahn-data/blob/main/notebooks/allgemein.ipynb,3,2,/PabloSnchz/deutsche-bahn-data/deployments,3,2
2026-03-21,/PabloSnchz/deutsche-bahn-data,156,86,/PabloSnchz/deutsche-bahn-data/tree/main,14,4,/PabloSnchz/deutsche-bahn-data/tree/main/notebooks,6,4,/PabloSnchz/deutsche-bahn-data/tree/main/test_scripts,5,1,/PabloSnchz/deutsche-bahn-data/tree/main/.github/workflows,4,3,/PabloSnchz/deutsche-bahn-data/tree/main/stats,4,3,/PabloSnchz/deutsche-bahn-data/blob/main/average_delays.png,3,3,/PabloSnchz/deutsche-bahn-data/tree/main/config,3,3,/PabloSnchz/deutsche-bahn-data/blob/main/notebooks/allgemein.ipynb,3,2,/PabloSnchz/deutsche-bahn-data/deployments,3,2
2026-03-22,/PabloSnchz/deutsche-bahn-data,151,82,/PabloSnchz/deutsche-bahn-data/tree/main,14,4,/PabloSnchz/deutsche-bahn-data/tree/main/notebooks,6,4,/PabloSnchz/deutsche-bahn-data/tree/main/test_scripts,5,1,/PabloSnchz/deutsche-bahn-data/tree/main/.github/workflows,4,3,/PabloSnchz/deutsche-bahn-data/tree/main/stats,4,3,/PabloSnchz/deutsche-bahn-data/blob/main/average_delays.png,3,3,/PabloSnchz/deutsche-bahn-data/tree/main/config,3,3,/PabloSnchz/deutsche-bahn-data/blob/main/notebooks/allgemein.ipynb,3,2,/PabloSnchz/deutsche-bahn-data/deployments,3,2
2026-03-23,/PabloSnchz/deutsche-bahn-data,148,80,/PabloSnchz/deutsche-bahn-data/tree/main,14,4,/PabloSnchz/deutsche-bahn-data/tree/main/notebooks,7,5,/PabloSnchz/deutsche-bahn-data/tree/main/test_scripts,5,1,/PabloSnchz/deutsche-bahn-data/tree/main/stats,4,3,/PabloSnchz/deutsche-bahn-data/blob/main/average_delays.png,3,3,/PabloSnchz/deutsche-bahn-data/tree/main/.github/workflows,3,3,/PabloSnchz/deutsche-bahn-data/tree/main/config,3,3,/PabloSnchz/deutsche-bahn-data/blob/main/notebooks/allgemein.ipynb,3,2,/PabloSnchz/deutsche-bahn-data/deployments,3,2
2026-03-24,/PabloSnchz/deutsche-bahn-data,137,75,/PabloSnchz/deutsche-bahn-data/tree/main,14,4,/PabloSnchz/deutsche-bahn-data/tree/main/notebooks,7,5,/PabloSnchz/deutsche-bahn-data/tree/main/test_scripts,5,1,/PabloSnchz/deutsche-bahn-data/tree/main/.github/workflows,3,3,/PabloSnchz/deutsche-bahn-data/blob/main/notebooks/allgemein.ipynb,3,2,/PabloSnchz/deutsche-bahn-data/deployments,3,2,/PabloSnchz/deutsche-bahn-data/tree/main/stats,3,2,/PabloSnchz/deutsche-bahn-data/tree/main/test_scripts/test_data,3,1,/PabloSnchz/deutsche-bahn-data/blob/main/average_delays.png,2,2
2026-03-25,/PabloSnchz/deutsche-bahn-data,138,75,/PabloSnchz/deutsche-bahn-data/tree/main,14,4,/PabloSnchz/deutsche-bahn-data/tree/main/notebooks,7,5,/PabloSnchz/deutsche-bahn-data/tree/main/test_scripts,5,1,/PabloSnchz/deutsche-bahn-data/tree/main/.github/workflows,3,3,/PabloSnchz/deutsche-bahn-data/blob/main/notebooks/allgemein.ipynb,3,2,/PabloSnchz/deutsche-bahn-data/deployments,3,2,/PabloSnchz/deutsche-bahn-data/tree/main/stats,3,2,/PabloSnchz/deutsche-bahn-data/tree/main/test_scripts/test_data,3,1,/PabloSnchz/deutsche-bahn-data/blob/main/average_delays.png,2,2
2026-03-26,/PabloSnchz/deutsche-bahn-data,136,77,/PabloSnchz/deutsche-bahn-data/tree/main,14,4,/PabloSnchz/deutsche-bahn-data/tree/main/notebooks,7,5,/PabloSnchz/deutsche-bahn-data/tree/main/test_scripts,5,1,/PabloSnchz/deutsche-bahn-data/tree/main/.github/workflows,3,3,/PabloSnchz/deutsche-bahn-data/blob/main/notebooks/allgemein.ipynb,3,2,/PabloSnchz/deutsche-bahn-data/deployments,3,2,/PabloSnchz/deutsche-bahn-data/tree/main/stats,3,2,/PabloSnchz/deutsche-bahn-data/tree/main/test_scripts/test_data,3,1,/PabloSnchz/deutsche-bahn-data/blob/main/average_delays.png,2,2
2026-03-27,/PabloSnchz/deutsche-bahn-data,151,83,/PabloSnchz/deutsche-bahn-data/tree/main,14,4,/PabloSnchz/deutsche-bahn-data/tree/main/notebooks,8,6,/PabloSnchz/deutsche-bahn-data/tree/main/test_scripts,5,1,/PabloSnchz/deutsche-bahn-data/tree/main/.github/workflows,3,3,/PabloSnchz/deutsche-bahn-data/blob/main/notebooks/allgemein.ipynb,3,2,/PabloSnchz/deutsche-bahn-data/deployments,3,2,/PabloSnchz/deutsche-bahn-data/tree/main/stats,3,2,/PabloSnchz/deutsche-bahn-data/tree/main/test_scripts/test_data,3,1,/PabloSnchz/deutsche-bahn-data/blob/main/average_delays.png,2,2
2026-03-28,/PabloSnchz/deutsche-bahn-data,149,82,/PabloSnchz/deutsche-bahn-data/tree/main,13,3,/PabloSnchz/deutsche-bahn-data/tree/main/notebooks,6,5,/PabloSnchz/deutsche-bahn-data/tree/main/test_scripts,5,1,/PabloSnchz/deutsche-bahn-data/tree/main/.github/workflows,3,3,/PabloSnchz/deutsche-bahn-data/deployments,3,2,/PabloSnchz/deutsche-bahn-data/tree/main/stats,3,2,/PabloSnchz/deutsche-bahn-data/tree/main/test_scripts/test_data,3,1,/PabloSnchz/deutsche-bahn-data/blob/main/average_delays.png,2,2,/PabloSnchz/deutsche-bahn-data/tree/main/config,2,2
2026-03-29,/PabloSnchz/deutsche-bahn-data,148,85,/PabloSnchz/deutsche-bahn-data/tree/main,13,3,/PabloSnchz/deutsche-bahn-data/tree/main/notebooks,6,5,/PabloSnchz/deutsche-bahn-data/tree/main/test_scripts,5,1,/PabloSnchz/deutsche-bahn-data/tree/main/stats,4,3,/PabloSnchz/deutsche-bahn-data/tree/main/.github/workflows,3,3,/PabloSnchz/deutsche-bahn-data/deployments,3,2,/PabloSnchz/deutsche-bahn-data/tree/main/test_scripts/test_data,3,1,/PabloSnchz/deutsche-bahn-data/blob/main/README.md,2,2,/PabloSnchz/deutsche-bahn-data/blob/main/average_delays.png,2,2
2026-03-30,/PabloSnchz/deutsche-bahn-data,155,86,/PabloSnchz/deutsche-bahn-data/tree/main,13,3,/PabloSnchz/deutsche-bahn-data/tree/main/notebooks,6,5,/PabloSnchz/deutsche-bahn-data/tree/main/stats,5,4,/PabloSnchz/deutsche-bahn-data/tree/main/test_scripts,5,1,/PabloSnchz/deutsche-bahn-data/deployments,4,3,/PabloSnchz/deutsche-bahn-data/blob/main/README.md,3,3,/PabloSnchz/deutsche-bahn-data/tree/main/.github/workflows,3,3,/PabloSnchz/deutsche-bahn-data/tree/main/test_scripts/test_data,3,1,/PabloSnchz/deutsche-bahn-data/blob/main/average_delays.png,2,2
2026-03-31,/PabloSnchz/deutsche-bahn-data,150,83,/PabloSnchz/deutsche-bahn-data/tree/main/stats,6,5,/PabloSnchz/deutsche-bahn-data/tree/main,6,3,/PabloSnchz/deutsche-bahn-data/tree/main/test_scripts,5,1,/PabloSnchz/deutsche-bahn-data/blob/main/README.md,4,4,/PabloSnchz/deutsche-bahn-data/tree/main/notebooks,4,4,/PabloSnchz/deutsche-bahn-data/deployments,3,3,/PabloSnchz/deutsche-bahn-data/tree/main/test_scripts/test_data,3,1,/PabloSnchz/deutsche-bahn-data/blob/main/stats/verspaetung_pro_bahnhof.html,2,2,/PabloSnchz/deutsche-bahn-data/tree/main/.github/workflows,2,2
2026-04-01,/PabloSnchz/deutsche-bahn-data,147,83,/PabloSnchz/deutsche-bahn-data/tree/main/stats,8,5,/PabloSnchz/deutsche-bahn-data/tree/main,7,4,/PabloSnchz/deutsche-bahn-data/tree/main/test_scripts,6,2,/PabloSnchz/deutsche-bahn-data/blob/main/README.md,5,4,/PabloSnchz/deutsche-bahn-data/tree/main/stats/data,5,3,/PabloSnchz/deutsche-bahn-data/tree/main/test_scripts/test_data,4,2,/PabloSnchz/deutsche-bahn-data/deployments,3,3,/PabloSnchz/deutsche-bahn-data/tree/main/.github/workflows,3,3,/PabloSnchz/deutsche-bahn-data/tree/main/notebooks,3,3
2026-04-02,/PabloSnchz/deutsche-bahn-data,146,81,/PabloSnchz/deutsche-bahn-data/tree/main/stats,8,5,/PabloSnchz/deutsche-bahn-data/tree/main/test_scripts,6,2,/PabloSnchz/deutsche-bahn-data/blob/main/README.md,5,4,/PabloSnchz/deutsche-bahn-data/tree/main,5,4,/PabloSnchz/deutsche-bahn-data/tree/main/stats/data,5,3,/PabloSnchz/deutsche-bahn-data/tree/main/test_scripts/test_data,4,2,/PabloSnchz/deutsche-bahn-data/tree/main/notebooks,3,3,/PabloSnchz/deutsche-bahn-data/tree/main/stats/data/monat,3,2,/PabloSnchz/deutsche-bahn-data/blob/main/stats/verspaetung_pro_bahnhof.html,2,2
2026-04-03,/PabloSnchz/deutsche-bahn-data,144,85,/PabloSnchz/deutsche-bahn-data/tree/main/stats,8,5,/PabloSnchz/deutsche-bahn-data/blob/main/README.md,5,4,/PabloSnchz/deutsche-bahn-data/tree/main/stats/data,5,3,/PabloSnchz/deutsche-bahn-data/tree/main,3,3,/PabloSnchz/deutsche-bahn-data/tree/main/notebooks,3,3,/PabloSnchz/deutsche-bahn-data/tree/main/stats/data/monat,3,2,/PabloSnchz/deutsche-bahn-data/blob/main/stats/verspaetung_pro_bahnhof.html,2,2,/PabloSnchz/deutsche-bahn-data/tree/main/scripts,2,2,/PabloSnchz/deutsche-bahn-data/issues,2,1
2026-04-04,/PabloSnchz/deutsche-bahn-data,149,84,/PabloSnchz/deutsche-bahn-data/tree/main/stats,8,5,/PabloSnchz/deutsche-bahn-data/blob/main/README.md,5,4,/PabloSnchz/deutsche-bahn-data/tree/main/stats/data,5,3,/PabloSnchz/deutsche-bahn-data/tree/main/notebooks,3,3,/PabloSnchz/deutsche-bahn-data/tree/main,3,2,/PabloSnchz/deutsche-bahn-data/tree/main/stats/data/monat,3,2,/PabloSnchz/deutsche-bahn-data/blob/main/average_delays.png,2,2,/PabloSnchz/deutsche-bahn-data/blob/main/stats/verspaetung_pro_bahnhof.html,2,2,/PabloSnchz/deutsche-bahn-data/tree/main/scripts,2,2
2026-04-05,/PabloSnchz/deutsche-bahn-data,148,83,/PabloSnchz/deutsche-bahn-data/tree/main/stats,8,5,/PabloSnchz/deutsche-bahn-data/tree/main/stats/data,5,3,/PabloSnchz/deutsche-bahn-data/blob/main/README.md,4,4,/PabloSnchz/deutsche-bahn-data/tree/main/notebooks,3,3,/PabloSnchz/deutsche-bahn-data/tree/main,3,2,/PabloSnchz/deutsche-bahn-data/tree/main/stats/data/monat,3,2,/PabloSnchz/deutsche-bahn-data/actions,2,2,/PabloSnchz/deutsche-bahn-data/blob/main/average_delays.png,2,2,/PabloSnchz/deutsche-bahn-data/blob/main/stats/verspaetung_pro_bahnhof.html,2,2
2026-04-06,/PabloSnchz/deutsche-bahn-data,153,87,/PabloSnchz/deutsche-bahn-data/tree/main/stats,8,5,/PabloSnchz/deutsche-bahn-data/tree/main/stats/data,5,3,/PabloSnchz/deutsche-bahn-data/blob/main/README.md,4,4,/PabloSnchz/deutsche-bahn-data/tree/main,3,2,/PabloSnchz/deutsche-bahn-data/tree/main/stats/data/monat,3,2,/PabloSnchz/deutsche-bahn-data/actions,2,2,/PabloSnchz/deutsche-bahn-data/blob/main/average_delays.png,2,2,/PabloSnchz/deutsche-bahn-data/blob/main/stats/verspaetung_pro_bahnhof.html,2,2,/PabloSnchz/deutsche-bahn-data/tree/main/notebooks,2,2
2026-04-07,/PabloSnchz/deutsche-bahn-data,149,85,/PabloSnchz/deutsche-bahn-data/tree/main/stats,8,5,/PabloSnchz/deutsche-bahn-data/blob/main/README.md,5,4,/PabloSnchz/deutsche-bahn-data/tree/main/stats/data,5,3,/PabloSnchz/deutsche-bahn-data/tree/main,3,2,/PabloSnchz/deutsche-bahn-data/tree/main/stats/data/monat,3,2,/PabloSnchz/deutsche-bahn-data/actions,2,2,/PabloSnchz/deutsche-bahn-data/blob/main/average_delays.png,2,2,/PabloSnchz/deutsche-bahn-data/blob/main/stats/verspaetung_pro_bahnhof.html,2,2,/PabloSnchz/deutsche-bahn-data/tree/main/notebooks,2,2
2026-04-08,/PabloSnchz/deutsche-bahn-data,145,83,/PabloSnchz/deutsche-bahn-data/tree/main/stats,8,5,/PabloSnchz/deutsche-bahn-data/tree/main,7,3,/PabloSnchz/deutsche-bahn-data/tree/main/notebooks,6,3,/PabloSnchz/deutsche-bahn-data/blob/main/README.md,5,4,/PabloSnchz/deutsche-bahn-data/tree/main/scripts,5,4,/PabloSnchz/deutsche-bahn-data/tree/main/stats/data,5,3,/PabloSnchz/deutsche-bahn-data/issues,3,2,/PabloSnchz/deutsche-bahn-data/tree/main/stats/data/monat,3,2,/PabloSnchz/deutsche-bahn-data/actions,2,2
2026-04-09,/PabloSnchz/deutsche-bahn-data,165,83,/PabloSnchz/deutsche-bahn-data/tree/main/stats,8,5,/PabloSnchz/deutsche-bahn-data/tree/main/notebooks,7,4,/PabloSnchz/deutsche-bahn-data/tree/main,7,3,/PabloSnchz/deutsche-bahn-data/blob/main/README.md,5,4,/PabloSnchz/deutsche-bahn-data/tree/main/scripts,5,4,/PabloSnchz/deutsche-bahn-data/tree/main/stats/data,5,3,/PabloSnchz/deutsche-bahn-data/issues,3,2,/PabloSnchz/deutsche-bahn-data/tree/main/stats/data/monat,3,2,/PabloSnchz/deutsche-bahn-data/actions,2,2
2026-04-10,/PabloSnchz/deutsche-bahn-data,150,77,/PabloSnchz/deutsche-bahn-data/tree/main/stats,8,5,/PabloSnchz/deutsche-bahn-data/tree/main,7,3,/PabloSnchz/deutsche-bahn-data/blob/main/README.md,6,5,/PabloSnchz/deutsche-bahn-data/tree/main/notebooks,6,3,/PabloSnchz/deutsche-bahn-data/tree/main/scripts,5,4,/PabloSnchz/deutsche-bahn-data/tree/main/stats/data,5,3,/PabloSnchz/deutsche-bahn-data/issues,3,2,/PabloSnchz/deutsche-bahn-data/tree/main/stats/data/monat,3,2,/PabloSnchz/deutsche-bahn-data/actions,2,2
2026-04-11,/PabloSnchz/deutsche-bahn-data,153,79,/PabloSnchz/deutsche-bahn-data/tree/main/stats/data,9,4,/PabloSnchz/deutsche-bahn-data/tree/main/stats,8,5,/PabloSnchz/deutsche-bahn-data/blob/main/README.md,7,6,/PabloSnchz/deutsche-bahn-data/tree/main/notebooks,7,4,/PabloSnchz/deutsche-bahn-data/tree/main,7,3,/PabloSnchz/deutsche-bahn-data/tree/main/scripts,5,4,/PabloSnchz/deutsche-bahn-data/tree/main/stats/data/monat,4,3,/PabloSnchz/deutsche-bahn-data/blob/main/average_delays.png,3,3,/PabloSnchz/deutsche-bahn-data/issues,3,2
2026-04-12,/PabloSnchz/deutsche-bahn-data,146,73,/PabloSnchz/deutsche-bahn-data/tree/main/stats/data,9,4,/PabloSnchz/deutsche-bahn-data/tree/main/notebooks,7,4,/PabloSnchz/deutsche-bahn-data/tree/main/stats,7,4,/PabloSnchz/deutsche-bahn-data/tree/main,7,3,/PabloSnchz/deutsche-bahn-data/blob/main/README.md,6,5,/PabloSnchz/deutsche-bahn-data/tree/main/scripts,5,4,/PabloSnchz/deutsche-bahn-data/tree/main/stats/data/monat,4,3,/PabloSnchz/deutsche-bahn-data/blob/main/average_delays.png,3,3,/PabloSnchz/deutsche-bahn-data/issues,3,2
2026-04-13,/PabloSnchz/deutsche-bahn-data,144,74,/PabloSnchz/deutsche-bahn-data/tree/main/stats/data,9,4,/PabloSnchz/deutsche-bahn-data/tree/main/notebooks,7,4,/PabloSnchz/deutsche-bahn-data/tree/main/stats,7,4,/PabloSnchz/deutsche-bahn-data/tree/main,7,3,/PabloSnchz/deutsche-bahn-data/blob/main/README.md,5,4,/PabloSnchz/deutsche-bahn-data/tree/main/scripts,5,4,/PabloSnchz/deutsche-bahn-data/tree/main/stats/data/monat,5,4,/PabloSnchz/deutsche-bahn-data/issues,4,3,/PabloSnchz/deutsche-bahn-data/blob/main/average_delays.png,3,3
2026-04-14,/PabloSnchz/deutsche-bahn-data,157,81,/PabloSnchz/deutsche-bahn-data/tree/main/stats/data,10,5,/PabloSnchz/deutsche-bahn-data/tree/main/scripts,9,6,/PabloSnchz/deutsche-bahn-data/issues,9,4,/PabloSnchz/deutsche-bahn-data/tree/main,8,4,/PabloSnchz/deutsche-bahn-data/tree/main/stats,7,5,/PabloSnchz/deutsche-bahn-data/tree/main/notebooks,7,4,/PabloSnchz/deutsche-bahn-data/blob/main/README.md,5,4,/PabloSnchz/deutsche-bahn-data/tree/main/stats/data/monat,5,4,/PabloSnchz/deutsche-bahn-data/blob/main/average_delays.png,4,4
2026-04-15,/PabloSnchz/deutsche-bahn-data,153,82,/PabloSnchz/deutsche-bahn-data/tree/main/notebooks,7,4,/PabloSnchz/deutsche-bahn-data/tree/main/scripts,7,4,/PabloSnchz/deutsche-bahn-data/issues,7,3,/PabloSnchz/deutsche-bahn-data/tree/main,7,3,/PabloSnchz/deutsche-bahn-data/blob/main/README.md,6,5,/PabloSnchz/deutsche-bahn-data/tree/main/stats/data,6,3,/PabloSnchz/deutsche-bahn-data/blob/main/average_delays.png,4,4,/PabloSnchz/deutsche-bahn-data/issues/8,4,3,/PabloSnchz/deutsche-bahn-data/blob/main/scripts/db_data_fetcher.py,4,2
2026-04-16,/PabloSnchz/deutsche-bahn-data,153,83,/PabloSnchz/deutsche-bahn-data/issues,10,5,/PabloSnchz/deutsche-bahn-data/tree/main/notebooks,8,5,/PabloSnchz/deutsche-bahn-data/tree/main/scripts,7,4,/PabloSnchz/deutsche-bahn-data/tree/main,7,3,/PabloSnchz/deutsche-bahn-data/blob/main/README.md,6,5,/PabloSnchz/deutsche-bahn-data/tree/main/stats/data,6,3,/PabloSnchz/deutsche-bahn-data/issues/8,5,4,/PabloSnchz/deutsche-bahn-data/blob/main/average_delays.png,4,4,/PabloSnchz/deutsche-bahn-data/tree/main/stats,4,4
2026-04-17,/PabloSnchz/deutsche-bahn-data,149,83,/PabloSnchz/deutsche-bahn-data/issues,10,5,/PabloSnchz/deutsche-bahn-data/tree/main/notebooks,8,5,/PabloSnchz/deutsche-bahn-data/tree/main,8,3,/PabloSnchz/deutsche-bahn-data/tree/main/scripts,7,4,/PabloSnchz/deutsche-bahn-data/blob/main/README.md,6,5,/PabloSnchz/deutsche-bahn-data/tree/main/stats/data,6,3,/PabloSnchz/deutsche-bahn-data/issues/8,5,4,/PabloSnchz/deutsche-bahn-data/blob/main/stats/data/wochentag/cancellations.png,4,4,/PabloSnchz/deutsche-bahn-data/tree/main/stats,4,4
2026-04-18,/PabloSnchz/deutsche-bahn-data,148,86,/PabloSnchz/deutsche-bahn-data/issues,11,6,/PabloSnchz/deutsche-bahn-data/tree/main/notebooks,7,5,/PabloSnchz/deutsche-bahn-data/tree/main/scripts,7,4,/PabloSnchz/deutsche-bahn-data/blob/main/README.md,6,5,/PabloSnchz/deutsche-bahn-data/tree/main,6,3,/PabloSnchz/deutsche-bahn-data/tree/main/stats/data,6,3,/PabloSnchz/deutsche-bahn-data/tree/main/stats,5,5,/PabloSnchz/deutsche-bahn-data/blob/main/stats/data/wochentag/cancellations.png,5,4,/PabloSnchz/deutsche-bahn-data/issues/8,5,4
2026-04-19,/PabloSnchz/deutsche-bahn-data,149,88,/PabloSnchz/deutsche-bahn-data/issues,11,6,/PabloSnchz/deutsche-bahn-data/tree/main/notebooks,7,5,/PabloSnchz/deutsche-bahn-data/tree/main/scripts,7,4,/PabloSnchz/deutsche-bahn-data/tree/main/stats,6,6,/PabloSnchz/deutsche-bahn-data/blob/main/README.md,6,5,/PabloSnchz/deutsche-bahn-data/tree/main,6,3,/PabloSnchz/deutsche-bahn-data/tree/main/stats/data,6,3,/PabloSnchz/deutsche-bahn-data/blob/main/stats/data/wochentag/cancellations.png,5,4,/PabloSnchz/deutsche-bahn-data/issues/8,5,4
2026-04-20,/PabloSnchz/deutsche-bahn-data,163,88,/PabloSnchz/deutsche-bahn-data/issues,12,7,/PabloSnchz/deutsche-bahn-data/tree/main/notebooks,8,5,/PabloSnchz/deutsche-bahn-data/tree/main/scripts,8,5,/PabloSnchz/deutsche-bahn-data/tree/main/stats,6,6,/PabloSnchz/deutsche-bahn-data/blob/main/README.md,6,5,/PabloSnchz/deutsche-bahn-data/tree/main,6,3,/PabloSnchz/deutsche-bahn-data/tree/main/stats/data,6,3,/PabloSnchz/deutsche-bahn-data/blob/main/stats/data/wochentag/cancellations.png,5,4,/PabloSnchz/deutsche-bahn-data/issues/8,5,4
2026-04-21,/PabloSnchz/deutsche-bahn-data,167,89,/PabloSnchz/deutsche-bahn-data/issues,12,7,/PabloSnchz/deutsche-bahn-data/tree/main/notebooks,9,6,/PabloSnchz/deutsche-bahn-data/tree/main/scripts,9,6,/PabloSnchz/deutsche-bahn-data/tree/main/stats,7,7,/PabloSnchz/deutsche-bahn-data/tree/main,6,3,/PabloSnchz/deutsche-bahn-data/tree/main/stats/data,6,3,/PabloSnchz/deutsche-bahn-data/blob/main/README.md,5,5,/PabloSnchz/deutsche-bahn-data/blob/main/stats/data/wochentag/cancellations.png,5,4,/PabloSnchz/deutsche-bahn-data/issues/8,5,4
2026-04-22,/PabloSnchz/deutsche-bahn-data,163,86,/PabloSnchz/deutsche-bahn-data/issues,11,6,/PabloSnchz/deutsche-bahn-data/tree/main/stats,7,7,/PabloSnchz/deutsche-bahn-data/blob/main/README.md,6,5,/PabloSnchz/deutsche-bahn-data/tree/main/scripts,6,4,/PabloSnchz/deutsche-bahn-data/tree/main/stats/data,6,3,/PabloSnchz/deutsche-bahn-data/tree/main/notebooks,5,5,/PabloSnchz/deutsche-bahn-data/blob/main/stats/data/wochentag/cancellations.png,5,4,/PabloSnchz/deutsche-bahn-data/issues/8,4,3,/PabloSnchz/deutsche-bahn-data/blob/main/average_delays.png,3,3
2026-04-23,/PabloSnchz/deutsche-bahn-data,138,84,/PabloSnchz/deutsche-bahn-data/issues,11,6,/PabloSnchz/deutsche-bahn-data/tree/main/scripts,9,5,/PabloSnchz/deutsche-bahn-data/tree/main/stats,7,7,/PabloSnchz/deutsche-bahn-data/blob/main/README.md,6,5,/PabloSnchz/deutsche-bahn-data/tree/main/stats/data,6,3,/PabloSnchz/deutsche-bahn-data/blob/main/stats/data/wochentag/cancellations.png,5,4,/PabloSnchz/deutsche-bahn-data/tree/main/notebooks,4,4,/PabloSnchz/deutsche-bahn-data/tree/main,4,2,/PabloSnchz/deutsche-bahn-data/blob/main/average_delays.png,3,3
2026-04-24,/PabloSnchz/deutsche-bahn-data,142,85,/PabloSnchz/deutsche-bahn-data/issues,11,6,/PabloSnchz/deutsche-bahn-data/tree/main/scripts,10,6,/PabloSnchz/deutsche-bahn-data/tree/main/stats,7,7,/PabloSnchz/deutsche-bahn-data/tree/main/stats/data,6,3,/PabloSnchz/deutsche-bahn-data/blob/main/README.md,5,4,/PabloSnchz/deutsche-bahn-data/blob/main/stats/data/wochentag/cancellations.png,5,4,/PabloSnchz/deutsche-bahn-data/tree/main/notebooks,4,4,/PabloSnchz/deutsche-bahn-data/blob/main/scripts/create_monthly_data_release.py,4,2,/PabloSnchz/deutsche-bahn-data/blob/main/scripts/db_data_fetcher.py,4,2
2026-04-25,/PabloSnchz/deutsche-bahn-data,140,82,/PabloSnchz/deutsche-bahn-data/issues,11,6,/PabloSnchz/deutsche-bahn-data/tree/main/scripts,10,6,/PabloSnchz/deutsche-bahn-data/tree/main/stats,6,6,/PabloSnchz/deutsche-bahn-data/blob/main/stats/data/wochentag/cancellations.png,5,4,/PabloSnchz/deutsche-bahn-data/blob/main/scripts/create_monthly_data_release.py,5,3,/PabloSnchz/deutsche-bahn-data/blob/main/README.md,4,3,/PabloSnchz/deutsche-bahn-data/blob/main/scripts/db_data_fetcher.py,4,2,/PabloSnchz/deutsche-bahn-data/tree/main,4,2,/PabloSnchz/deutsche-bahn-data/blob/main/average_delays.png,3,3
2026-04-26,/PabloSnchz/deutsche-bahn-data,140,82,/PabloSnchz/deutsche-bahn-data/issues,11,6,/PabloSnchz/deutsche-bahn-data/tree/main/scripts,10,6,/PabloSnchz/deutsche-bahn-data/tree/main/stats,6,6,/PabloSnchz/deutsche-bahn-data/blob/main/stats/data/wochentag/cancellations.png,5,4,/PabloSnchz/deutsche-bahn-data/blob/main/scripts/create_monthly_data_release.py,5,3,/PabloSnchz/deutsche-bahn-data/blob/main/README.md,4,3,/PabloSnchz/deutsche-bahn-data/blob/main/scripts/db_data_fetcher.py,4,2,/PabloSnchz/deutsche-bahn-data/tree/main,4,2,/PabloSnchz/deutsche-bahn-data/blob/main/average_delays.png,3,3
2026-04-27,/PabloSnchz/deutsche-bahn-data,155,95,/PabloSnchz/deutsche-bahn-data/tree/main/scripts,10,6,/PabloSnchz/deutsche-bahn-data/issues,10,5,/PabloSnchz/deutsche-bahn-data/tree/main/stats,6,6,/PabloSnchz/deutsche-bahn-data/blob/main/stats/data/wochentag/cancellations.png,5,4,/PabloSnchz/deutsche-bahn-data/blob/main/scripts/create_monthly_data_release.py,5,3,/PabloSnchz/deutsche-bahn-data/blob/main/average_delays.png,4,4,/PabloSnchz/deutsche-bahn-data/blob/main/README.md,4,3,/PabloSnchz/deutsche-bahn-data/blob/main/scripts/db_data_fetcher.py,4,2,/PabloSnchz/deutsche-bahn-data/tree/main,4,2
2026-04-28,/PabloSnchz/deutsche-bahn-data,144,92,/PabloSnchz/deutsche-bahn-data/tree/main/scripts,11,6,/PabloSnchz/deutsche-bahn-data/blob/main/scripts/create_monthly_data_release.py,8,4,/PabloSnchz/deutsche-bahn-data/tree/main,6,3,/PabloSnchz/deutsche-bahn-data/tree/main/stats,5,5,/PabloSnchz/deutsche-bahn-data/issues,5,4,/PabloSnchz/deutsche-bahn-data/blob/main/average_delays.png,4,4,/PabloSnchz/deutsche-bahn-data/blob/main/stats/data/wochentag/cancellations.png,4,3,/PabloSnchz/deutsche-bahn-data/tree/main/.github/workflows,3,3,/PabloSnchz/deutsche-bahn-data/tree/main/notebooks,3,3
2026-04-29,/PabloSnchz/deutsche-bahn-data,144,92,/PabloSnchz/deutsche-bahn-data/tree/main/scripts,11,6,/PabloSnchz/deutsche-bahn-data/blob/main/scripts/create_monthly_data_release.py,8,4,/PabloSnchz/deutsche-bahn-data/tree/main,6,3,/PabloSnchz/deutsche-bahn-data/tree/main/stats,5,5,/PabloSnchz/deutsche-bahn-data/issues,5,4,/PabloSnchz/deutsche-bahn-data/blob/main/average_delays.png,4,4,/PabloSnchz/deutsche-bahn-data/blob/main/stats/data/wochentag/cancellations.png,4,3,/PabloSnchz/deutsche-bahn-data/tree/main/.github/workflows,3,3,/PabloSnchz/deutsche-bahn-data/tree/main/notebooks,3,3
2026-04-30,/PabloSnchz/deutsche-bahn-data,149,97,/PabloSnchz/deutsche-bahn-data/tree/main/scripts,11,6,/PabloSnchz/deutsche-bahn-data/blob/main/scripts/create_monthly_data_release.py,8,4,/PabloSnchz/deutsche-bahn-data/tree/main,7,3,/PabloSnchz/deutsche-bahn-data/tree/main/stats,6,6,/PabloSnchz/deutsche-bahn-data/blob/main/average_delays.png,4,4,/PabloSnchz/deutsche-bahn-data/issues,3,3,/PabloSnchz/deutsche-bahn-data/tree/main/.github/workflows,3,3,/PabloSnchz/deutsche-bahn-data/tree/main/stats/data,3,3,/PabloSnchz/deutsche-bahn-data/tree/main/stats/data/monat,3,3
2026-05-01,/PabloSnchz/deutsche-bahn-data,146,93,/PabloSnchz/deutsche-bahn-data/tree/main/scripts,11,6,/PabloSnchz/deutsche-bahn-data/blob/main/scripts/create_monthly_data_release.py,8,4,/PabloSnchz/deutsche-bahn-data/tree/main,7,4,/PabloSnchz/deutsche-bahn-data/tree/main/stats,6,6,/PabloSnchz/deutsche-bahn-data/blob/main/average_delays.png,4,4,/PabloSnchz/deutsche-bahn-data/tree/main/.github/workflows,4,4,/PabloSnchz/deutsche-bahn-data/issues,3,3,/PabloSnchz/deutsche-bahn-data/tree/main/stats/data,3,3,/PabloSnchz/deutsche-bahn-data/tree/main/stats/data/monat,3,3
2026-05-02,/PabloSnchz/deutsche-bahn-data,142,87,/PabloSnchz/deutsche-bahn-data/tree/main/scripts,11,6,/PabloSnchz/deutsche-bahn-data/blob/main/scripts/create_monthly_data_release.py,8,4,/PabloSnchz/deutsche-bahn-data/tree/main,7,4,/PabloSnchz/deutsche-bahn-data/tree/main/stats,5,5,/PabloSnchz/deutsche-bahn-data/blob/main/average_delays.png,4,4,/PabloSnchz/deutsche-bahn-data/tree/main/.github/workflows,4,4,/PabloSnchz/deutsche-bahn-data/tree/main/stats/data,3,3,/PabloSnchz/deutsche-bahn-data/tree/main/stats/data/monat,3,3,/PabloSnchz/deutsche-bahn-data/blob/main/scripts/db_data_fetcher.py,3,2
2026-05-03,/PabloSnchz/deutsche-bahn-data,144,87,/PabloSnchz/deutsche-bahn-data/tree/main/scripts,12,7,/PabloSnchz/deutsche-bahn-data/tree/main,9,5,/PabloSnchz/deutsche-bahn-data/blob/main/scripts/create_monthly_data_release.py,8,4,/PabloSnchz/deutsche-bahn-data/tree/main/stats,5,5,/PabloSnchz/deutsche-bahn-data/blob/main/average_delays.png,4,4,/PabloSnchz/deutsche-bahn-data/tree/main/.github/workflows,4,4,/PabloSnchz/deutsche-bahn-data/tree/main/stats/data,3,3,/PabloSnchz/deutsche-bahn-data/tree/main/stats/data/monat,3,3,/PabloSnchz/deutsche-bahn-data/blob/main/scripts/db_data_fetcher.py,3,2
2026-05-04,/PabloSnchz/deutsche-bahn-data,139,92,/PabloSnchz/deutsche-bahn-data/tree/main/scripts,11,6,/PabloSnchz/deutsche-bahn-data/tree/main,9,5,/PabloSnchz/deutsche-bahn-data/blob/main/scripts/create_monthly_data_release.py,8,4,/PabloSnchz/deutsche-bahn-data/tree/main/stats,6,6,/PabloSnchz/deutsche-bahn-data/blob/main/scripts/db_data_fetcher.py,6,3,/PabloSnchz/deutsche-bahn-data/blob/main/scripts/fetch_eva_plan_and_change.py,5,2,/PabloSnchz/deutsche-bahn-data/tree/main/.github/workflows,4,4,/PabloSnchz/deutsche-bahn-data/blob/main/scripts/process_month.sh,4,3,/PabloSnchz/deutsche-bahn-data/blob/main/average_delays.png,3,3
2026-05-05,/PabloSnchz/deutsche-bahn-data,145,95,/PabloSnchz/deutsche-bahn-data/tree/main/scripts,10,5,/PabloSnchz/deutsche-bahn-data/tree/main,9,5,/PabloSnchz/deutsche-bahn-data/blob/main/scripts/create_monthly_data_release.py,8,4,/PabloSnchz/deutsche-bahn-data/blob/main/scripts/db_data_fetcher.py,6,3,/PabloSnchz/deutsche-bahn-data/tree/main/stats,5,5,/PabloSnchz/deutsche-bahn-data/blob/main/scripts/fetch_eva_plan_and_change.py,5,2,/PabloSnchz/deutsche-bahn-data/blob/main/scripts/process_month.sh,4,3,/PabloSnchz/deutsche-bahn-data/blob/main/average_delays.png,3,3,/PabloSnchz/deutsche-bahn-data/commit/2d525dc5051f876e72964c6415d78063da6320d4,3,3
2026-05-06,/PabloSnchz/deutsche-bahn-data,147,95,/PabloSnchz/deutsche-bahn-data/tree/main/scripts,10,5,/PabloSnchz/deutsche-bahn-data/tree/main,9,5,/PabloSnchz/deutsche-bahn-data/blob/main/scripts/create_monthly_data_release.py,8,4,/PabloSnchz/deutsche-bahn-data/tree/main/stats,6,6,/PabloSnchz/deutsche-bahn-data/blob/main/scripts/db_data_fetcher.py,6,3,/PabloSnchz/deutsche-bahn-data/blob/main/scripts/fetch_eva_plan_and_change.py,5,2,/PabloSnchz/deutsche-bahn-data/tree/main/stats/data,4,4,/PabloSnchz/deutsche-bahn-data/blob/main/scripts/process_month.sh,4,3,/PabloSnchz/deutsche-bahn-data/blob/main/average_delays.png,3,3
2026-05-07,/PabloSnchz/deutsche-bahn-data,145,93,/PabloSnchz/deutsche-bahn-data/tree/main/scripts,8,5,/PabloSnchz/deutsche-bahn-data/blob/main/scripts/create_monthly_data_release.py,7,5,/PabloSnchz/deutsche-bahn-data/tree/main,7,4,/PabloSnchz/deutsche-bahn-data/tree/main/stats,6,6,/PabloSnchz/deutsche-bahn-data/blob/main/scripts/db_data_fetcher.py,6,3,/PabloSnchz/deutsche-bahn-data/blob/main/scripts/fetch_eva_plan_and_change.py,5,2,/PabloSnchz/deutsche-bahn-data/tree/main/notebooks,4,4,/PabloSnchz/deutsche-bahn-data/tree/main/stats/data,4,4,/PabloSnchz/deutsche-bahn-data/blob/main/scripts/process_month.sh,4,3
2026-05-08,/PabloSnchz/deutsche-bahn-data,148,94,/PabloSnchz/deutsche-bahn-data/tree/main,8,5,/PabloSnchz/deutsche-bahn-data/tree/main/scripts,8,5,/PabloSnchz/deutsche-bahn-data/tree/main/notebooks,6,6,/PabloSnchz/deutsche-bahn-data/tree/main/stats,6,6,/PabloSnchz/deutsche-bahn-data/blob/main/scripts/create_monthly_data_release.py,6,4,/PabloSnchz/deutsche-bahn-data/blob/main/scripts/fetch_eva_plan_and_change.py,5,2,/PabloSnchz/deutsche-bahn-data/tree/main/stats/data,4,4,/PabloSnchz/deutsche-bahn-data/blob/main/scripts/process_month.sh,4,3,/PabloSnchz/deutsche-bahn-data/blob/main/scripts/db_data_fetcher.py,4,2
2026-05-09,/PabloSnchz/deutsche-bahn-data,149,93,/PabloSnchz/deutsche-bahn-data/tree/main,10,6,/PabloSnchz/deutsche-bahn-data/tree/main/stats,9,8,/PabloSnchz/deutsche-bahn-data/tree/main/scripts,9,6,/PabloSnchz/deutsche-bahn-data/tree/main/notebooks,8,8,/PabloSnchz/deutsche-bahn-data/tree/main/.github/workflows,5,4,/PabloSnchz/deutsche-bahn-data/blob/main/scripts/create_monthly_data_release.py,5,3,/PabloSnchz/deutsche-bahn-data/blob/main/scripts/fetch_eva_plan_and_change.py,5,2,/PabloSnchz/deutsche-bahn-data/tree/main/stats/data,4,4,/PabloSnchz/deutsche-bahn-data/blob/main/scripts/process_month.sh,4,3
2026-05-10,/PabloSnchz/deutsche-bahn-data,138,83,/PabloSnchz/deutsche-bahn-data/tree/main,10,6,/PabloSnchz/deutsche-bahn-data/tree/main/stats,9,8,/PabloSnchz/deutsche-bahn-data/tree/main/scripts,9,6,/PabloSnchz/deutsche-bahn-data/tree/main/notebooks,8,8,/PabloSnchz/deutsche-bahn-data/tree/main/.github/workflows,5,4,/PabloSnchz/deutsche-bahn-data/blob/main/scripts/create_monthly_data_release.py,5,3,/PabloSnchz/deutsche-bahn-data/blob/main/scripts/fetch_eva_plan_and_change.py,5,2,/PabloSnchz/deutsche-bahn-data/tree/main/stats/data,4,4,/PabloSnchz/deutsche-bahn-data/blob/main/scripts/process_month.sh,4,3
2026-05-11,/PabloSnchz/deutsche-bahn-data,128,74,/PabloSnchz/deutsche-bahn-data/tree/main,10,6,/PabloSnchz/deutsche-bahn-data/tree/main/scripts,9,6,/PabloSnchz/deutsche-bahn-data/tree/main/notebooks,8,8,/PabloSnchz/deutsche-bahn-data/tree/main/stats,8,7,/PabloSnchz/deutsche-bahn-data/tree/main/.github/workflows,5,4,/PabloSnchz/deutsche-bahn-data/blob/main/scripts/create_monthly_data_release.py,5,3,/PabloSnchz/deutsche-bahn-data/blob/main/scripts/fetch_eva_plan_and_change.py,5,2,/PabloSnchz/deutsche-bahn-data/blob/main/scripts/process_month.sh,4,3,/PabloSnchz/deutsche-bahn-data/blob/main/scripts/db_data_fetcher.py,4,2
2026-05-12,/PabloSnchz/deutsche-bahn-data,124,70,/PabloSnchz/deutsche-bahn-data/tree/main/notebooks,8,8,/PabloSnchz/deutsche-bahn-data/tree/main/stats,8,7,/PabloSnchz/deutsche-bahn-data/tree/main,8,6,/PabloSnchz/deutsche-bahn-data/tree/main/scripts,4,4,/PabloSnchz/deutsche-bahn-data/tree/main/stats/data,4,3,/PabloSnchz/deutsche-bahn-data/blob/main/scripts/fetch_eva_plan_and_change.py,4,1,/PabloSnchz/deutsche-bahn-data/blob/main/notebooks/verspaetung_pro_bahnhof.ipynb,3,3,/PabloSnchz/deutsche-bahn-data/blob/main/scripts/process_month.sh,3,2,/PabloSnchz/deutsche-bahn-data/commit/2d525dc5051f876e72964c6415d78063da6320d4,3,2
2026-05-13,/PabloSnchz/deutsche-bahn-data,122,69,/PabloSnchz/deutsche-bahn-data/tree/main/notebooks,8,8,/PabloSnchz/deutsche-bahn-data/tree/main/stats,8,7,/PabloSnchz/deutsche-bahn-data/tree/main,7,5,/PabloSnchz/deutsche-bahn-data/blob/main/README.md,4,4,/PabloSnchz/deutsche-bahn-data/tree/main/scripts,4,4,/PabloSnchz/deutsche-bahn-data/tree/main/stats/data,4,3,/PabloSnchz/deutsche-bahn-data/blob/main/scripts/fetch_eva_plan_and_change.py,4,1,/PabloSnchz/deutsche-bahn-data/blob/main/notebooks/verspaetung_pro_bahnhof.ipynb,3,3,/PabloSnchz/deutsche-bahn-data/blob/main/scripts/process_month.sh,3,2
2026-05-14,/PabloSnchz/deutsche-bahn-data,110,58,/PabloSnchz/deutsche-bahn-data/tree/main/notebooks,8,8,/PabloSnchz/deutsche-bahn-data/tree/main/stats,7,6,/PabloSnchz/deutsche-bahn-data/tree/main,7,5,/PabloSnchz/deutsche-bahn-data/blob/main/README.md,4,4,/PabloSnchz/deutsche-bahn-data/tree/main/scripts,4,4,/PabloSnchz/deutsche-bahn-data/tree/main/.github/workflows,4,3,/PabloSnchz/deutsche-bahn-data/blob/main/scripts/fetch_eva_plan_and_change.py,4,1,/PabloSnchz/deutsche-bahn-data/blob/main/notebooks/verspaetung_pro_bahnhof.ipynb,3,3,/PabloSnchz/deutsche-bahn-data/blob/main/scripts/process_month.sh,3,2
2026-05-15,/PabloSnchz/deutsche-bahn-data,111,58,/PabloSnchz/deutsche-bahn-data/tree/main/notebooks,8,8,/PabloSnchz/deutsche-bahn-data/tree/main/stats,7,6,/PabloSnchz/deutsche-bahn-data/tree/main,6,4,/PabloSnchz/deutsche-bahn-data/blob/main/README.md,4,4,/PabloSnchz/deutsche-bahn-data/tree/main/scripts,4,4,/PabloSnchz/deutsche-bahn-data/blob/main/scripts/fetch_eva_plan_and_change.py,4,1,/PabloSnchz/deutsche-bahn-data/blob/main/notebooks/verspaetung_pro_bahnhof.ipynb,3,3,/PabloSnchz/deutsche-bahn-data/blob/main/scripts/process_month.sh,3,2,/PabloSnchz/deutsche-bahn-data/commit/2d525dc5051f876e72964c6415d78063da6320d4,3,2
2026-05-16,/PabloSnchz/deutsche-bahn-data,106,56,/PabloSnchz/deutsche-bahn-data/tree/main/notebooks,8,8,/PabloSnchz/deutsche-bahn-data/tree/main/stats,7,6,/PabloSnchz/deutsche-bahn-data/tree/main,6,4,/PabloSnchz/deutsche-bahn-data/blob/main/README.md,4,4,/PabloSnchz/deutsche-bahn-data/tree/main/scripts,4,4,/PabloSnchz/deutsche-bahn-data/blob/main/scripts/fetch_eva_plan_and_change.py,4,1,/PabloSnchz/deutsche-bahn-data/blob/main/notebooks/verspaetung_pro_bahnhof.ipynb,3,3,/PabloSnchz/deutsche-bahn-data/blob/main/scripts/process_month.sh,3,2,/PabloSnchz/deutsche-bahn-data/commit/2d525dc5051f876e72964c6415d78063da6320d4,3,2
2026-05-17,/PabloSnchz/deutsche-bahn-data,100,53,/PabloSnchz/deutsche-bahn-data/tree/main/notebooks,8,8,/PabloSnchz/deutsche-bahn-data/tree/main/stats,6,5,/PabloSnchz/deutsche-bahn-data/blob/main/README.md,4,4,/PabloSnchz/deutsche-bahn-data/tree/main,4,3,/PabloSnchz/deutsche-bahn-data/blob/main/scripts/fetch_eva_plan_and_change.py,4,1,/PabloSnchz/deutsche-bahn-data/blob/main/notebooks/verspaetung_pro_bahnhof.ipynb,3,3,/PabloSnchz/deutsche-bahn-data/tree/main/scripts,3,3,/PabloSnchz/deutsche-bahn-data/commit/2d525dc5051f876e72964c6415d78063da6320d4,3,2,/PabloSnchz/deutsche-bahn-data/tree/main/.github/workflows,3,2
2026-05-18,/PabloSnchz/deutsche-bahn-data,89,49,/PabloSnchz/deutsche-bahn-data/tree/main/notebooks,7,7,/PabloSnchz/deutsche-bahn-data/tree/main/stats,5,4,/PabloSnchz/deutsche-bahn-data/blob/main/README.md,4,4,/PabloSnchz/deutsche-bahn-data/tree/main,4,3,/PabloSnchz/deutsche-bahn-data/tree/main/scripts,3,3,/PabloSnchz/deutsche-bahn-data/tree/main/.github/workflows,3,2,/PabloSnchz/deutsche-bahn-data/tree/main/stats/data,3,2,/PabloSnchz/deutsche-bahn-data/tree/main/config,3,1,/PabloSnchz/deutsche-bahn-data/blob/main/notebooks/verspaetung_pro_bahnhof.ipynb,2,2
2026-05-19,/PabloSnchz/deutsche-bahn-data,78,48,/PabloSnchz/deutsche-bahn-data/tree/main/notebooks,7,7,/PabloSnchz/deutsche-bahn-data/tree/main/stats,5,4,/PabloSnchz/deutsche-bahn-data/blob/main/README.md,4,4,/PabloSnchz/deutsche-bahn-data/tree/main,4,3,/PabloSnchz/deutsche-bahn-data/tree/main/scripts,3,3,/PabloSnchz/deutsche-bahn-data/tree/main/.github/workflows,3,2,/PabloSnchz/deutsche-bahn-data/tree/main/stats/data,3,2,/PabloSnchz/deutsche-bahn-data/tree/main/config,3,1,/PabloSnchz/deutsche-bahn-data/blob/main/notebooks/verspaetung_pro_bahnhof.ipynb,2,2
2026-05-20,/PabloSnchz/deutsche-bahn-data,78,47,/PabloSnchz/deutsche-bahn-data/tree/main/stats,8,4,/PabloSnchz/deutsche-bahn-data/tree/main/notebooks,6,6,/PabloSnchz/deutsche-bahn-data/tree/main,5,4,/PabloSnchz/deutsche-bahn-data/blob/main/README.md,4,4,/PabloSnchz/deutsche-bahn-data/tree/main/config,4,2,/PabloSnchz/deutsche-bahn-data/tree/main/stats/data,4,2,/PabloSnchz/deutsche-bahn-data/tree/main/scripts,3,3,/PabloSnchz/deutsche-bahn-data/blob/main/stats/bahnhof.html,3,2,/PabloSnchz/deutsche-bahn-data/tree/main/.github/workflows,3,2
2026-05-21,/PabloSnchz/deutsche-bahn-data,82,49,/PabloSnchz/deutsche-bahn-data/tree/main/stats,8,4,/PabloSnchz/deutsche-bahn-data/tree/main,6,4,/PabloSnchz/deutsche-bahn-data/tree/main/notebooks,5,5,/PabloSnchz/deutsche-bahn-data/issues,5,3,/PabloSnchz/deutsche-bahn-data/blob/main/README.md,4,4,/PabloSnchz/deutsche-bahn-data/tree/main/config,4,2,/PabloSnchz/deutsche-bahn-data/tree/main/stats/data,4,2,/PabloSnchz/deutsche-bahn-data/pulls,3,3,/PabloSnchz/deutsche-bahn-data/blob/main/stats/bahnhof.html,3,2
2026-05-22,/PabloSnchz/deutsche-bahn-data,77,47,/PabloSnchz/deutsche-bahn-data/tree/main/stats,8,4,/PabloSnchz/deutsche-bahn-data/blob/main/README.md,5,5,/PabloSnchz/deutsche-bahn-data/issues,5,3,/PabloSnchz/deutsche-bahn-data/tree/main,5,3,/PabloSnchz/deutsche-bahn-data/tree/main/config,4,2,/PabloSnchz/deutsche-bahn-data/tree/main/stats/data,4,2,/PabloSnchz/deutsche-bahn-data/pulls,3,3,/PabloSnchz/deutsche-bahn-data/tree/main/notebooks,3,3,/PabloSnchz/deutsche-bahn-data/blob/main/stats/bahnhof.html,3,2
2026-05-23,/PabloSnchz/deutsche-bahn-data,75,49,/PabloSnchz/deutsche-bahn-data/issues,5,3,/PabloSnchz/deutsche-bahn-data/tree/main/stats,5,2,/PabloSnchz/deutsche-bahn-data/blob/main/README.md,4,4,/PabloSnchz/deutsche-bahn-data/tree/main/stats/data,4,2,/PabloSnchz/deutsche-bahn-data/pulls,3,3,/PabloSnchz/deutsche-bahn-data/issues/11,3,2,/PabloSnchz/deutsche-bahn-data/tree/main,3,2,/PabloSnchz/deutsche-bahn-data/pull/12/changes,2,2,/PabloSnchz/deutsche-bahn-data/tree/main/notebooks,2,2
2026-05-24,/PabloSnchz/deutsche-bahn-data,91,56,/PabloSnchz/deutsche-bahn-data/issues,6,4,/PabloSnchz/deutsche-bahn-data/tree/main/stats,6,3,/PabloSnchz/deutsche-bahn-data/blob/main/README.md,4,4,/PabloSnchz/deutsche-bahn-data/tree/main/stats/data,4,2,/PabloSnchz/deutsche-bahn-data/blob/main/average_delays.png,3,3,/PabloSnchz/deutsche-bahn-data/pulls,3,3,/PabloSnchz/deutsche-bahn-data/issues/11,3,2,/PabloSnchz/deutsche-bahn-data/tree/main,3,2,/PabloSnchz/deutsche-bahn-data/tree/main/scripts,3,2
2026-05-25,/PabloSnchz/deutsche-bahn-data,87,58,/PabloSnchz/deutsche-bahn-data/issues,6,4,/PabloSnchz/deutsche-bahn-data/tree/main/stats,6,3,/PabloSnchz/deutsche-bahn-data/tree/main/stats/data,4,2,/PabloSnchz/deutsche-bahn-data/blob/main/README.md,3,3,/PabloSnchz/deutsche-bahn-data/pulls,3,3,/PabloSnchz/deutsche-bahn-data/tree/main/notebooks,3,3,/PabloSnchz/deutsche-bahn-data/issues/11,3,2,/PabloSnchz/deutsche-bahn-data/tree/main,3,2,/PabloSnchz/deutsche-bahn-data/tree/main/scripts,3,2
2026-05-26,/PabloSnchz/deutsche-bahn-data,89,59,/PabloSnchz/deutsche-bahn-data/issues,6,4,/PabloSnchz/deutsche-bahn-data/tree/main/stats,6,3,/PabloSnchz/deutsche-bahn-data/blob/main/README.md,3,3,/PabloSnchz/deutsche-bahn-data/blob/main/average_delays.png,3,3,/PabloSnchz/deutsche-bahn-data/pulls,3,3,/PabloSnchz/deutsche-bahn-data/tree/main/notebooks,3,3,/PabloSnchz/deutsche-bahn-data/issues/11,3,2,/PabloSnchz/deutsche-bahn-data/tree/main/scripts,3,2,/PabloSnchz/deutsche-bahn-data/blob/main/AGENTS.md,2,2
2026-05-27,/PabloSnchz/deutsche-bahn-data,91,59,/PabloSnchz/deutsche-bahn-data/issues,6,4,/PabloSnchz/deutsche-bahn-data/tree/main/stats,6,3,/PabloSnchz/deutsche-bahn-data/blob/main/average_delays.png,3,3,/PabloSnchz/deutsche-bahn-data/tree/main/notebooks,3,3,/PabloSnchz/deutsche-bahn-data/issues/11,3,2,/PabloSnchz/deutsche-bahn-data/tree/main/scripts,3,2,/PabloSnchz/deutsche-bahn-data/blob/main/AGENTS.md,2,2,/PabloSnchz/deutsche-bahn-data/blob/main/stats/allgemein.html,2,2,/PabloSnchz/deutsche-bahn-data/pull/12/changes,2,2
2026-05-28,/PabloSnchz/deutsche-bahn-data,93,61,/PabloSnchz/deutsche-bahn-data/issues,6,4,/PabloSnchz/deutsche-bahn-data/tree/main/stats,6,3,/PabloSnchz/deutsche-bahn-data/tree/main/notebooks,4,4,/PabloSnchz/deutsche-bahn-data/tree/main/scripts,4,3,/PabloSnchz/deutsche-bahn-data/blob/main/average_delays.png,3,3,/PabloSnchz/deutsche-bahn-data/issues/11,3,2,/PabloSnchz/deutsche-bahn-data/blob/main/AGENTS.md,2,2,/PabloSnchz/deutsche-bahn-data/blob/main/stats/allgemein.html,2,2,/PabloSnchz/deutsche-bahn-data/pull/12/changes,2,2
2026-05-29,/PabloSnchz/deutsche-bahn-data,98,67,/PabloSnchz/deutsche-bahn-data/tree/main/stats,6,3,/PabloSnchz/deutsche-bahn-data/issues,5,3,/PabloSnchz/deutsche-bahn-data/tree/main/notebooks,4,4,/PabloSnchz/deutsche-bahn-data/tree/main/scripts,4,3,/PabloSnchz/deutsche-bahn-data/blob/main/average_delays.png,3,3,/PabloSnchz/deutsche-bahn-data/issues/11,3,2,/PabloSnchz/deutsche-bahn-data/blob/main/AGENTS.md,2,2,/PabloSnchz/deutsche-bahn-data/blob/main/stats/allgemein.html,2,2,/PabloSnchz/deutsche-bahn-data/pull/12/changes,2,2
2026-05-30,/PabloSnchz/deutsche-bahn-data,97,66,/PabloSnchz/deutsche-bahn-data/tree/main/stats,6,3,/PabloSnchz/deutsche-bahn-data/tree/main/scripts,5,4,/PabloSnchz/deutsche-bahn-data/issues,5,3,/PabloSnchz/deutsche-bahn-data/tree/main/notebooks,4,4,/PabloSnchz/deutsche-bahn-data/blob/main/average_delays.png,3,3,/PabloSnchz/deutsche-bahn-data/pulls,3,3,/PabloSnchz/deutsche-bahn-data/issues/11,3,2,/PabloSnchz/deutsche-bahn-data/blob/main/AGENTS.md,2,2,/PabloSnchz/deutsche-bahn-data/blob/main/stats/allgemein.html,2,2
2026-05-31,/PabloSnchz/deutsche-bahn-data,107,73,/PabloSnchz/deutsche-bahn-data/tree/main/stats,6,3,/PabloSnchz/deutsche-bahn-data/tree/main/notebooks,5,5,/PabloSnchz/deutsche-bahn-data/tree/main/scripts,5,4,/PabloSnchz/deutsche-bahn-data/issues,5,3,/PabloSnchz/deutsche-bahn-data/blob/main/average_delays.png,3,3,/PabloSnchz/deutsche-bahn-data/pulls,3,3,/PabloSnchz/deutsche-bahn-data/issues/11,3,2,/PabloSnchz/deutsche-bahn-data/blob/main/AGENTS.md,2,2,/PabloSnchz/deutsche-bahn-data/blob/main/stats/allgemein.html,2,2
2026-06-01,/PabloSnchz/deutsche-bahn-data,108,73,/PabloSnchz/deutsche-bahn-data/tree/main/stats,6,3,/PabloSnchz/deutsche-bahn-data/tree/main/scripts,5,4,/PabloSnchz/deutsche-bahn-data/issues,5,3,/PabloSnchz/deutsche-bahn-data/pulls,5,3,/PabloSnchz/deutsche-bahn-data/blob/main/average_delays.png,4,4,/PabloSnchz/deutsche-bahn-data/tree/main/notebooks,4,4,/PabloSnchz/deutsche-bahn-data/issues/11,3,2,/PabloSnchz/deutsche-bahn-data/blob/main/AGENTS.md,2,2,/PabloSnchz/deutsche-bahn-data/blob/main/stats/allgemein.html,2,2
2026-06-03,/PabloSnchz/deutsche-bahn-data,108,72,/PabloSnchz/deutsche-bahn-data/tree/main/stats,6,3,/PabloSnchz/deutsche-bahn-data/tree/main/scripts,5,4,/PabloSnchz/deutsche-bahn-data/issues,5,3,/PabloSnchz/deutsche-bahn-data/pulls,5,3,/PabloSnchz/deutsche-bahn-data/blob/main/average_delays.png,4,4,/PabloSnchz/deutsche-bahn-data/tree/main/notebooks,4,4,/PabloSnchz/deutsche-bahn-data/issues/11,3,2,/PabloSnchz/deutsche-bahn-data/blob/main/AGENTS.md,2,2,/PabloSnchz/deutsche-bahn-data/blob/main/stats/allgemein.html,2,2
2026-06-04,/PabloSnchz/deutsche-bahn-data,108,72,/PabloSnchz/deutsche-bahn-data/pulls,8,3,/PabloSnchz/deutsche-bahn-data/tree/main/notebooks,5,5,/PabloSnchz/deutsche-bahn-data/tree/main/scripts,5,4,/PabloSnchz/deutsche-bahn-data/issues,5,3,/PabloSnchz/deutsche-bahn-data/blob/main/average_delays.png,4,4,/PabloSnchz/deutsche-bahn-data/tree/main/stats,3,3,/PabloSnchz/deutsche-bahn-data/issues/11,3,2,/PabloSnchz/deutsche-bahn-data/blob/main/AGENTS.md,2,2,/PabloSnchz/deutsche-bahn-data/pull/12/changes,2,2
2026-06-04,/PabloSnchz/deutsche-bahn-data,113,78,/PabloSnchz/deutsche-bahn-data/pulls,8,2,/PabloSnchz/deutsche-bahn-data/tree/main/scripts,7,6,/PabloSnchz/deutsche-bahn-data/tree/main/notebooks,5,5,/PabloSnchz/deutsche-bahn-data/blob/main/average_delays.png,4,4,/PabloSnchz/deutsche-bahn-data/blob/main/README.md,4,3,/PabloSnchz/deutsche-bahn-data/tree/main/stats,3,3,/PabloSnchz/deutsche-bahn-data/blob/main/AGENTS.md,2,2,/PabloSnchz/deutsche-bahn-data/tree/main/config,2,2,/PabloSnchz/deutsche-bahn-data/activity,1,1
2026-06-05,/PabloSnchz/deutsche-bahn-data,116,77,/PabloSnchz/deutsche-bahn-data/pulls,8,2,/PabloSnchz/deutsche-bahn-data/tree/main/scripts,7,6,/PabloSnchz/deutsche-bahn-data/tree/main/notebooks,6,6,/PabloSnchz/deutsche-bahn-data/blob/main/average_delays.png,4,4,/PabloSnchz/deutsche-bahn-data/blob/main/README.md,4,2,/PabloSnchz/deutsche-bahn-data/tree/main/stats,3,3,/PabloSnchz/deutsche-bahn-data/blob/main/AGENTS.md,2,2,/PabloSnchz/deutsche-bahn-data/tree/main/config,2,2,/PabloSnchz/deutsche-bahn-data/activity,1,1
2026-06-06,/PabloSnchz/deutsche-bahn-data,115,78,/PabloSnchz/deutsche-bahn-data/pulls,8,2,/PabloSnchz/deutsche-bahn-data/tree/main/scripts,7,6,/PabloSnchz/deutsche-bahn-data/tree/main/notebooks,5,5,/PabloSnchz/deutsche-bahn-data/blob/main/average_delays.png,4,4,/PabloSnchz/deutsche-bahn-data/blob/main/README.md,4,2,/PabloSnchz/deutsche-bahn-data/tree/main/stats,3,3,/PabloSnchz/deutsche-bahn-data/blob/main/AGENTS.md,2,2,/PabloSnchz/deutsche-bahn-data/tree/main/config,2,2,/PabloSnchz/deutsche-bahn-data/actions,1,1
2026-06-07,/PabloSnchz/deutsche-bahn-data,106,76,/PabloSnchz/deutsche-bahn-data/pulls,8,2,/PabloSnchz/deutsche-bahn-data/tree/main/notebooks,5,5,/PabloSnchz/deutsche-bahn-data/tree/main/scripts,5,5,/PabloSnchz/deutsche-bahn-data/blob/main/README.md,4,2,/PabloSnchz/deutsche-bahn-data/blob/main/average_delays.png,2,2,/PabloSnchz/deutsche-bahn-data/tree/main,2,2,/PabloSnchz/deutsche-bahn-data/tree/main/config,2,2,/PabloSnchz/deutsche-bahn-data/tree/main/stats,2,2,/PabloSnchz/deutsche-bahn-data/actions,1,1
2026-06-08,/PabloSnchz/deutsche-bahn-data,116,81,/PabloSnchz/deutsche-bahn-data/pulls,8,2,/PabloSnchz/deutsche-bahn-data/tree/main/scripts,5,5,/PabloSnchz/deutsche-bahn-data/tree/main/notebooks,4,4,/PabloSnchz/deutsche-bahn-data/blob/main/README.md,4,2,/PabloSnchz/deutsche-bahn-data/tree/main/stats,3,3,/PabloSnchz/deutsche-bahn-data/blob/main/average_delays.png,2,2,/PabloSnchz/deutsche-bahn-data/tree/main,2,2,/PabloSnchz/deutsche-bahn-data/tree/main/config,2,2,/PabloSnchz/deutsche-bahn-data/actions,2,1
2026-06-09,/PabloSnchz/deutsche-bahn-data,116,81,/PabloSnchz/deutsche-bahn-data/pulls,8,2,/PabloSnchz/deutsche-bahn-data/tree/main/scripts,5,5,/PabloSnchz/deutsche-bahn-data/tree/main/notebooks,4,4,/PabloSnchz/deutsche-bahn-data/blob/main/README.md,4,2,/PabloSnchz/deutsche-bahn-data/tree/main/stats,3,3,/PabloSnchz/deutsche-bahn-data/blob/main/average_delays.png,2,2,/PabloSnchz/deutsche-bahn-data/tree/main,2,2,/PabloSnchz/deutsche-bahn-data/tree/main/config,2,2,/PabloSnchz/deutsche-bahn-data/actions,2,1
2026-06-11,/PabloSnchz/deutsche-bahn-data,111,79,/PabloSnchz/deutsche-bahn-data/pulls,8,2,/PabloSnchz/deutsche-bahn-data/tree/main/scripts,5,5,/PabloSnchz/deutsche-bahn-data/tree/main/notebooks,4,4,/PabloSnchz/deutsche-bahn-data/blob/main/README.md,4,2,/PabloSnchz/deutsche-bahn-data/tree/main/stats,3,3,/PabloSnchz/deutsche-bahn-data/tree/main,2,2,/PabloSnchz/deutsche-bahn-data/tree/main/config,2,2,/PabloSnchz/deutsche-bahn-data/actions,2,1,/PabloSnchz/deutsche-bahn-data/commit/78bc531cdbca5c785796aeb908aef66940ea7dfa,2,1
2026-06-12,/PabloSnchz/deutsche-bahn-data,110,82,/PabloSnchz/deutsche-bahn-data/pulls,8,2,/PabloSnchz/deutsche-bahn-data/tree/main/scripts,5,5,/PabloSnchz/deutsche-bahn-data/tree/main/config,4,4,/PabloSnchz/deutsche-bahn-data/blob/main/README.md,4,2,/PabloSnchz/deutsche-bahn-data/tree/main,3,3,/PabloSnchz/deutsche-bahn-data/tree/main/notebooks,3,3,/PabloSnchz/deutsche-bahn-data/tree/main/stats,3,3,/PabloSnchz/deutsche-bahn-data/blob/main/average_delays.png,2,2,/PabloSnchz/deutsche-bahn-data/tree/main/.github/workflows,2,2
2026-06-13,/PabloSnchz/deutsche-bahn-data,110,82,/PabloSnchz/deutsche-bahn-data/pulls,8,2,/PabloSnchz/deutsche-bahn-data/tree/main/scripts,5,5,/PabloSnchz/deutsche-bahn-data/tree/main/config,4,4,/PabloSnchz/deutsche-bahn-data/blob/main/README.md,4,2,/PabloSnchz/deutsche-bahn-data/tree/main,3,3,/PabloSnchz/deutsche-bahn-data/tree/main/notebooks,3,3,/PabloSnchz/deutsche-bahn-data/tree/main/stats,3,3,/PabloSnchz/deutsche-bahn-data/blob/main/average_delays.png,2,2,/PabloSnchz/deutsche-bahn-data/tree/main/.github/workflows,2,2
2026-06-13,/PabloSnchz/deutsche-bahn-data,109,81,/PabloSnchz/deutsche-bahn-data/pulls,7,2,/PabloSnchz/deutsche-bahn-data/tree/main/config,4,4,/PabloSnchz/deutsche-bahn-data/tree/main/scripts,4,4,/PabloSnchz/deutsche-bahn-data/blob/main/README.md,4,2,/PabloSnchz/deutsche-bahn-data/tree/main,3,3,/PabloSnchz/deutsche-bahn-data/tree/main/notebooks,3,3,/PabloSnchz/deutsche-bahn-data/tree/main/stats,3,3,/PabloSnchz/deutsche-bahn-data/blob/main/average_delays.png,2,2,/PabloSnchz/deutsche-bahn-data/tree/main/.github/workflows,2,2
2026-06-14,/PabloSnchz/deutsche-bahn-data,107,81,/PabloSnchz/deutsche-bahn-data/pulls,7,2,/PabloSnchz/deutsche-bahn-data/tree/main/config,4,4,/PabloSnchz/deutsche-bahn-data/tree/main/scripts,4,4,/PabloSnchz/deutsche-bahn-data/blob/main/README.md,4,2,/PabloSnchz/deutsche-bahn-data/tree/main,3,3,/PabloSnchz/deutsche-bahn-data/tree/main/stats,3,3,/PabloSnchz/deutsche-bahn-data/blob/main/average_delays.png,2,2,/PabloSnchz/deutsche-bahn-data/tree/main/.github/workflows,2,2,/PabloSnchz/deutsche-bahn-data/tree/main/notebooks,2,2
2026-06-16,/PabloSnchz/deutsche-bahn-data,106,79,/PabloSnchz/deutsche-bahn-data/tree/main/scripts,5,5,/PabloSnchz/deutsche-bahn-data/pulls,5,2,/PabloSnchz/deutsche-bahn-data/tree/main/config,4,4,/PabloSnchz/deutsche-bahn-data/tree/main/stats,4,4,/PabloSnchz/deutsche-bahn-data/blob/main/README.md,4,2,/PabloSnchz/deutsche-bahn-data/tree/main,3,3,/PabloSnchz/deutsche-bahn-data/blob/main/scripts/create_monthly_data_release.py,2,2,/PabloSnchz/deutsche-bahn-data/tree/main/.github/workflows,2,2,/PabloSnchz/deutsche-bahn-data/tree/main/notebooks,2,2
2026-06-17,/PabloSnchz/deutsche-bahn-data,111,83,/PabloSnchz/deutsche-bahn-data/tree/main/config,5,5,/PabloSnchz/deutsche-bahn-data/tree/main/scripts,5,5,/PabloSnchz/deutsche-bahn-data/pulls,5,2,/PabloSnchz/deutsche-bahn-data/tree/main/stats,4,4,/PabloSnchz/deutsche-bahn-data/blob/main/README.md,4,2,/PabloSnchz/deutsche-bahn-data/tree/main,3,3,/PabloSnchz/deutsche-bahn-data/tree/main/notebooks,3,3,/PabloSnchz/deutsche-bahn-data/blob/main/scripts/create_monthly_data_release.py,2,2,/PabloSnchz/deutsche-bahn-data/tree/main/.github/workflows,2,2
2026-06-18,/PabloSnchz/deutsche-bahn-data,111,84,/PabloSnchz/deutsche-bahn-data/tree/main/scripts,5,5,/PabloSnchz/deutsche-bahn-data/tree/main/config,4,4,/PabloSnchz/deutsche-bahn-data/blob/main/README.md,4,2,/PabloSnchz/deutsche-bahn-data/tree/main,3,3,/PabloSnchz/deutsche-bahn-data/tree/main/stats,3,3,/PabloSnchz/deutsche-bahn-data/blob/main/scripts/create_monthly_data_release.py,2,2,/PabloSnchz/deutsche-bahn-data/tree/main/.github/workflows,2,2,/PabloSnchz/deutsche-bahn-data/tree/main/notebooks,2,2,/PabloSnchz/deutsche-bahn-data/tree/main/test_scripts,2,2
2026-06-19,/PabloSnchz/deutsche-bahn-data,105,81,/PabloSnchz/deutsche-bahn-data/tree/main/config,4,4,/PabloSnchz/deutsche-bahn-data/tree/main,3,3,/PabloSnchz/deutsche-bahn-data/tree/main/scripts,3,3,/PabloSnchz/deutsche-bahn-data/tree/main/stats,3,3,/PabloSnchz/deutsche-bahn-data/tree/main/.github/workflows,2,2,/PabloSnchz/deutsche-bahn-data/tree/main/notebooks,2,2,/PabloSnchz/deutsche-bahn-data/tree/main/test_scripts,2,2,/PabloSnchz/deutsche-bahn-data/actions,2,1,/PabloSnchz/deutsche-bahn-data/commit/78bc531cdbca5c785796aeb908aef66940ea7dfa,2,1
2026-06-19,/PabloSnchz/deutsche-bahn-data,103,80,/PabloSnchz/deutsche-bahn-data/tree/main/config,4,4,/PabloSnchz/deutsche-bahn-data/tree/main,3,3,/PabloSnchz/deutsche-bahn-data/tree/main/scripts,3,3,/PabloSnchz/deutsche-bahn-data/tree/main/stats,3,3,/PabloSnchz/deutsche-bahn-data/tree/main/.github/workflows,2,2,/PabloSnchz/deutsche-bahn-data/tree/main/test_scripts,2,2,/PabloSnchz/deutsche-bahn-data/actions,2,1,/PabloSnchz/deutsche-bahn-data/commit/78bc531cdbca5c785796aeb908aef66940ea7dfa,2,1,/PabloSnchz/deutsche-bahn-data/commit/8bd9bacb70d4827af064764fe8a54521fb2f804f,2,1
2026-06-20,/PabloSnchz/deutsche-bahn-data,121,88,/PabloSnchz/deutsche-bahn-data/tree/main/stats,5,4,/PabloSnchz/deutsche-bahn-data/tree/main/config,4,4,/PabloSnchz/deutsche-bahn-data/tree/main,3,3,/PabloSnchz/deutsche-bahn-data/tree/main/scripts,3,3,/PabloSnchz/deutsche-bahn-data/tree/main/stats/data,3,1,/PabloSnchz/deutsche-bahn-data/tree/main/.github/workflows,2,2,/PabloSnchz/deutsche-bahn-data/tree/main/notebooks,2,2,/PabloSnchz/deutsche-bahn-data/tree/main/test_scripts,2,2,/PabloSnchz/deutsche-bahn-data/commit/78bc531cdbca5c785796aeb908aef66940ea7dfa,2,1
2026-06-21,/PabloSnchz/deutsche-bahn-data,126,90,/PabloSnchz/deutsche-bahn-data/tree/main/stats,5,4,/PabloSnchz/deutsche-bahn-data/tree/main/config,4,4,/PabloSnchz/deutsche-bahn-data/blob/main/README.md,4,1,/PabloSnchz/deutsche-bahn-data/tree/main/stats/data,3,1,/PabloSnchz/deutsche-bahn-data/tree/main,2,2,/PabloSnchz/deutsche-bahn-data/tree/main/notebooks,2,2,/PabloSnchz/deutsche-bahn-data/tree/main/scripts,2,2,/PabloSnchz/deutsche-bahn-data/tree/main/test_scripts,2,2,/PabloSnchz/deutsche-bahn-data/commit/78bc531cdbca5c785796aeb908aef66940ea7dfa,2,1
2026-06-22,/PabloSnchz/deutsche-bahn-data,126,95,/PabloSnchz/deutsche-bahn-data/tree/main/notebooks,7,3,/PabloSnchz/deutsche-bahn-data/blob/main/README.md,6,2,/PabloSnchz/deutsche-bahn-data/tree/main/stats,5,4,/PabloSnchz/deutsche-bahn-data/tree/main/config,4,4,/PabloSnchz/deutsche-bahn-data/blob/main/scripts/db_data_fetcher.py,3,2,/PabloSnchz/deutsche-bahn-data/tree/main/stats/data,3,1,/PabloSnchz/deutsche-bahn-data/blob/main/average_delays.png,2,2,/PabloSnchz/deutsche-bahn-data/blob/main/notebooks/allgemein.ipynb,2,2,/PabloSnchz/deutsche-bahn-data/blob/main/notebooks/bahnhof.ipynb,2,2
2026-06-23,/PabloSnchz/deutsche-bahn-data,133,100,/PabloSnchz/deutsche-bahn-data/tree/main/notebooks,7,3,/PabloSnchz/deutsche-bahn-data/blob/main/README.md,6,2,/PabloSnchz/deutsche-bahn-data/tree/main/stats,5,4,/PabloSnchz/deutsche-bahn-data/tree/main/config,4,4,/PabloSnchz/deutsche-bahn-data/blob/main/scripts/db_data_fetcher.py,3,2,/PabloSnchz/deutsche-bahn-data/tree/main/stats/data,3,1,/PabloSnchz/deutsche-bahn-data/blob/main/average_delays.png,2,2,/PabloSnchz/deutsche-bahn-data/blob/main/notebooks/allgemein.ipynb,2,2,/PabloSnchz/deutsche-bahn-data/blob/main/notebooks/bahnhof.ipynb,2,2
2026-06-24,/PabloSnchz/deutsche-bahn-data,134,99,/PabloSnchz/deutsche-bahn-data/tree/main/notebooks,8,4,/PabloSnchz/deutsche-bahn-data/blob/main/README.md,6,2,/PabloSnchz/deutsche-bahn-data/tree/main/stats,5,4,/PabloSnchz/deutsche-bahn-data/blob/main/notebooks/bahnhof.ipynb,4,3,/PabloSnchz/deutsche-bahn-data/blob/main/scripts/db_data_fetcher.py,3,2,/PabloSnchz/deutsche-bahn-data/tree/main/stats/data,3,1,/PabloSnchz/deutsche-bahn-data/blob/main/average_delays.png,2,2,/PabloSnchz/deutsche-bahn-data/blob/main/notebooks/allgemein.ipynb,2,2,/PabloSnchz/deutsche-bahn-data/blob/main/scripts/create_monthly_data_release.py,2,2
2026-06-25,/PabloSnchz/deutsche-bahn-data,137,101,/PabloSnchz/deutsche-bahn-data/tree/main/notebooks,9,5,/PabloSnchz/deutsche-bahn-data/tree/main/stats,7,6,/PabloSnchz/deutsche-bahn-data/tree/main,6,5,/PabloSnchz/deutsche-bahn-data/blob/main/README.md,6,2,/PabloSnchz/deutsche-bahn-data/tree/main/stats/data,5,3,/PabloSnchz/deutsche-bahn-data/blob/main/notebooks/bahnhof.ipynb,4,3,/PabloSnchz/deutsche-bahn-data/blob/main/scripts/db_data_fetcher.py,3,2,/PabloSnchz/deutsche-bahn-data/blob/main/notebooks/allgemein.ipynb,2,2,/PabloSnchz/deutsche-bahn-data/blob/main/scripts/create_monthly_data_release.py,2,2
2026-06-26,/PabloSnchz/deutsche-bahn-data,148,106,/PabloSnchz/deutsche-bahn-data/tree/main/notebooks,9,5,/PabloSnchz/deutsche-bahn-data/tree/main/stats,7,6,/PabloSnchz/deutsche-bahn-data/tree/main,6,5,/PabloSnchz/deutsche-bahn-data/tree/main/stats/data,6,4,/PabloSnchz/deutsche-bahn-data/blob/main/README.md,6,2,/PabloSnchz/deutsche-bahn-data/blob/main/notebooks/bahnhof.ipynb,4,3,/PabloSnchz/deutsche-bahn-data/blob/main/scripts/db_data_fetcher.py,3,2,/PabloSnchz/deutsche-bahn-data/blob/main/notebooks/allgemein.ipynb,2,2,/PabloSnchz/deutsche-bahn-data/blob/main/scripts/create_monthly_data_release.py,2,2
2026-06-27,/PabloSnchz/deutsche-bahn-data,145,103,/PabloSnchz/deutsche-bahn-data/tree/main/notebooks,9,5,/PabloSnchz/deutsche-bahn-data/tree/main/stats,7,6,/PabloSnchz/deutsche-bahn-data/tree/main/stats/data,7,5,/PabloSnchz/deutsche-bahn-data/tree/main,6,5,/PabloSnchz/deutsche-bahn-data/blob/main/README.md,6,2,/PabloSnchz/deutsche-bahn-data/blob/main/notebooks/bahnhof.ipynb,4,3,/PabloSnchz/deutsche-bahn-data/blob/main/scripts/db_data_fetcher.py,3,2,/PabloSnchz/deutsche-bahn-data/blob/main/notebooks/allgemein.ipynb,2,2,/PabloSnchz/deutsche-bahn-data/blob/main/scripts/create_monthly_data_release.py,2,2
2026-06-28,/PabloSnchz/deutsche-bahn-data,150,105,/PabloSnchz/deutsche-bahn-data/tree/main/notebooks,11,7,/PabloSnchz/deutsche-bahn-data/tree/main/stats,7,6,/PabloSnchz/deutsche-bahn-data/tree/main/stats/data,7,5,/PabloSnchz/deutsche-bahn-data/tree/main,6,5,/PabloSnchz/deutsche-bahn-data/blob/main/README.md,6,2,/PabloSnchz/deutsche-bahn-data/blob/main/notebooks/bahnhof.ipynb,4,3,/PabloSnchz/deutsche-bahn-data/blob/main/scripts/db_data_fetcher.py,3,2,/PabloSnchz/deutsche-bahn-data/blob/main/notebooks/allgemein.ipynb,2,2,/PabloSnchz/deutsche-bahn-data/blob/main/notebooks/verspaetungsverlauf.ipynb,2,2
2026-06-29,/PabloSnchz/deutsche-bahn-data,161,107,/PabloSnchz/deutsche-bahn-data/tree/main/notebooks,11,7,/PabloSnchz/deutsche-bahn-data/tree/main/stats,7,6,/PabloSnchz/deutsche-bahn-data/tree/main/stats/data,7,5,/PabloSnchz/deutsche-bahn-data/tree/main,6,5,/PabloSnchz/deutsche-bahn-data/blob/main/README.md,6,2,/PabloSnchz/deutsche-bahn-data/blob/main/notebooks/bahnhof.ipynb,4,3,/PabloSnchz/deutsche-bahn-data/blob/main/scripts/db_data_fetcher.py,3,2,/PabloSnchz/deutsche-bahn-data/blob/main/notebooks/allgemein.ipynb,2,2,/PabloSnchz/deutsche-bahn-data/blob/main/notebooks/verspaetungsverlauf.ipynb,2,2
2026-06-30,/PabloSnchz/deutsche-bahn-data,167,108,/PabloSnchz/deutsche-bahn-data/tree/main/notebooks,11,7,/PabloSnchz/deutsche-bahn-data/tree/main/stats,7,6,/PabloSnchz/deutsche-bahn-data/tree/main/stats/data,7,5,/PabloSnchz/deutsche-bahn-data/tree/main,6,5,/PabloSnchz/deutsche-bahn-data/blob/main/README.md,6,2,/PabloSnchz/deutsche-bahn-data/blob/main/notebooks/bahnhof.ipynb,4,3,/PabloSnchz/deutsche-bahn-data/blob/main/scripts/db_data_fetcher.py,3,2,/PabloSnchz/deutsche-bahn-data/blob/main/notebooks/verspaetungsverlauf.ipynb,2,2,/PabloSnchz/deutsche-bahn-data/blob/main/notebooks/zugverbindung.ipynb,2,2
2026-07-01,/PabloSnchz/deutsche-bahn-data,174,112,/PabloSnchz/deutsche-bahn-data/tree/main/notebooks,12,8,/PabloSnchz/deutsche-bahn-data/tree/main/stats,9,7,/PabloSnchz/deutsche-bahn-data/tree/main/stats/data,8,6,/PabloSnchz/deutsche-bahn-data/tree/main,6,5,/PabloSnchz/deutsche-bahn-data/blob/main/README.md,6,2,/PabloSnchz/deutsche-bahn-data/blob/main/notebooks/bahnhof.ipynb,4,3,/PabloSnchz/deutsche-bahn-data/blob/main/scripts/db_data_fetcher.py,4,3,/PabloSnchz/deutsche-bahn-data/issues,3,2,/PabloSnchz/deutsche-bahn-data/blob/main/notebooks/verspaetungsverlauf.ipynb,2,2
2026-07-03,/PabloSnchz/deutsche-bahn-data,181,116,/PabloSnchz/deutsche-bahn-data/tree/main/notebooks,12,8,/PabloSnchz/deutsche-bahn-data/tree/main/stats,9,7,/PabloSnchz/deutsche-bahn-data/tree/main/stats/data,8,6,/PabloSnchz/deutsche-bahn-data/tree/main,6,5,/PabloSnchz/deutsche-bahn-data/blob/main/README.md,6,2,/PabloSnchz/deutsche-bahn-data/blob/main/notebooks/bahnhof.ipynb,4,3,/PabloSnchz/deutsche-bahn-data/blob/main/scripts/db_data_fetcher.py,4,3,/PabloSnchz/deutsche-bahn-data/issues,3,2,/PabloSnchz/deutsche-bahn-data/blob/main/notebooks/verspaetungsverlauf.ipynb,2,2
2026-07-04,/PabloSnchz/deutsche-bahn-data,179,114,/PabloSnchz/deutsche-bahn-data/tree/main/notebooks,12,8,/PabloSnchz/deutsche-bahn-data/tree/main/stats,10,8,/PabloSnchz/deutsche-bahn-data/tree/main/stats/data,9,7,/PabloSnchz/deutsche-bahn-data/tree/main,7,6,/PabloSnchz/deutsche-bahn-data/blob/main/README.md,7,3,/PabloSnchz/deutsche-bahn-data/blob/main/notebooks/bahnhof.ipynb,4,3,/PabloSnchz/deutsche-bahn-data/tree/main/stats/data/tag,3,3,/PabloSnchz/deutsche-bahn-data/blob/main/scripts/db_data_fetcher.py,3,2,/PabloSnchz/deutsche-bahn-data/issues,3,2
2026-07-05,/PabloSnchz/deutsche-bahn-data,173,115,/PabloSnchz/deutsche-bahn-data/tree/main/notebooks,12,8,/PabloSnchz/deutsche-bahn-data/tree/main/stats,11,10,/PabloSnchz/deutsche-bahn-data/blob/main/README.md,10,6,/PabloSnchz/deutsche-bahn-data/tree/main/stats/data,9,9,/PabloSnchz/deutsche-bahn-data/tree/main,8,7,/PabloSnchz/deutsche-bahn-data/releases,3,3,/PabloSnchz/deutsche-bahn-data/tree/main/scripts,3,3,/PabloSnchz/deutsche-bahn-data/tree/main/stats/data/monat,3,3,/PabloSnchz/deutsche-bahn-data/blob/main/notebooks/bahnhof.ipynb,3,2
2026-07-06,/PabloSnchz/deutsche-bahn-data,173,118,/PabloSnchz/deutsche-bahn-data/tree/main/stats,14,13,/PabloSnchz/deutsche-bahn-data/tree/main/notebooks,13,9,/PabloSnchz/deutsche-bahn-data/tree/main/stats/data,12,12,/PabloSnchz/deutsche-bahn-data/tree/main/monthly_processed_data,10,10,/PabloSnchz/deutsche-bahn-data/tree/main,10,9,/PabloSnchz/deutsche-bahn-data/blob/main/README.md,8,7,/PabloSnchz/deutsche-bahn-data/releases,6,6,/PabloSnchz/deutsche-bahn-data/tree/main/data,4,4,/PabloSnchz/deutsche-bahn-data/tree/main/stats/data/monat,4,4
2026-07-07,/PabloSnchz/deutsche-bahn-data,167,111,/PabloSnchz/deutsche-bahn-data/tree/main/stats,13,12,/PabloSnchz/deutsche-bahn-data/tree/main/stats/data,12,12,/PabloSnchz/deutsche-bahn-data/tree/main,11,10,/PabloSnchz/deutsche-bahn-data/tree/main/monthly_processed_data,10,10,/PabloSnchz/deutsche-bahn-data/tree/main/notebooks,9,9,/PabloSnchz/deutsche-bahn-data/blob/main/README.md,6,6,/PabloSnchz/deutsche-bahn-data/releases,6,6,/PabloSnchz/deutsche-bahn-data/tree/main/data,4,4,/PabloSnchz/deutsche-bahn-data/tree/main/stats/data/monat,4,4
2026-07-08,/PabloSnchz/deutsche-bahn-data,169,109,/PabloSnchz/deutsche-bahn-data/tree/main/stats,13,12,/PabloSnchz/deutsche-bahn-data/tree/main/stats/data,12,12,/PabloSnchz/deutsche-bahn-data/tree/main,11,10,/PabloSnchz/deutsche-bahn-data/tree/main/monthly_processed_data,10,10,/PabloSnchz/deutsche-bahn-data/tree/main/notebooks,9,9,/PabloSnchz/deutsche-bahn-data/blob/main/README.md,6,6,/PabloSnchz/deutsche-bahn-data/releases,6,6,/PabloSnchz/deutsche-bahn-data/tree/main/data,4,4,/PabloSnchz/deutsche-bahn-data/tree/main/scripts,4,4
2026-07-09,/PabloSnchz/deutsche-bahn-data,170,110,/PabloSnchz/deutsche-bahn-data/tree/main/stats,13,12,/PabloSnchz/deutsche-bahn-data/tree/main/stats/data,12,12,/PabloSnchz/deutsche-bahn-data/tree/main/monthly_processed_data,10,10,/PabloSnchz/deutsche-bahn-data/tree/main,10,9,/PabloSnchz/deutsche-bahn-data/tree/main/notebooks,8,8,/PabloSnchz/deutsche-bahn-data/blob/main/README.md,6,6,/PabloSnchz/deutsche-bahn-data/releases,6,6,/PabloSnchz/deutsche-bahn-data/tree/main/data,4,4,/PabloSnchz/deutsche-bahn-data/tree/main/scripts,4,4
2026-07-10,/PabloSnchz/deutsche-bahn-data,169,112,/PabloSnchz/deutsche-bahn-data/tree/main/stats,11,10,/PabloSnchz/deutsche-bahn-data/tree/main/monthly_processed_data,10,10,/PabloSnchz/deutsche-bahn-data/tree/main/stats/data,10,10,/PabloSnchz/deutsche-bahn-data/tree/main/notebooks,8,8,/PabloSnchz/deutsche-bahn-data/blob/main/README.md,6,6,/PabloSnchz/deutsche-bahn-data/releases,6,6,/PabloSnchz/deutsche-bahn-data/tree/main,6,6,/PabloSnchz/deutsche-bahn-data/tree/main/data,4,4,/PabloSnchz/deutsche-bahn-data/tree/main/scripts,4,4
2026-07-11,/PabloSnchz/deutsche-bahn-data,169,117,/PabloSnchz/deutsche-bahn-data/tree/main/notebooks,15,9,/PabloSnchz/deutsche-bahn-data/tree/main/stats,13,11,/PabloSnchz/deutsche-bahn-data/tree/main/stats/data,13,10,/PabloSnchz/deutsche-bahn-data/tree/main,11,7,/PabloSnchz/deutsche-bahn-data/tree/main/monthly_processed_data,10,10,/PabloSnchz/deutsche-bahn-data/blob/main/README.md,6,6,/PabloSnchz/deutsche-bahn-data/releases,6,6,/PabloSnchz/deutsche-bahn-data/tree/main/scripts,6,5,/PabloSnchz/deutsche-bahn-data/tree/main/stats/data/monat,6,5
2026-07-12,/PabloSnchz/deutsche-bahn-data,184,124,/PabloSnchz/deutsche-bahn-data/tree/main/notebooks,16,10,/PabloSnchz/deutsche-bahn-data/tree/main/stats,14,12,/PabloSnchz/deutsche-bahn-data/tree/main/stats/data,12,9,/PabloSnchz/deutsche-bahn-data/tree/main,11,7,/PabloSnchz/deutsche-bahn-data/tree/main/monthly_processed_data,10,10,/PabloSnchz/deutsche-bahn-data/blob/main/README.md,6,6,/PabloSnchz/deutsche-bahn-data/releases,6,6,/PabloSnchz/deutsche-bahn-data/tree/main/scripts,6,5,/PabloSnchz/deutsche-bahn-data/tree/main/stats/data/monat,6,5
2026-07-13,/PabloSnchz/deutsche-bahn-data,179,122,/PabloSnchz/deutsche-bahn-data/tree/main/stats,14,12,/PabloSnchz/deutsche-bahn-data/tree/main/notebooks,14,8,/PabloSnchz/deutsche-bahn-data/tree/main/stats/data,12,9,/PabloSnchz/deutsche-bahn-data/tree/main,11,7,/PabloSnchz/deutsche-bahn-data/tree/main/monthly_processed_data,10,10,/PabloSnchz/deutsche-bahn-data/blob/main/README.md,6,6,/PabloSnchz/deutsche-bahn-data/releases,6,6,/PabloSnchz/deutsche-bahn-data/tree/main/scripts,6,5,/PabloSnchz/deutsche-bahn-data/tree/main/stats/data/monat,6,5
2026-07-14,/PabloSnchz/deutsche-bahn-data,170,122,/PabloSnchz/deutsche-bahn-data/tree/main/notebooks,14,8,/PabloSnchz/deutsche-bahn-data/tree/main/stats,13,12,/PabloSnchz/deutsche-bahn-data/tree/main/stats/data,12,9,/PabloSnchz/deutsche-bahn-data/tree/main,12,8,/PabloSnchz/deutsche-bahn-data/tree/main/monthly_processed_data,10,10,/PabloSnchz/deutsche-bahn-data/blob/main/README.md,6,6,/PabloSnchz/deutsche-bahn-data/releases,6,6,/PabloSnchz/deutsche-bahn-data/tree/main/scripts,6,5,/PabloSnchz/deutsche-bahn-data/tree/main/stats/data/monat,6,5
2026-07-15,/PabloSnchz/deutsche-bahn-data,158,117,/PabloSnchz/deutsche-bahn-data/tree/main/stats,13,12,/PabloSnchz/deutsche-bahn-data/tree/main/notebooks,13,7,/PabloSnchz/deutsche-bahn-data/tree/main/stats/data,12,9,/PabloSnchz/deutsche-bahn-data/tree/main,12,8,/PabloSnchz/deutsche-bahn-data/tree/main/monthly_processed_data,10,10,/PabloSnchz/deutsche-bahn-data/blob/main/README.md,6,6,/PabloSnchz/deutsche-bahn-data/releases,6,6,/PabloSnchz/deutsche-bahn-data/tree/main/scripts,6,5,/PabloSnchz/deutsche-bahn-data/tree/main/stats/data/monat,6,5
2026-07-16,/PabloSnchz/deutsche-bahn-data,149,115,/PabloSnchz/deutsche-bahn-data/tree/main/stats,13,11,/PabloSnchz/deutsche-bahn-data/tree/main,13,9,/PabloSnchz/deutsche-bahn-data/tree/main/notebooks,12,6,/PabloSnchz/deutsche-bahn-data/tree/main/stats/data,11,8,/PabloSnchz/deutsche-bahn-data/tree/main/monthly_processed_data,10,10,/PabloSnchz/deutsche-bahn-data/tree/main/scripts,7,5,/PabloSnchz/deutsche-bahn-data/blob/main/README.md,6,6,/PabloSnchz/deutsche-bahn-data/releases,6,6,/PabloSnchz/deutsche-bahn-data/tree/main/stats/data/monat,5,4
2026-07-17,/PabloSnchz/deutsche-bahn-data,138,107,/PabloSnchz/deutsche-bahn-data/tree/main/stats,13,11,/PabloSnchz/deutsche-bahn-data/tree/main,13,9,/PabloSnchz/deutsche-bahn-data/tree/main/notebooks,12,6,/PabloSnchz/deutsche-bahn-data/tree/main/stats/data,11,8,/PabloSnchz/deutsche-bahn-data/tree/main/monthly_processed_data,10,10,/PabloSnchz/deutsche-bahn-data/tree/main/scripts,7,5,/PabloSnchz/deutsche-bahn-data/blob/main/README.md,6,6,/PabloSnchz/deutsche-bahn-data/releases,6,6,/PabloSnchz/deutsche-bahn-data/tree/main/stats/data/monat,5,4
2026-07-18,/PabloSnchz/deutsche-bahn-data,141,109,/PabloSnchz/deutsche-bahn-data/tree/main/stats,12,10,/PabloSnchz/deutsche-bahn-data/tree/main,12,8,/PabloSnchz/deutsche-bahn-data/tree/main/notebooks,12,6,/PabloSnchz/deutsche-bahn-data/tree/main/monthly_processed_data,10,10,/PabloSnchz/deutsche-bahn-data/tree/main/stats/data,10,7,/PabloSnchz/deutsche-bahn-data/tree/main/scripts,7,5,/PabloSnchz/deutsche-bahn-data/blob/main/README.md,6,6,/PabloSnchz/deutsche-bahn-data/releases,6,6,/PabloSnchz/deutsche-bahn-data/tree/main/stats/data/monat,5,4
2026-07-19,/PabloSnchz/deutsche-bahn-data,133,101,/PabloSnchz/deutsche-bahn-data/tree/main/notebooks,13,7,/PabloSnchz/deutsche-bahn-data/tree/main,10,6,/PabloSnchz/deutsche-bahn-data/tree/main/stats,9,7,/PabloSnchz/deutsche-bahn-data/tree/main/monthly_processed_data,8,8,/PabloSnchz/deutsche-bahn-data/tree/main/stats/data,7,4,/PabloSnchz/deutsche-bahn-data/tree/main/scripts,5,3,/PabloSnchz/deutsche-bahn-data/tree/main/data,4,4,/PabloSnchz/deutsche-bahn-data/blob/main/README.md,3,3,/PabloSnchz/deutsche-bahn-data/blob/main/monthly_processed_data/data-2024-07.parquet,3,3
2026-07-20,/PabloSnchz/deutsche-bahn-data,124,93,/PabloSnchz/deutsche-bahn-data/tree/main/notebooks,12,6,/PabloSnchz/deutsche-bahn-data/tree/main,8,4,/PabloSnchz/deutsche-bahn-data/tree/main/stats,6,4,/PabloSnchz/deutsche-bahn-data/tree/main/scripts,5,3,/PabloSnchz/deutsche-bahn-data/tree/main/stats/data,4,1,/PabloSnchz/deutsche-bahn-data/blob/main/average_delays.png,3,2,/PabloSnchz/deutsche-bahn-data/blob/main/.github/workflows/fetch_and_upload_data.yml,3,1,/PabloSnchz/deutsche-bahn-data/tree/main/test_scripts,3,1,/PabloSnchz/deutsche-bahn-data/blob/main/notebooks/zugverbindung.ipynb,2,2
2026-07-21,/PabloSnchz/deutsche-bahn-data,123,93,/PabloSnchz/deutsche-bahn-data/tree/main/notebooks,12,6,/PabloSnchz/deutsche-bahn-data/tree/main,7,3,/PabloSnchz/deutsche-bahn-data/tree/main/stats,6,4,/PabloSnchz/deutsche-bahn-data/tree/main/scripts,5,3,/PabloSnchz/deutsche-bahn-data/tree/main/stats/data,4,1,/PabloSnchz/deutsche-bahn-data/blob/main/average_delays.png,3,2,/PabloSnchz/deutsche-bahn-data/blob/main/.github/workflows/fetch_and_upload_data.yml,3,1,/PabloSnchz/deutsche-bahn-data/tree/main/test_scripts,3,1,/PabloSnchz/deutsche-bahn-data/blob/main/notebooks/zugverbindung.ipynb,2,2
2026-07-22,/PabloSnchz/deutsche-bahn-data,123,93,/PabloSnchz/deutsche-bahn-data/tree/main/notebooks,13,7,/PabloSnchz/deutsche-bahn-data/tree/main/stats,7,5,/PabloSnchz/deutsche-bahn-data/tree/main,7,3,/PabloSnchz/deutsche-bahn-data/tree/main/stats/data,6,2,/PabloSnchz/deutsche-bahn-data/tree/main/scripts,4,2,/PabloSnchz/deutsche-bahn-data/tree/main/stats/data/monat,4,2,/PabloSnchz/deutsche-bahn-data/blob/main/notebooks/zugverbindung.ipynb,3,3,/PabloSnchz/deutsche-bahn-data/blob/main/average_delays.png,3,2,/PabloSnchz/deutsche-bahn-data/blob/main/.github/workflows/fetch_and_upload_data.yml,3,1
2026-07-23,/PabloSnchz/deutsche-bahn-data,121,93,/PabloSnchz/deutsche-bahn-data/tree/main/notebooks,14,8,/PabloSnchz/deutsche-bahn-data/tree/main/stats,7,5,/PabloSnchz/deutsche-bahn-data/tree/main,7,3,/PabloSnchz/deutsche-bahn-data/tree/main/stats/data,6,2,/PabloSnchz/deutsche-bahn-data/tree/main/scripts,5,3,/PabloSnchz/deutsche-bahn-data/tree/main/stats/data/monat,4,2,/PabloSnchz/deutsche-bahn-data/blob/main/notebooks/zugverbindung.ipynb,3,3,/PabloSnchz/deutsche-bahn-data/blob/main/average_delays.png,3,2,/PabloSnchz/deutsche-bahn-data/blob/main/.github/workflows/fetch_and_upload_data.yml,3,1
2026-07-24,/PabloSnchz/deutsche-bahn-data,112,85,/PabloSnchz/deutsche-bahn-data/tree/main/notebooks,13,7,/PabloSnchz/deutsche-bahn-data/tree/main,7,3,/PabloSnchz/deutsche-bahn-data/tree/main/stats,6,4,/PabloSnchz/deutsche-bahn-data/tree/main/stats/data,6,2,/PabloSnchz/deutsche-bahn-data/tree/main/scripts,5,3,/PabloSnchz/deutsche-bahn-data/actions/runs/19388274362,4,2,/PabloSnchz/deutsche-bahn-data/tree/main/stats/data/monat,4,2,/PabloSnchz/deutsche-bahn-data/blob/main/average_delays.png,3,2,/PabloSnchz/deutsche-bahn-data/blob/main/.github/workflows/fetch_and_upload_data.yml,3,1
2026-07-25,/PabloSnchz/deutsche-bahn-data,112,81,/PabloSnchz/deutsche-bahn-data/tree/main/notebooks,6,6,/PabloSnchz/deutsche-bahn-data/tree/main/stats,4,3,/PabloSnchz/deutsche-bahn-data/actions/runs/19388274362,4,2,/PabloSnchz/deutsche-bahn-data/blob/main/average_delays.png,3,2,/PabloSnchz/deutsche-bahn-data/blob/main/test_scripts/test_data/edge_cases_input.csv,3,2,/PabloSnchz/deutsche-bahn-data/tree/main/scripts,3,2,/PabloSnchz/deutsche-bahn-data/blob/main/.github/workflows/fetch_and_upload_data.yml,3,1,/PabloSnchz/deutsche-bahn-data/tree/main/.github/workflows,3,1,/PabloSnchz/deutsche-bahn-data/tree/main/test_scripts,3,1
2026-07-26,/PabloSnchz/deutsche-bahn-data,98,75,/PabloSnchz/deutsche-bahn-data/tree/main/notebooks,5,5,/PabloSnchz/deutsche-bahn-data/actions/runs/19388274362,4,2,/PabloSnchz/deutsche-bahn-data/blob/main/test_scripts/test_data/edge_cases_input.csv,3,2,/PabloSnchz/deutsche-bahn-data/tree/main/scripts,3,2,/PabloSnchz/deutsche-bahn-data/tree/main/stats,3,2,/PabloSnchz/deutsche-bahn-data/tree/main/test_scripts,3,1,/PabloSnchz/deutsche-bahn-data/blob/main/README.md,2,2,/PabloSnchz/deutsche-bahn-data/blob/main/test_scripts/test_data/valid_expected.csv,2,2,/PabloSnchz/deutsche-bahn-data/issues,2,2
2026-07-27,/PabloSnchz/deutsche-bahn-data,92,72,/PabloSnchz/deutsche-bahn-data/tree/main/scripts,6,5,/PabloSnchz/deutsche-bahn-data/tree/main/notebooks,5,5,/PabloSnchz/deutsche-bahn-data/tree/main/stats,5,4,/PabloSnchz/deutsche-bahn-data/tree/main/stats/data,5,4,/PabloSnchz/deutsche-bahn-data/actions/runs/19388274362,4,2,/PabloSnchz/deutsche-bahn-data/tree/main/stats/data/uhrzeit,3,3,/PabloSnchz/deutsche-bahn-data/blob/main/test_scripts/test_data/edge_cases_input.csv,3,2,/PabloSnchz/deutsche-bahn-data/tree/main/test_scripts,3,1,/PabloSnchz/deutsche-bahn-data/blob/main/README.md,2,2
2026-07-28,/PabloSnchz/deutsche-bahn-data,93,68,/PabloSnchz/deutsche-bahn-data/tree/main/scripts,6,5,/PabloSnchz/deutsche-bahn-data/tree/main/notebooks,5,5,/PabloSnchz/deutsche-bahn-data/tree/main/stats,5,4,/PabloSnchz/deutsche-bahn-data/tree/main/stats/data,5,4,/PabloSnchz/deutsche-bahn-data/actions/runs/19388274362,4,2,/PabloSnchz/deutsche-bahn-data/tree/main/stats/data/uhrzeit,3,3,/PabloSnchz/deutsche-bahn-data/blob/main/test_scripts/test_data/edge_cases_input.csv,3,2,/PabloSnchz/deutsche-bahn-data/tree/main/test_scripts,3,1,/PabloSnchz/deutsche-bahn-data/blob/main/README.md,2,2
2026-07-29,/PabloSnchz/deutsche-bahn-data,94,70,/PabloSnchz/deutsche-bahn-data/tree/main/scripts,6,5,/PabloSnchz/deutsche-bahn-data/tree/main/notebooks,5,5,/PabloSnchz/deutsche-bahn-data/tree/main/stats,5,4,/PabloSnchz/deutsche-bahn-data/tree/main/stats/data,5,4,/PabloSnchz/deutsche-bahn-data/tree/main/stats/data/uhrzeit,3,3,/PabloSnchz/deutsche-bahn-data/blob/main/test_scripts/test_data/edge_cases_input.csv,3,2,/PabloSnchz/deutsche-bahn-data/tree/main/test_scripts,3,1,/PabloSnchz/deutsche-bahn-data/blob/main/README.md,2,2,/PabloSnchz/deutsche-bahn-data/blob/main/test_scripts/test_data/valid_expected.csv,2,2
2026-07-30,/PabloSnchz/deutsche-bahn-data,93,71,/PabloSnchz/deutsche-bahn-data/tree/main/notebooks,6,6,/PabloSnchz/deutsche-bahn-data/tree/main/stats/data,5,4,/PabloSnchz/deutsche-bahn-data/tree/main/scripts,4,4,/PabloSnchz/deutsche-bahn-data/tree/main/stats,3,3,/PabloSnchz/deutsche-bahn-data/tree/main/stats/data/uhrzeit,3,3,/PabloSnchz/deutsche-bahn-data/blob/main/README.md,2,2,/PabloSnchz/deutsche-bahn-data/issues,2,2,/PabloSnchz/deutsche-bahn-data/actions/runs/19388274362,2,1,/PabloSnchz/deutsche-bahn-data/tree/main/stats/data/monat,2,1
2026-07-31,/PabloSnchz/deutsche-bahn-data,97,74,/PabloSnchz/deutsche-bahn-data/tree/main/notebooks,6,6,/PabloSnchz/deutsche-bahn-data/tree/main/stats/data,5,4,/PabloSnchz/deutsche-bahn-data/tree/main/scripts,4,4,/PabloSnchz/deutsche-bahn-data/tree/main/stats,3,3,/PabloSnchz/deutsche-bahn-data/tree/main/stats/data/uhrzeit,3,3,/PabloSnchz/deutsche-bahn-data/blob/main/README.md,2,2,/PabloSnchz/deutsche-bahn-data/issues,2,2,/PabloSnchz/deutsche-bahn-data/actions/runs/19388274362,2,1,/PabloSnchz/deutsche-bahn-data/tree/main/stats/data/monat,2,1
2026-08-01,/PabloSnchz/deutsche-bahn-data,93,70,/PabloSnchz/deutsche-bahn-data/tree/main/notebooks,6,6,/PabloSnchz/deutsche-bahn-data/tree/main/stats/data,5,4,/PabloSnchz/deutsche-bahn-data/tree/main/scripts,4,4,/PabloSnchz/deutsche-bahn-data/tree/main/stats,3,3,/PabloSnchz/deutsche-bahn-data/tree/main/stats/data/uhrzeit,3,3,/PabloSnchz/deutsche-bahn-data/issues,2,2,/PabloSnchz/deutsche-bahn-data/actions/runs/19388274362,2,1,/PabloSnchz/deutsche-bahn-data/tree/main/stats/data/monat,2,1,/PabloSnchz/deutsche-bahn-data/actions,1,1
2026-08-02,/PabloSnchz/deutsche-bahn-data,89,69,/PabloSnchz/deutsche-bahn-data/tree/main/stats/data,5,4,/PabloSnchz/deutsche-bahn-data/tree/main/notebooks,4,4,/PabloSnchz/deutsche-bahn-data/tree/main/scripts,4,4,/PabloSnchz/deutsche-bahn-data/tree/main/stats,3,3,/PabloSnchz/deutsche-bahn-data/tree/main/stats/data/uhrzeit,3,3,/PabloSnchz/deutsche-bahn-data/tree/0450f204833159f05c5333413280dc138098a245,2,2,/PabloSnchz/deutsche-bahn-data/actions/runs/19388274362,2,1,/PabloSnchz/deutsche-bahn-data/tree/main/stats/data/monat,2,1,/PabloSnchz/deutsche-bahn-data/actions/runs/19388274362/job/55478244926,1,1
2026-08-03,/PabloSnchz/deutsche-bahn-data,89,69,/PabloSnchz/deutsche-bahn-data/tree/main/stats/data,5,4,/PabloSnchz/deutsche-bahn-data/tree/main/notebooks,4,4,/PabloSnchz/deutsche-bahn-data/tree/main/scripts,4,4,/PabloSnchz/deutsche-bahn-data/tree/main/stats,3,3,/PabloSnchz/deutsche-bahn-data/tree/main/stats/data/uhrzeit,3,3,/PabloSnchz/deutsche-bahn-data/tree/0450f204833159f05c5333413280dc138098a245,2,2,/PabloSnchz/deutsche-bahn-data/actions/runs/19388274362,2,1,/PabloSnchz/deutsche-bahn-data/tree/main/stats/data/monat,2,1,/PabloSnchz/deutsche-bahn-data/actions/runs/19388274362/job/55478244926,1,1
2026-08-04,/PabloSnchz/deutsche-bahn-data,89,69,/PabloSnchz/deutsche-bahn-data/tree/main/stats/data,5,4,/PabloSnchz/deutsche-bahn-data/tree/main/notebooks,4,4,/PabloSnchz/deutsche-bahn-data/tree/main/scripts,4,4,/PabloSnchz/deutsche-bahn-data/tree/main/stats,3,3,/PabloSnchz/deutsche-bahn-data/tree/main/stats/data/uhrzeit,3,3,/PabloSnchz/deutsche-bahn-data/tree/0450f204833159f05c5333413280dc138098a245,2,2,/PabloSnchz/deutsche-bahn-data/actions/runs/19388274362,2,1,/PabloSnchz/deutsche-bahn-data/tree/main/stats/data/monat,2,1,/PabloSnchz/deutsche-bahn-data/actions/runs/19388274362/job/55478244926,1,1
2026-08-05,/PabloSnchz/deutsche-bahn-data,108,78,/PabloSnchz/deutsche-bahn-data/tree/0450f204833159f05c5333413280dc138098a245,6,3,/PabloSnchz/deutsche-bahn-data/tree/main/scripts,5,5,/PabloSnchz/deutsche-bahn-data/tree/main/stats,4,4,/PabloSnchz/deutsche-bahn-data/tree/main/notebooks,3,3,/PabloSnchz/deutsche-bahn-data/tree/main/stats/data,3,3,/PabloSnchz/deutsche-bahn-data/tree/main/stats/data/uhrzeit,3,3,/PabloSnchz/deutsche-bahn-data/issues,3,2,/PabloSnchz/deutsche-bahn-data/blob/main/README.md,2,2,/PabloSnchz/deutsche-bahn-data/tree/main/.github/workflows,2,2
2026-08-06,/PabloSnchz/deutsche-bahn-data,116,83,/PabloSnchz/deutsche-bahn-data/tree/0450f204833159f05c5333413280dc138098a245,6,3,/PabloSnchz/deutsche-bahn-data/tree/main/stats,5,5,/PabloSnchz/deutsche-bahn-data/tree/main/scripts,4,4,/PabloSnchz/deutsche-bahn-data/pulls,3,3,/PabloSnchz/deutsche-bahn-data/tree/main/.github/workflows,3,3,/PabloSnchz/deutsche-bahn-data/tree/main/notebooks,3,3,/PabloSnchz/deutsche-bahn-data/tree/main/stats/data,3,3,/PabloSnchz/deutsche-bahn-data/tree/main/stats/data/uhrzeit,3,3,/PabloSnchz/deutsche-bahn-data/issues,3,2
2026-08-07,/PabloSnchz/deutsche-bahn-data,134,95,/PabloSnchz/deutsche-bahn-data/issues,6,4,/PabloSnchz/deutsche-bahn-data/tree/0450f204833159f05c5333413280dc138098a245,6,3,/PabloSnchz/deutsche-bahn-data/tree/main/stats,5,5,/PabloSnchz/deutsche-bahn-data/tree/main/.github/workflows,4,4,/PabloSnchz/deutsche-bahn-data/tree/main/scripts,4,4,/PabloSnchz/deutsche-bahn-data/actions,3,3,/PabloSnchz/deutsche-bahn-data/pulls,3,3,/PabloSnchz/deutsche-bahn-data/tree/main/notebooks,3,3,/PabloSnchz/deutsche-bahn-data/tree/main/stats/data,3,3
2026-08-07,/PabloSnchz/deutsche-bahn-data,130,94,/PabloSnchz/deutsche-bahn-data/tree/main/stats,6,6,/PabloSnchz/deutsche-bahn-data/issues,6,4,/PabloSnchz/deutsche-bahn-data/tree/0450f204833159f05c5333413280dc138098a245,6,3,/PabloSnchz/deutsche-bahn-data/tree/main/notebooks,4,4,/PabloSnchz/deutsche-bahn-data/tree/main/scripts,4,4,/PabloSnchz/deutsche-bahn-data/actions,3,3,/PabloSnchz/deutsche-bahn-data/pulls,3,3,/PabloSnchz/deutsche-bahn-data/tree/main/.github/workflows,3,3,/PabloSnchz/deutsche-bahn-data/tree/main/stats/data,3,3
2026-08-08,/PabloSnchz/deutsche-bahn-data,133,94,/PabloSnchz/deutsche-bahn-data/tree/main/stats,6,6,/PabloSnchz/deutsche-bahn-data/issues,6,4,/PabloSnchz/deutsche-bahn-data/tree/0450f204833159f05c5333413280dc138098a245,6,3,/PabloSnchz/deutsche-bahn-data/blob/main/README.md,4,4,/PabloSnchz/deutsche-bahn-data/tree/main/notebooks,4,4,/PabloSnchz/deutsche-bahn-data/tree/main/scripts,4,4,/PabloSnchz/deutsche-bahn-data/actions,3,3,/PabloSnchz/deutsche-bahn-data/pulls,3,3,/PabloSnchz/deutsche-bahn-data/tree/main/.github/workflows,3,3
2026-08-09,/PabloSnchz/deutsche-bahn-data,140,98,/PabloSnchz/deutsche-bahn-data/issues,6,4,/PabloSnchz/deutsche-bahn-data/tree/0450f204833159f05c5333413280dc138098a245,6,3,/PabloSnchz/deutsche-bahn-data/blob/main/README.md,4,4,/PabloSnchz/deutsche-bahn-data/tree/main/notebooks,4,4,/PabloSnchz/deutsche-bahn-data/tree/main/stats,4,4,/PabloSnchz/deutsche-bahn-data/actions,3,3,/PabloSnchz/deutsche-bahn-data/pulls,3,3,/PabloSnchz/deutsche-bahn-data/tree/main/.github/workflows,3,3,/PabloSnchz/deutsche-bahn-data/activity,2,2
2026-08-11,/PabloSnchz/deutsche-bahn-data,140,97,/PabloSnchz/deutsche-bahn-data/issues,6,4,/PabloSnchz/deutsche-bahn-data/tree/0450f204833159f05c5333413280dc138098a245,6,3,/PabloSnchz/deutsche-bahn-data/blob/main/README.md,4,4,/PabloSnchz/deutsche-bahn-data/tree/main/notebooks,4,4,/PabloSnchz/deutsche-bahn-data/tree/main/stats,4,4,/PabloSnchz/deutsche-bahn-data/actions,3,3,/PabloSnchz/deutsche-bahn-data/pulls,3,3,/PabloSnchz/deutsche-bahn-data/tree/main/.github/workflows,3,3,/PabloSnchz/deutsche-bahn-data/activity,2,2
2026-08-12,/PabloSnchz/deutsche-bahn-data,154,110,/PabloSnchz/deutsche-bahn-data/issues,7,5,/PabloSnchz/deutsche-bahn-data/tree/main/stats,6,6,/PabloSnchz/deutsche-bahn-data/tree/0450f204833159f05c5333413280dc138098a245,6,3,/PabloSnchz/deutsche-bahn-data/blob/main/README.md,5,5,/PabloSnchz/deutsche-bahn-data/tree/main/notebooks,4,4,/PabloSnchz/deutsche-bahn-data/actions,3,3,/PabloSnchz/deutsche-bahn-data/pulls,3,3,/PabloSnchz/deutsche-bahn-data/tree/main/.github/workflows,3,3,/PabloSnchz/deutsche-bahn-data/blob/main/average_delays.png,2,2
2026-08-13,/PabloSnchz/deutsche-bahn-data,164,113,/PabloSnchz/deutsche-bahn-data/tree/main/stats,8,8,/PabloSnchz/deutsche-bahn-data/issues,7,5,/PabloSnchz/deutsche-bahn-data/tree/0450f204833159f05c5333413280dc138098a245,6,3,/PabloSnchz/deutsche-bahn-data/blob/main/README.md,5,5,/PabloSnchz/deutsche-bahn-data/tree/main/.github/workflows,5,5,/PabloSnchz/deutsche-bahn-data/tree/main/notebooks,4,4,/PabloSnchz/deutsche-bahn-data/actions,3,3,/PabloSnchz/deutsche-bahn-data/pulls,3,3,/PabloSnchz/deutsche-bahn-data/blob/main/average_delays.png,2,2
2026-08-14,/PabloSnchz/deutsche-bahn-data,174,120,/PabloSnchz/deutsche-bahn-data/tree/0450f204833159f05c5333413280dc138098a245,9,6,/PabloSnchz/deutsche-bahn-data/tree/main/stats,8,8,/PabloSnchz/deutsche-bahn-data/issues,7,5,/PabloSnchz/deutsche-bahn-data/tree/main/.github/workflows,6,5,/PabloSnchz/deutsche-bahn-data/blob/main/README.md,5,5,/PabloSnchz/deutsche-bahn-data/tree/main/notebooks,4,4,/PabloSnchz/deutsche-bahn-data/actions,3,3,/PabloSnchz/deutsche-bahn-data/pulls,3,3,/PabloSnchz/deutsche-bahn-data/tree/main/config,3,3
2026-08-14,/PabloSnchz/deutsche-bahn-data,281,207,/PabloSnchz/deutsche-bahn-data/tree/0450f204833159f05c5333413280dc138098a245,31,23,/PabloSnchz/deutsche-bahn-data/tree/main/stats,10,10,/PabloSnchz/deutsche-bahn-data/issues,7,5,/PabloSnchz/deutsche-bahn-data/tree/main/.github/workflows,6,5,/PabloSnchz/deutsche-bahn-data/blob/main/README.md,5,5,/PabloSnchz/deutsche-bahn-data/tree/0450f204833159f05c5333413280dc138098a245/scripts,5,5,/PabloSnchz/deutsche-bahn-data/tree/main/notebooks,5,5,/PabloSnchz/deutsche-bahn-data/blob/main/average_delays.png,4,4,/PabloSnchz/deutsche-bahn-data/tree/main,4,3
