date,path_1,path_1_count,path_1_uniques,path_2,path_2_count,path_2_uniques,path_3,path_3_count,path_3_uniques,path_4,path_4_count,path_4_uniques,path_5,path_5_count,path_5_uniques,path_6,path_6_count,path_6_uniques,path_7,path_7_count,path_7_uniques,path_8,path_8_count,path_8_uniques,path_9,path_9_count,path_9_uniques,path_10,path_10_count,path_10_uniques
2024-07-26,/PabloSnchz/factorio-blueprint-visualizer,13,11,,,,,,,,,,,,,,,,,,,,,,,,,,,
2024-07-27,/PabloSnchz/factorio-blueprint-visualizer,14,12,/PabloSnchz/factorio-blueprint-visualizer/blob/master/example_svgs/example_25.svg,2,1,/PabloSnchz/factorio-blueprint-visualizer/blob/master/README.md,2,1,/PabloSnchz/factorio-blueprint-visualizer/tree/master,2,1,/PabloSnchz/factorio-blueprint-visualizer/tree/master/factorioBlueprintVisualizer,2,1,,,,,,,,,,,,,,,
2024-07-28,/PabloSnchz/factorio-blueprint-visualizer,15,13,/PabloSnchz/factorio-blueprint-visualizer/blob/master/example_svgs/example_25.svg,2,1,/PabloSnchz/factorio-blueprint-visualizer/blob/master/README.md,2,1,/PabloSnchz/factorio-blueprint-visualizer/tree/master,2,1,/PabloSnchz/factorio-blueprint-visualizer/tree/master/factorioBlueprintVisualizer,2,1,,,,,,,,,,,,,,,
2024-07-29,/PabloSnchz/factorio-blueprint-visualizer,16,14,/PabloSnchz/factorio-blueprint-visualizer/blob/master/example_svgs/example_25.svg,5,2,/PabloSnchz/factorio-blueprint-visualizer/blob/master/example_svgs/example_21.svg,2,1,/PabloSnchz/factorio-blueprint-visualizer/blob/master/README.md,2,1,/PabloSnchz/factorio-blueprint-visualizer/tree/master,2,1,/PabloSnchz/factorio-blueprint-visualizer/tree/master/factorioBlueprintVisualizer,2,1,,,,,,,,,,,,
2024-07-30,/PabloSnchz/factorio-blueprint-visualizer,18,15,/PabloSnchz/factorio-blueprint-visualizer/blob/master/example_svgs/example_25.svg,5,2,/PabloSnchz/factorio-blueprint-visualizer/blob/master/example_svgs/example_21.svg,2,1,/PabloSnchz/factorio-blueprint-visualizer/blob/master/README.md,2,1,/PabloSnchz/factorio-blueprint-visualizer/tree/master,2,1,/PabloSnchz/factorio-blueprint-visualizer/tree/master/factorioBlueprintVisualizer,2,1,,,,,,,,,,,,
2024-07-31,/PabloSnchz/factorio-blueprint-visualizer,21,15,/PabloSnchz/factorio-blueprint-visualizer/blob/master/example_svgs/example_25.svg,5,2,/PabloSnchz/factorio-blueprint-visualizer/blob/master/example_svgs/example_21.svg,2,1,/PabloSnchz/factorio-blueprint-visualizer/blob/master/README.md,2,1,/PabloSnchz/factorio-blueprint-visualizer/tree/master,2,1,/PabloSnchz/factorio-blueprint-visualizer/tree/master/factorioBlueprintVisualizer,2,1,,,,,,,,,,,,
2024-08-01,/PabloSnchz/factorio-blueprint-visualizer,22,16,/PabloSnchz/factorio-blueprint-visualizer/blob/master/example_svgs/example_25.svg,5,2,/PabloSnchz/factorio-blueprint-visualizer/blob/master/example_svgs/example_21.svg,2,1,/PabloSnchz/factorio-blueprint-visualizer/blob/master/README.md,2,1,/PabloSnchz/factorio-blueprint-visualizer/tree/master,2,1,/PabloSnchz/factorio-blueprint-visualizer/tree/master/factorioBlueprintVisualizer,2,1,,,,,,,,,,,,
2024-08-02,/PabloSnchz/factorio-blueprint-visualizer,24,17,/PabloSnchz/factorio-blueprint-visualizer/blob/master/example_svgs/example_25.svg,5,2,/PabloSnchz/factorio-blueprint-visualizer/blob/master/example_svgs/example_21.svg,2,1,/PabloSnchz/factorio-blueprint-visualizer/blob/master/README.md,2,1,/PabloSnchz/factorio-blueprint-visualizer/tree/master,2,1,/PabloSnchz/factorio-blueprint-visualizer/tree/master/factorioBlueprintVisualizer,2,1,,,,,,,,,,,,
2024-08-03,/PabloSnchz/factorio-blueprint-visualizer,27,19,/PabloSnchz/factorio-blueprint-visualizer/blob/master/example_svgs/example_25.svg,5,2,/PabloSnchz/factorio-blueprint-visualizer/tree/master/factorioBlueprintVisualizer,4,2,/PabloSnchz/factorio-blueprint-visualizer/blob/master/example_svgs/example_21.svg,2,1,/PabloSnchz/factorio-blueprint-visualizer/blob/master/README.md,2,1,/PabloSnchz/factorio-blueprint-visualizer/tree/master,2,1,,,,,,,,,,,,
2024-08-04,/PabloSnchz/factorio-blueprint-visualizer,28,19,/PabloSnchz/factorio-blueprint-visualizer/blob/master/example_svgs/example_25.svg,5,2,/PabloSnchz/factorio-blueprint-visualizer/tree/master/factorioBlueprintVisualizer,4,2,/PabloSnchz/factorio-blueprint-visualizer/blob/master/example_svgs/example_21.svg,2,1,/PabloSnchz/factorio-blueprint-visualizer/blob/master/README.md,2,1,/PabloSnchz/factorio-blueprint-visualizer/tree/master,2,1,,,,,,,,,,,,
2024-08-05,/PabloSnchz/factorio-blueprint-visualizer,28,19,/PabloSnchz/factorio-blueprint-visualizer/tree/master/factorioBlueprintVisualizer,8,3,/PabloSnchz/factorio-blueprint-visualizer/blob/master/example_svgs/example_25.svg,5,2,/PabloSnchz/factorio-blueprint-visualizer/blob/master/example_svgs/example_21.svg,2,1,/PabloSnchz/factorio-blueprint-visualizer/blob/master/factorioBlueprintVisualizer/building_settings.py,2,1,/PabloSnchz/factorio-blueprint-visualizer/blob/master/factorioBlueprintVisualizer/util.py,2,1,/PabloSnchz/factorio-blueprint-visualizer/blob/master/README.md,2,1,/PabloSnchz/factorio-blueprint-visualizer/tree/master,2,1,,,,,,
2024-08-06,/PabloSnchz/factorio-blueprint-visualizer,30,21,/PabloSnchz/factorio-blueprint-visualizer/tree/master/factorioBlueprintVisualizer,8,3,/PabloSnchz/factorio-blueprint-visualizer/blob/master/example_svgs/example_25.svg,5,2,/PabloSnchz/factorio-blueprint-visualizer/blob/master/example_svgs/example_21.svg,2,1,/PabloSnchz/factorio-blueprint-visualizer/blob/master/factorioBlueprintVisualizer/building_settings.py,2,1,/PabloSnchz/factorio-blueprint-visualizer/blob/master/factorioBlueprintVisualizer/util.py,2,1,/PabloSnchz/factorio-blueprint-visualizer/blob/master/README.md,2,1,/PabloSnchz/factorio-blueprint-visualizer/tree/master,2,1,,,,,,
2024-08-07,/PabloSnchz/factorio-blueprint-visualizer,28,19,/PabloSnchz/factorio-blueprint-visualizer/tree/master/factorioBlueprintVisualizer,8,3,/PabloSnchz/factorio-blueprint-visualizer/blob/master/example_svgs/example_25.svg,5,2,/PabloSnchz/factorio-blueprint-visualizer/blob/master/example_svgs/example_21.svg,2,1,/PabloSnchz/factorio-blueprint-visualizer/blob/master/factorioBlueprintVisualizer/building_settings.py,2,1,/PabloSnchz/factorio-blueprint-visualizer/blob/master/factorioBlueprintVisualizer/util.py,2,1,/PabloSnchz/factorio-blueprint-visualizer/blob/master/README.md,2,1,/PabloSnchz/factorio-blueprint-visualizer/tree/master,2,1,,,,,,
2024-08-08,/PabloSnchz/factorio-blueprint-visualizer,29,20,/PabloSnchz/factorio-blueprint-visualizer/tree/master/factorioBlueprintVisualizer,8,3,/PabloSnchz/factorio-blueprint-visualizer/blob/master/example_svgs/example_25.svg,5,2,/PabloSnchz/factorio-blueprint-visualizer/blob/master/example_svgs/example_21.svg,2,1,/PabloSnchz/factorio-blueprint-visualizer/blob/master/factorioBlueprintVisualizer/building_settings.py,2,1,/PabloSnchz/factorio-blueprint-visualizer/blob/master/factorioBlueprintVisualizer/util.py,2,1,/PabloSnchz/factorio-blueprint-visualizer/blob/master/README.md,2,1,/PabloSnchz/factorio-blueprint-visualizer/tree/master,2,1,,,,,,
2024-08-09,/PabloSnchz/factorio-blueprint-visualizer,28,19,/PabloSnchz/factorio-blueprint-visualizer/tree/master/factorioBlueprintVisualizer,6,2,/PabloSnchz/factorio-blueprint-visualizer/blob/master/example_svgs/example_25.svg,3,1,/PabloSnchz/factorio-blueprint-visualizer/blob/master/example_svgs/example_21.svg,2,1,/PabloSnchz/factorio-blueprint-visualizer/blob/master/factorioBlueprintVisualizer/building_settings.py,2,1,/PabloSnchz/factorio-blueprint-visualizer/blob/master/factorioBlueprintVisualizer/util.py,2,1,,,,,,,,,,,,
2024-08-10,/PabloSnchz/factorio-blueprint-visualizer,27,18,/PabloSnchz/factorio-blueprint-visualizer/tree/master/factorioBlueprintVisualizer,6,2,/PabloSnchz/factorio-blueprint-visualizer/blob/master/example_svgs/example_25.svg,3,1,/PabloSnchz/factorio-blueprint-visualizer/blob/master/example_svgs/example_21.svg,2,1,/PabloSnchz/factorio-blueprint-visualizer/blob/master/factorioBlueprintVisualizer/building_settings.py,2,1,/PabloSnchz/factorio-blueprint-visualizer/blob/master/factorioBlueprintVisualizer/util.py,2,1,,,,,,,,,,,,
2024-08-11,/PabloSnchz/factorio-blueprint-visualizer,23,16,/PabloSnchz/factorio-blueprint-visualizer/tree/master/factorioBlueprintVisualizer,6,2,/PabloSnchz/factorio-blueprint-visualizer/blob/master/factorioBlueprintVisualizer/building_settings.py,2,1,/PabloSnchz/factorio-blueprint-visualizer/blob/master/factorioBlueprintVisualizer/util.py,2,1,,,,,,,,,,,,,,,,,,
2024-08-12,/PabloSnchz/factorio-blueprint-visualizer,22,16,/PabloSnchz/factorio-blueprint-visualizer/tree/master/factorioBlueprintVisualizer,6,2,/PabloSnchz/factorio-blueprint-visualizer/blob/master/factorioBlueprintVisualizer/building_settings.py,2,1,/PabloSnchz/factorio-blueprint-visualizer/blob/master/factorioBlueprintVisualizer/util.py,2,1,,,,,,,,,,,,,,,,,,
2024-08-13,/PabloSnchz/factorio-blueprint-visualizer,19,16,/PabloSnchz/factorio-blueprint-visualizer/tree/master/factorioBlueprintVisualizer,8,3,/PabloSnchz/factorio-blueprint-visualizer/blob/master/factorioBlueprintVisualizer/building_settings.py,2,1,/PabloSnchz/factorio-blueprint-visualizer/blob/master/factorioBlueprintVisualizer/util.py,2,1,,,,,,,,,,,,,,,,,,
2024-08-14,/PabloSnchz/factorio-blueprint-visualizer,19,16,/PabloSnchz/factorio-blueprint-visualizer/tree/master/factorioBlueprintVisualizer,8,3,/PabloSnchz/factorio-blueprint-visualizer/blob/master/factorioBlueprintVisualizer/building_settings.py,2,1,/PabloSnchz/factorio-blueprint-visualizer/blob/master/factorioBlueprintVisualizer/util.py,2,1,,,,,,,,,,,,,,,,,,
2024-08-15,/PabloSnchz/factorio-blueprint-visualizer,18,14,/PabloSnchz/factorio-blueprint-visualizer/tree/master/factorioBlueprintVisualizer,8,3,/PabloSnchz/factorio-blueprint-visualizer/blob/master/factorioBlueprintVisualizer/building_settings.py,2,1,/PabloSnchz/factorio-blueprint-visualizer/blob/master/factorioBlueprintVisualizer/util.py,2,1,,,,,,,,,,,,,,,,,,
2024-08-16,/PabloSnchz/factorio-blueprint-visualizer,15,12,/PabloSnchz/factorio-blueprint-visualizer/tree/master/factorioBlueprintVisualizer,6,2,/PabloSnchz/factorio-blueprint-visualizer/blob/master/factorioBlueprintVisualizer/building_settings.py,2,1,/PabloSnchz/factorio-blueprint-visualizer/blob/master/factorioBlueprintVisualizer/util.py,2,1,,,,,,,,,,,,,,,,,,
2024-08-17,/PabloSnchz/factorio-blueprint-visualizer,16,13,/PabloSnchz/factorio-blueprint-visualizer/tree/master/factorioBlueprintVisualizer,6,2,/PabloSnchz/factorio-blueprint-visualizer/blob/master/example_svgs/random_0077.svg,2,1,/PabloSnchz/factorio-blueprint-visualizer/blob/master/factorioBlueprintVisualizer/building_settings.py,2,1,/PabloSnchz/factorio-blueprint-visualizer/blob/master/factorioBlueprintVisualizer/util.py,2,1,,,,,,,,,,,,,,,
2024-08-18,/PabloSnchz/factorio-blueprint-visualizer,16,13,/PabloSnchz/factorio-blueprint-visualizer/blob/master/example_svgs/random_0077.svg,2,1,/PabloSnchz/factorio-blueprint-visualizer/tree/master/factorioBlueprintVisualizer,2,1,,,,,,,,,,,,,,,,,,,,,
2024-08-19,/PabloSnchz/factorio-blueprint-visualizer,15,12,/PabloSnchz/factorio-blueprint-visualizer/blob/master/example_svgs/random_0077.svg,2,1,/PabloSnchz/factorio-blueprint-visualizer/tree/master/factorioBlueprintVisualizer,2,1,,,,,,,,,,,,,,,,,,,,,
2024-08-20,/PabloSnchz/factorio-blueprint-visualizer,16,13,/PabloSnchz/factorio-blueprint-visualizer/blob/master/example_svgs/random_0077.svg,2,1,/PabloSnchz/factorio-blueprint-visualizer/tree/master/factorioBlueprintVisualizer,2,1,,,,,,,,,,,,,,,,,,,,,
2024-08-21,/PabloSnchz/factorio-blueprint-visualizer,14,11,/PabloSnchz/factorio-blueprint-visualizer/blob/master/example_svgs/random_0077.svg,2,1,/PabloSnchz/factorio-blueprint-visualizer/tree/master/factorioBlueprintVisualizer,2,1,,,,,,,,,,,,,,,,,,,,,
2024-08-22,/PabloSnchz/factorio-blueprint-visualizer,16,12,/PabloSnchz/factorio-blueprint-visualizer/blob/master/example_svgs/random_0077.svg,2,1,/PabloSnchz/factorio-blueprint-visualizer/tree/master/factorioBlueprintVisualizer,2,1,,,,,,,,,,,,,,,,,,,,,
2024-08-23,/PabloSnchz/factorio-blueprint-visualizer,16,12,/PabloSnchz/factorio-blueprint-visualizer/blob/master/example_svgs/random_0077.svg,2,1,/PabloSnchz/factorio-blueprint-visualizer/tree/master/factorioBlueprintVisualizer,2,1,,,,,,,,,,,,,,,,,,,,,
2024-08-24,/PabloSnchz/factorio-blueprint-visualizer,16,12,/PabloSnchz/factorio-blueprint-visualizer/blob/master/example_svgs/random_0077.svg,2,1,/PabloSnchz/factorio-blueprint-visualizer/tree/master/factorioBlueprintVisualizer,2,1,/https/github.com/PabloSnchz/factorio-blueprint-visualizer/issues,1,1,,,,,,,,,,,,,,,,,,
2024-08-25,/PabloSnchz/factorio-blueprint-visualizer,15,11,/PabloSnchz/factorio-blueprint-visualizer/blob/master/example_svgs/random_0077.svg,2,1,/PabloSnchz/factorio-blueprint-visualizer/tree/master/factorioBlueprintVisualizer,2,1,/https/github.com/PabloSnchz/factorio-blueprint-visualizer/issues,1,1,,,,,,,,,,,,,,,,,,
2024-08-26,/PabloSnchz/factorio-blueprint-visualizer,16,12,/PabloSnchz/factorio-blueprint-visualizer/blob/master/example_svgs/example_08.svg,2,1,/PabloSnchz/factorio-blueprint-visualizer/blob/master/example_svgs/random_0077.svg,2,1,/https/github.com/PabloSnchz/factorio-blueprint-visualizer/issues,1,1,,,,,,,,,,,,,,,,,,
2024-08-27,/PabloSnchz/factorio-blueprint-visualizer,28,16,/PabloSnchz/factorio-blueprint-visualizer/blob/master/factorioBlueprintVisualizer/visualizer.py,24,2,/PabloSnchz/factorio-blueprint-visualizer/blob/master/factorioBlueprintVisualizer/draw.py,10,1,/PabloSnchz/factorio-blueprint-visualizer/blob/master/example_svgs/example_08.svg,6,2,/PabloSnchz/factorio-blueprint-visualizer/blob/master/example_svgs/example_25.svg,6,2,/PabloSnchz/factorio-blueprint-visualizer/tree/master/factorioBlueprintVisualizer,6,2,/PabloSnchz/factorio-blueprint-visualizer/blob/master/example_svgs/random_0077.svg,4,2,/PabloSnchz/factorio-blueprint-visualizer/commits,4,2,/PabloSnchz/factorio-blueprint-visualizer/blob/master/example_svgs/example_24.svg,3,1,/PabloSnchz/factorio-blueprint-visualizer/forks,3,1
2024-08-28,/PabloSnchz/factorio-blueprint-visualizer,32,20,/PabloSnchz/factorio-blueprint-visualizer/blob/master/factorioBlueprintVisualizer/visualizer.py,26,2,/PabloSnchz/factorio-blueprint-visualizer/blob/master/factorioBlueprintVisualizer/draw.py,15,1,/PabloSnchz/factorio-blueprint-visualizer/blob/master/example_svgs/example_08.svg,6,2,/PabloSnchz/factorio-blueprint-visualizer/blob/master/example_svgs/example_25.svg,6,2,/PabloSnchz/factorio-blueprint-visualizer/tree/master/factorioBlueprintVisualizer,6,2,/PabloSnchz/factorio-blueprint-visualizer/blob/master/example_svgs/example_24.svg,5,1,/PabloSnchz/factorio-blueprint-visualizer/tree/master,5,1,/PabloSnchz/factorio-blueprint-visualizer/blob/master/example_svgs/random_0077.svg,4,2,/PabloSnchz/factorio-blueprint-visualizer/commits,4,2
2024-08-29,/PabloSnchz/factorio-blueprint-visualizer,38,24,/PabloSnchz/factorio-blueprint-visualizer/blob/master/factorioBlueprintVisualizer/visualizer.py,26,2,/PabloSnchz/factorio-blueprint-visualizer/blob/master/factorioBlueprintVisualizer/draw.py,15,1,/PabloSnchz/factorio-blueprint-visualizer/blob/master/example_svgs/example_08.svg,6,2,/PabloSnchz/factorio-blueprint-visualizer/blob/master/example_svgs/example_25.svg,6,2,/PabloSnchz/factorio-blueprint-visualizer/tree/master/factorioBlueprintVisualizer,6,2,/PabloSnchz/factorio-blueprint-visualizer/blob/master/example_svgs/example_24.svg,5,1,/PabloSnchz/factorio-blueprint-visualizer/tree/master,5,1,/PabloSnchz/factorio-blueprint-visualizer/blob/master/example_svgs/random_0077.svg,4,2,/PabloSnchz/factorio-blueprint-visualizer/commits,4,2
2024-08-30,/PabloSnchz/factorio-blueprint-visualizer,36,22,/PabloSnchz/factorio-blueprint-visualizer/blob/master/factorioBlueprintVisualizer/visualizer.py,26,2,/PabloSnchz/factorio-blueprint-visualizer/blob/master/factorioBlueprintVisualizer/draw.py,15,1,/PabloSnchz/factorio-blueprint-visualizer/blob/master/example_svgs/example_25.svg,8,2,/PabloSnchz/factorio-blueprint-visualizer/blob/master/example_svgs/example_08.svg,6,2,/PabloSnchz/factorio-blueprint-visualizer/tree/master/factorioBlueprintVisualizer,6,2,/PabloSnchz/factorio-blueprint-visualizer/blob/master/example_svgs/example_24.svg,5,1,/PabloSnchz/factorio-blueprint-visualizer/tree/master,5,1,/PabloSnchz/factorio-blueprint-visualizer/commits,4,2,/PabloSnchz/factorio-blueprint-visualizer/forks,3,1
2024-08-31,/PabloSnchz/factorio-blueprint-visualizer,36,21,/PabloSnchz/factorio-blueprint-visualizer/blob/master/factorioBlueprintVisualizer/visualizer.py,26,2,/PabloSnchz/factorio-blueprint-visualizer/blob/master/factorioBlueprintVisualizer/draw.py,15,1,/PabloSnchz/factorio-blueprint-visualizer/blob/master/example_svgs/example_25.svg,8,2,/PabloSnchz/factorio-blueprint-visualizer/blob/master/example_svgs/example_08.svg,6,2,/PabloSnchz/factorio-blueprint-visualizer/tree/master/factorioBlueprintVisualizer,6,2,/PabloSnchz/factorio-blueprint-visualizer/blob/master/example_svgs/example_24.svg,5,1,/PabloSnchz/factorio-blueprint-visualizer/tree/master,5,1,/PabloSnchz/factorio-blueprint-visualizer/commits,4,2,/PabloSnchz/factorio-blueprint-visualizer/forks,3,1
2024-09-01,/PabloSnchz/factorio-blueprint-visualizer,40,26,/PabloSnchz/factorio-blueprint-visualizer/blob/master/factorioBlueprintVisualizer/visualizer.py,26,2,/PabloSnchz/factorio-blueprint-visualizer/blob/master/factorioBlueprintVisualizer/draw.py,15,1,/PabloSnchz/factorio-blueprint-visualizer/blob/master/example_svgs/example_25.svg,8,2,/PabloSnchz/factorio-blueprint-visualizer/blob/master/example_svgs/example_08.svg,6,2,/PabloSnchz/factorio-blueprint-visualizer/tree/master/factorioBlueprintVisualizer,6,2,/PabloSnchz/factorio-blueprint-visualizer/blob/master/example_svgs/example_24.svg,5,1,/PabloSnchz/factorio-blueprint-visualizer/tree/master,5,1,/PabloSnchz/factorio-blueprint-visualizer/commits,4,2,/PabloSnchz/factorio-blueprint-visualizer/forks,3,1
2024-09-02,/PabloSnchz/factorio-blueprint-visualizer,42,25,/PabloSnchz/factorio-blueprint-visualizer/blob/master/factorioBlueprintVisualizer/visualizer.py,28,2,/PabloSnchz/factorio-blueprint-visualizer/blob/master/factorioBlueprintVisualizer/draw.py,17,1,/PabloSnchz/factorio-blueprint-visualizer/tree/master/factorioBlueprintVisualizer,15,2,/PabloSnchz/factorio-blueprint-visualizer/blob/master/example_svgs/example_25.svg,8,2,/PabloSnchz/factorio-blueprint-visualizer/blob/master/example_svgs/example_08.svg,6,2,/PabloSnchz/factorio-blueprint-visualizer/blob/master/example_svgs/example_24.svg,5,1,/PabloSnchz/factorio-blueprint-visualizer/blob/master/factorioBlueprintVisualizer/building_settings.py,5,1,/PabloSnchz/factorio-blueprint-visualizer/tree/master,5,1,/PabloSnchz/factorio-blueprint-visualizer/commits,4,2
2024-09-03,/PabloSnchz/factorio-blueprint-visualizer,42,25,/PabloSnchz/factorio-blueprint-visualizer/blob/master/factorioBlueprintVisualizer/visualizer.py,28,2,/PabloSnchz/factorio-blueprint-visualizer/blob/master/factorioBlueprintVisualizer/draw.py,17,1,/PabloSnchz/factorio-blueprint-visualizer/tree/master/factorioBlueprintVisualizer,15,2,/PabloSnchz/factorio-blueprint-visualizer/blob/master/example_svgs/example_25.svg,8,2,/PabloSnchz/factorio-blueprint-visualizer/blob/master/example_svgs/example_08.svg,6,2,/PabloSnchz/factorio-blueprint-visualizer/blob/master/example_svgs/example_24.svg,5,1,/PabloSnchz/factorio-blueprint-visualizer/blob/master/factorioBlueprintVisualizer/building_settings.py,5,1,/PabloSnchz/factorio-blueprint-visualizer/tree/master,5,1,/PabloSnchz/factorio-blueprint-visualizer/commits,4,2
2024-09-04,/PabloSnchz/factorio-blueprint-visualizer,42,24,/PabloSnchz/factorio-blueprint-visualizer/blob/master/factorioBlueprintVisualizer/visualizer.py,28,2,/PabloSnchz/factorio-blueprint-visualizer/blob/master/factorioBlueprintVisualizer/draw.py,17,1,/PabloSnchz/factorio-blueprint-visualizer/tree/master/factorioBlueprintVisualizer,15,2,/PabloSnchz/factorio-blueprint-visualizer/blob/master/example_svgs/example_25.svg,8,2,/PabloSnchz/factorio-blueprint-visualizer/blob/master/example_svgs/example_08.svg,6,2,/PabloSnchz/factorio-blueprint-visualizer/blob/master/example_svgs/example_24.svg,5,1,/PabloSnchz/factorio-blueprint-visualizer/blob/master/factorioBlueprintVisualizer/building_settings.py,5,1,/PabloSnchz/factorio-blueprint-visualizer/tree/master,5,1,/PabloSnchz/factorio-blueprint-visualizer/commits,4,2
2024-09-05,/PabloSnchz/factorio-blueprint-visualizer,42,24,/PabloSnchz/factorio-blueprint-visualizer/blob/master/factorioBlueprintVisualizer/visualizer.py,28,2,/PabloSnchz/factorio-blueprint-visualizer/blob/master/factorioBlueprintVisualizer/draw.py,17,1,/PabloSnchz/factorio-blueprint-visualizer/tree/master/factorioBlueprintVisualizer,15,2,/PabloSnchz/factorio-blueprint-visualizer/blob/master/example_svgs/example_25.svg,8,2,/PabloSnchz/factorio-blueprint-visualizer/blob/master/example_svgs/example_08.svg,6,2,/PabloSnchz/factorio-blueprint-visualizer/blob/master/example_svgs/example_24.svg,5,1,/PabloSnchz/factorio-blueprint-visualizer/blob/master/factorioBlueprintVisualizer/building_settings.py,5,1,/PabloSnchz/factorio-blueprint-visualizer/tree/master,5,1,/PabloSnchz/factorio-blueprint-visualizer/commits,4,2
2024-09-06,/PabloSnchz/factorio-blueprint-visualizer,43,25,/PabloSnchz/factorio-blueprint-visualizer/blob/master/factorioBlueprintVisualizer/visualizer.py,30,3,/PabloSnchz/factorio-blueprint-visualizer/blob/master/factorioBlueprintVisualizer/draw.py,17,1,/PabloSnchz/factorio-blueprint-visualizer/tree/master/factorioBlueprintVisualizer,15,2,/PabloSnchz/factorio-blueprint-visualizer/blob/master/example_svgs/example_25.svg,8,2,/PabloSnchz/factorio-blueprint-visualizer/blob/master/factorioBlueprintVisualizer/building_settings.py,7,2,/PabloSnchz/factorio-blueprint-visualizer/blob/master/example_svgs/example_08.svg,6,2,/PabloSnchz/factorio-blueprint-visualizer/blob/master/factorioBlueprintVisualizer/util.py,6,2,/PabloSnchz/factorio-blueprint-visualizer/blob/master/example_svgs/example_24.svg,5,1,/PabloSnchz/factorio-blueprint-visualizer/tree/master,5,1
2024-09-07,/PabloSnchz/factorio-blueprint-visualizer,44,26,/PabloSnchz/factorio-blueprint-visualizer/blob/master/factorioBlueprintVisualizer/visualizer.py,30,3,/PabloSnchz/factorio-blueprint-visualizer/blob/master/factorioBlueprintVisualizer/draw.py,17,1,/PabloSnchz/factorio-blueprint-visualizer/tree/master/factorioBlueprintVisualizer,15,2,/PabloSnchz/factorio-blueprint-visualizer/blob/master/example_svgs/example_25.svg,8,2,/PabloSnchz/factorio-blueprint-visualizer/blob/master/factorioBlueprintVisualizer/building_settings.py,7,2,/PabloSnchz/factorio-blueprint-visualizer/blob/master/example_svgs/example_08.svg,6,2,/PabloSnchz/factorio-blueprint-visualizer/blob/master/factorioBlueprintVisualizer/util.py,6,2,/PabloSnchz/factorio-blueprint-visualizer/blob/master/example_svgs/example_24.svg,5,1,/PabloSnchz/factorio-blueprint-visualizer/tree/master,5,1
2024-09-08,/PabloSnchz/factorio-blueprint-visualizer,43,26,/PabloSnchz/factorio-blueprint-visualizer/blob/master/factorioBlueprintVisualizer/visualizer.py,30,3,/PabloSnchz/factorio-blueprint-visualizer/blob/master/factorioBlueprintVisualizer/draw.py,17,1,/PabloSnchz/factorio-blueprint-visualizer/tree/master/factorioBlueprintVisualizer,15,2,/PabloSnchz/factorio-blueprint-visualizer/blob/master/example_svgs/example_25.svg,8,2,/PabloSnchz/factorio-blueprint-visualizer/blob/master/factorioBlueprintVisualizer/building_settings.py,7,2,/PabloSnchz/factorio-blueprint-visualizer/blob/master/factorioBlueprintVisualizer/util.py,6,2,/PabloSnchz/factorio-blueprint-visualizer/blob/master/example_svgs/example_24.svg,5,1,/PabloSnchz/factorio-blueprint-visualizer/tree/master,5,1,/PabloSnchz/factorio-blueprint-visualizer/commits,4,2
2024-09-09,/PabloSnchz/factorio-blueprint-visualizer,32,22,/PabloSnchz/factorio-blueprint-visualizer/tree/master/factorioBlueprintVisualizer,9,1,/PabloSnchz/factorio-blueprint-visualizer/blob/master/factorioBlueprintVisualizer/draw.py,7,1,/PabloSnchz/factorio-blueprint-visualizer/blob/master/factorioBlueprintVisualizer/visualizer.py,6,2,/PabloSnchz/factorio-blueprint-visualizer/blob/master/factorioBlueprintVisualizer/building_settings.py,5,2,/PabloSnchz/factorio-blueprint-visualizer/blob/master/factorioBlueprintVisualizer/util.py,4,2,/PabloSnchz/factorio-blueprint-visualizer/blob/master/example_svgs/example_23.svg,2,1,/PabloSnchz/factorio-blueprint-visualizer/blob/master/example_svgs/example_24.svg,2,1,/PabloSnchz/factorio-blueprint-visualizer/blob/master/example_svgs/example_25.svg,2,1,/PabloSnchz/factorio-blueprint-visualizer/blob/master/factorioBlueprintVisualizer/example_data.py,2,1
2024-09-10,/PabloSnchz/factorio-blueprint-visualizer,27,20,/PabloSnchz/factorio-blueprint-visualizer/tree/master/factorioBlueprintVisualizer,9,1,/PabloSnchz/factorio-blueprint-visualizer/blob/master/factorioBlueprintVisualizer/building_settings.py,5,2,/PabloSnchz/factorio-blueprint-visualizer/blob/master/factorioBlueprintVisualizer/util.py,4,2,/PabloSnchz/factorio-blueprint-visualizer/blob/master/factorioBlueprintVisualizer/visualizer.py,4,2,/PabloSnchz/factorio-blueprint-visualizer/blob/master/example_svgs/example_25.svg,2,1,/PabloSnchz/factorio-blueprint-visualizer/blob/master/factorioBlueprintVisualizer/draw.py,2,1,/PabloSnchz/factorio-blueprint-visualizer/blob/master/factorioBlueprintVisualizer/example_data.py,2,1,/PabloSnchz/factorio-blueprint-visualizer/blob/master/factorioBlueprintVisualizer/random_settings.py,2,1,/PabloSnchz/factorio-blueprint-visualizer/blob/master/notebook.ipynb,2,1
2024-09-11,/PabloSnchz/factorio-blueprint-visualizer,21,16,/PabloSnchz/factorio-blueprint-visualizer/tree/master/factorioBlueprintVisualizer,9,1,/PabloSnchz/factorio-blueprint-visualizer/blob/master/factorioBlueprintVisualizer/building_settings.py,5,2,/PabloSnchz/factorio-blueprint-visualizer/blob/master/factorioBlueprintVisualizer/util.py,4,2,/PabloSnchz/factorio-blueprint-visualizer/blob/master/factorioBlueprintVisualizer/visualizer.py,4,2,/PabloSnchz/factorio-blueprint-visualizer/blob/master/example_svgs/example_25.svg,2,1,/PabloSnchz/factorio-blueprint-visualizer/blob/master/factorioBlueprintVisualizer/draw.py,2,1,/PabloSnchz/factorio-blueprint-visualizer/blob/master/factorioBlueprintVisualizer/example_data.py,2,1,/PabloSnchz/factorio-blueprint-visualizer/blob/master/factorioBlueprintVisualizer/random_settings.py,2,1,/PabloSnchz/factorio-blueprint-visualizer/blob/master/notebook.ipynb,2,1
2024-09-12,/PabloSnchz/factorio-blueprint-visualizer,22,16,/PabloSnchz/factorio-blueprint-visualizer/tree/master/factorioBlueprintVisualizer,9,1,/PabloSnchz/factorio-blueprint-visualizer/blob/master/factorioBlueprintVisualizer/building_settings.py,5,2,/PabloSnchz/factorio-blueprint-visualizer/blob/master/factorioBlueprintVisualizer/util.py,4,2,/PabloSnchz/factorio-blueprint-visualizer/blob/master/factorioBlueprintVisualizer/visualizer.py,4,2,/PabloSnchz/factorio-blueprint-visualizer/blob/master/factorioBlueprintVisualizer/draw.py,2,1,/PabloSnchz/factorio-blueprint-visualizer/blob/master/factorioBlueprintVisualizer/example_data.py,2,1,/PabloSnchz/factorio-blueprint-visualizer/blob/master/factorioBlueprintVisualizer/random_settings.py,2,1,/PabloSnchz/factorio-blueprint-visualizer/blob/master/notebook.ipynb,2,1,,,
2024-09-13,/PabloSnchz/factorio-blueprint-visualizer,24,17,/PabloSnchz/factorio-blueprint-visualizer/tree/master/factorioBlueprintVisualizer,11,1,/PabloSnchz/factorio-blueprint-visualizer/blob/master/factorioBlueprintVisualizer/building_settings.py,5,2,/PabloSnchz/factorio-blueprint-visualizer/blob/master/factorioBlueprintVisualizer/util.py,4,2,/PabloSnchz/factorio-blueprint-visualizer/blob/master/factorioBlueprintVisualizer/visualizer.py,4,2,/PabloSnchz/factorio-blueprint-visualizer/blob/master/example_svgs/example_24.svg,2,1,/PabloSnchz/factorio-blueprint-visualizer/blob/master/factorioBlueprintVisualizer/draw.py,2,1,/PabloSnchz/factorio-blueprint-visualizer/blob/master/factorioBlueprintVisualizer/example_data.py,2,1,/PabloSnchz/factorio-blueprint-visualizer/blob/master/factorioBlueprintVisualizer/random_settings.py,2,1,/PabloSnchz/factorio-blueprint-visualizer/blob/master/notebook.ipynb,2,1
2024-09-14,/PabloSnchz/factorio-blueprint-visualizer,23,16,/PabloSnchz/factorio-blueprint-visualizer/tree/master/factorioBlueprintVisualizer,11,1,/PabloSnchz/factorio-blueprint-visualizer/blob/master/factorioBlueprintVisualizer/building_settings.py,5,2,/PabloSnchz/factorio-blueprint-visualizer/blob/master/factorioBlueprintVisualizer/util.py,4,2,/PabloSnchz/factorio-blueprint-visualizer/blob/master/factorioBlueprintVisualizer/visualizer.py,4,2,/PabloSnchz/factorio-blueprint-visualizer/blob/master/example_svgs/example_24.svg,2,1,/PabloSnchz/factorio-blueprint-visualizer/blob/master/factorioBlueprintVisualizer/draw.py,2,1,/PabloSnchz/factorio-blueprint-visualizer/blob/master/factorioBlueprintVisualizer/example_data.py,2,1,/PabloSnchz/factorio-blueprint-visualizer/blob/master/factorioBlueprintVisualizer/random_settings.py,2,1,/PabloSnchz/factorio-blueprint-visualizer/blob/master/notebook.ipynb,2,1
2024-09-15,/PabloSnchz/factorio-blueprint-visualizer,20,16,/PabloSnchz/factorio-blueprint-visualizer/blob/master/example_svgs/example_24.svg,2,1,/PabloSnchz/factorio-blueprint-visualizer/blob/master/factorioBlueprintVisualizer/building_settings.py,2,1,/PabloSnchz/factorio-blueprint-visualizer/blob/master/factorioBlueprintVisualizer/util.py,2,1,/PabloSnchz/factorio-blueprint-visualizer/blob/master/factorioBlueprintVisualizer/visualizer.py,2,1,/PabloSnchz/factorio-blueprint-visualizer/blob/master/notebook.ipynb,2,1,/PabloSnchz/factorio-blueprint-visualizer/tree/master/factorioBlueprintVisualizer,2,1,,,,,,,,,
2024-09-16,/PabloSnchz/factorio-blueprint-visualizer,20,16,/PabloSnchz/factorio-blueprint-visualizer/blob/master/example_svgs/example_24.svg,2,1,/PabloSnchz/factorio-blueprint-visualizer/blob/master/factorioBlueprintVisualizer/building_settings.py,2,1,/PabloSnchz/factorio-blueprint-visualizer/blob/master/factorioBlueprintVisualizer/util.py,2,1,/PabloSnchz/factorio-blueprint-visualizer/blob/master/factorioBlueprintVisualizer/visualizer.py,2,1,/PabloSnchz/factorio-blueprint-visualizer/blob/master/notebook.ipynb,2,1,/PabloSnchz/factorio-blueprint-visualizer/tree/master/factorioBlueprintVisualizer,2,1,,,,,,,,,
2024-09-17,/PabloSnchz/factorio-blueprint-visualizer,20,17,/PabloSnchz/factorio-blueprint-visualizer/blob/master/example_svgs/example_24.svg,2,1,/PabloSnchz/factorio-blueprint-visualizer/blob/master/example_svgs/example_25.svg,2,1,/PabloSnchz/factorio-blueprint-visualizer/blob/master/factorioBlueprintVisualizer/building_settings.py,2,1,/PabloSnchz/factorio-blueprint-visualizer/blob/master/factorioBlueprintVisualizer/util.py,2,1,/PabloSnchz/factorio-blueprint-visualizer/blob/master/factorioBlueprintVisualizer/visualizer.py,2,1,/PabloSnchz/factorio-blueprint-visualizer/blob/master/notebook.ipynb,2,1,/PabloSnchz/factorio-blueprint-visualizer/tree/master/factorioBlueprintVisualizer,2,1,,,,,,
2024-09-18,/PabloSnchz/factorio-blueprint-visualizer,20,17,/PabloSnchz/factorio-blueprint-visualizer/blob/master/example_svgs/example_24.svg,2,1,/PabloSnchz/factorio-blueprint-visualizer/blob/master/example_svgs/example_25.svg,2,1,/PabloSnchz/factorio-blueprint-visualizer/blob/master/factorioBlueprintVisualizer/building_settings.py,2,1,/PabloSnchz/factorio-blueprint-visualizer/blob/master/factorioBlueprintVisualizer/util.py,2,1,/PabloSnchz/factorio-blueprint-visualizer/blob/master/factorioBlueprintVisualizer/visualizer.py,2,1,/PabloSnchz/factorio-blueprint-visualizer/blob/master/notebook.ipynb,2,1,/PabloSnchz/factorio-blueprint-visualizer/tree/master/factorioBlueprintVisualizer,2,1,,,,,,
2024-09-19,/PabloSnchz/factorio-blueprint-visualizer,22,19,/PabloSnchz/factorio-blueprint-visualizer/blob/master/example_svgs/example_24.svg,2,1,/PabloSnchz/factorio-blueprint-visualizer/blob/master/example_svgs/example_25.svg,2,1,/PabloSnchz/factorio-blueprint-visualizer/tree/master/factorioBlueprintVisualizer,2,1,,,,,,,,,,,,,,,,,,
2024-09-20,/PabloSnchz/factorio-blueprint-visualizer,21,18,/PabloSnchz/factorio-blueprint-visualizer/blob/master/example_svgs/example_24.svg,2,1,/PabloSnchz/factorio-blueprint-visualizer/blob/master/example_svgs/example_25.svg,2,1,/PabloSnchz/factorio-blueprint-visualizer/tree/master/factorioBlueprintVisualizer,2,1,,,,,,,,,,,,,,,,,,
2024-09-21,/PabloSnchz/factorio-blueprint-visualizer,20,17,/PabloSnchz/factorio-blueprint-visualizer/blob/master/example_svgs/example_24.svg,2,1,/PabloSnchz/factorio-blueprint-visualizer/blob/master/example_svgs/example_25.svg,2,1,/PabloSnchz/factorio-blueprint-visualizer/tree/master/factorioBlueprintVisualizer,2,1,,,,,,,,,,,,,,,,,,
2024-09-22,/PabloSnchz/factorio-blueprint-visualizer,17,14,/PabloSnchz/factorio-blueprint-visualizer/blob/master/notebook.ipynb,2,2,/PabloSnchz/factorio-blueprint-visualizer/blob/master/example_svgs/example_24.svg,2,1,/PabloSnchz/factorio-blueprint-visualizer/blob/master/example_svgs/example_25.svg,2,1,/PabloSnchz/factorio-blueprint-visualizer/tree/master/factorioBlueprintVisualizer,2,1,/PabloSnchz/factorio-blueprint-visualizer/issues,1,1,/PabloSnchz/factorio-blueprint-visualizer/pulls,1,1,,,,,,,,,
2024-09-23,/PabloSnchz/factorio-blueprint-visualizer,18,15,/PabloSnchz/factorio-blueprint-visualizer/blob/master/example_svgs/example_25.svg,4,2,/PabloSnchz/factorio-blueprint-visualizer/blob/master/notebook.ipynb,2,2,/PabloSnchz/factorio-blueprint-visualizer/blob/master/example_svgs/example_00.svg,2,1,/PabloSnchz/factorio-blueprint-visualizer/blob/master/example_svgs/example_01.svg,2,1,/PabloSnchz/factorio-blueprint-visualizer/blob/master/example_svgs/example_02.svg,2,1,/PabloSnchz/factorio-blueprint-visualizer/blob/master/example_svgs/example_07.svg,2,1,/PabloSnchz/factorio-blueprint-visualizer/blob/master/example_svgs/example_24.svg,2,1,/PabloSnchz/factorio-blueprint-visualizer/blob/master/example_svgs/example_26.svg,2,1,/PabloSnchz/factorio-blueprint-visualizer/blob/master/example_svgs/example_27.svg,2,1
2024-09-24,/PabloSnchz/factorio-blueprint-visualizer,18,15,/PabloSnchz/factorio-blueprint-visualizer/blob/master/example_svgs/example_25.svg,4,2,/PabloSnchz/factorio-blueprint-visualizer/blob/master/notebook.ipynb,2,2,/PabloSnchz/factorio-blueprint-visualizer/blob/master/example_svgs/example_00.svg,2,1,/PabloSnchz/factorio-blueprint-visualizer/blob/master/example_svgs/example_01.svg,2,1,/PabloSnchz/factorio-blueprint-visualizer/blob/master/example_svgs/example_02.svg,2,1,/PabloSnchz/factorio-blueprint-visualizer/blob/master/example_svgs/example_07.svg,2,1,/PabloSnchz/factorio-blueprint-visualizer/blob/master/example_svgs/example_24.svg,2,1,/PabloSnchz/factorio-blueprint-visualizer/blob/master/example_svgs/example_26.svg,2,1,/PabloSnchz/factorio-blueprint-visualizer/blob/master/example_svgs/example_27.svg,2,1
2024-09-25,/PabloSnchz/factorio-blueprint-visualizer,16,15,/PabloSnchz/factorio-blueprint-visualizer/blob/master/example_svgs/example_25.svg,4,2,/PabloSnchz/factorio-blueprint-visualizer/blob/master/notebook.ipynb,2,2,/PabloSnchz/factorio-blueprint-visualizer/blob/master/example_svgs/example_00.svg,2,1,/PabloSnchz/factorio-blueprint-visualizer/blob/master/example_svgs/example_01.svg,2,1,/PabloSnchz/factorio-blueprint-visualizer/blob/master/example_svgs/example_02.svg,2,1,/PabloSnchz/factorio-blueprint-visualizer/blob/master/example_svgs/example_07.svg,2,1,/PabloSnchz/factorio-blueprint-visualizer/blob/master/example_svgs/example_24.svg,2,1,/PabloSnchz/factorio-blueprint-visualizer/blob/master/example_svgs/example_26.svg,2,1,/PabloSnchz/factorio-blueprint-visualizer/blob/master/example_svgs/example_27.svg,2,1
2024-09-26,/PabloSnchz/factorio-blueprint-visualizer,15,15,/PabloSnchz/factorio-blueprint-visualizer/blob/master/example_svgs/example_25.svg,4,2,/PabloSnchz/factorio-blueprint-visualizer/blob/master/notebook.ipynb,2,2,/PabloSnchz/factorio-blueprint-visualizer/blob/master/example_svgs/example_00.svg,2,1,/PabloSnchz/factorio-blueprint-visualizer/blob/master/example_svgs/example_01.svg,2,1,/PabloSnchz/factorio-blueprint-visualizer/blob/master/example_svgs/example_02.svg,2,1,/PabloSnchz/factorio-blueprint-visualizer/blob/master/example_svgs/example_07.svg,2,1,/PabloSnchz/factorio-blueprint-visualizer/blob/master/example_svgs/example_24.svg,2,1,/PabloSnchz/factorio-blueprint-visualizer/blob/master/example_svgs/example_26.svg,2,1,/PabloSnchz/factorio-blueprint-visualizer/blob/master/example_svgs/example_27.svg,2,1
2024-09-27,/PabloSnchz/factorio-blueprint-visualizer,12,12,/PabloSnchz/factorio-blueprint-visualizer/blob/master/example_svgs/example_25.svg,4,2,/PabloSnchz/factorio-blueprint-visualizer/blob/master/notebook.ipynb,2,2,/PabloSnchz/factorio-blueprint-visualizer/blob/master/example_svgs/example_00.svg,2,1,/PabloSnchz/factorio-blueprint-visualizer/blob/master/example_svgs/example_01.svg,2,1,/PabloSnchz/factorio-blueprint-visualizer/blob/master/example_svgs/example_02.svg,2,1,/PabloSnchz/factorio-blueprint-visualizer/blob/master/example_svgs/example_07.svg,2,1,/PabloSnchz/factorio-blueprint-visualizer/blob/master/example_svgs/example_24.svg,2,1,/PabloSnchz/factorio-blueprint-visualizer/blob/master/example_svgs/example_26.svg,2,1,/PabloSnchz/factorio-blueprint-visualizer/blob/master/example_svgs/example_27.svg,2,1
2024-09-28,/PabloSnchz/factorio-blueprint-visualizer,12,12,/PabloSnchz/factorio-blueprint-visualizer/blob/master/example_svgs/example_25.svg,4,2,/PabloSnchz/factorio-blueprint-visualizer/blob/master/notebook.ipynb,2,2,/PabloSnchz/factorio-blueprint-visualizer/blob/master/example_svgs/example_00.svg,2,1,/PabloSnchz/factorio-blueprint-visualizer/blob/master/example_svgs/example_01.svg,2,1,/PabloSnchz/factorio-blueprint-visualizer/blob/master/example_svgs/example_02.svg,2,1,/PabloSnchz/factorio-blueprint-visualizer/blob/master/example_svgs/example_07.svg,2,1,/PabloSnchz/factorio-blueprint-visualizer/blob/master/example_svgs/example_24.svg,2,1,/PabloSnchz/factorio-blueprint-visualizer/blob/master/example_svgs/example_26.svg,2,1,/PabloSnchz/factorio-blueprint-visualizer/blob/master/example_svgs/example_27.svg,2,1
2024-09-29,/PabloSnchz/factorio-blueprint-visualizer,14,14,/PabloSnchz/factorio-blueprint-visualizer/blob/master/example_svgs/example_25.svg,4,2,/PabloSnchz/factorio-blueprint-visualizer/blob/master/notebook.ipynb,2,2,/PabloSnchz/factorio-blueprint-visualizer/blob/master/example_svgs/example_00.svg,2,1,/PabloSnchz/factorio-blueprint-visualizer/blob/master/example_svgs/example_01.svg,2,1,/PabloSnchz/factorio-blueprint-visualizer/blob/master/example_svgs/example_02.svg,2,1,/PabloSnchz/factorio-blueprint-visualizer/blob/master/example_svgs/example_07.svg,2,1,/PabloSnchz/factorio-blueprint-visualizer/blob/master/example_svgs/example_24.svg,2,1,/PabloSnchz/factorio-blueprint-visualizer/blob/master/example_svgs/example_26.svg,2,1,/PabloSnchz/factorio-blueprint-visualizer/blob/master/example_svgs/example_27.svg,2,1
2024-09-30,/PabloSnchz/factorio-blueprint-visualizer,14,14,/PabloSnchz/factorio-blueprint-visualizer/blob/master/notebook.ipynb,2,2,/PabloSnchz/factorio-blueprint-visualizer/blob/master/example_svgs/example_00.svg,2,1,/PabloSnchz/factorio-blueprint-visualizer/blob/master/example_svgs/example_01.svg,2,1,/PabloSnchz/factorio-blueprint-visualizer/blob/master/example_svgs/example_02.svg,2,1,/PabloSnchz/factorio-blueprint-visualizer/blob/master/example_svgs/example_07.svg,2,1,/PabloSnchz/factorio-blueprint-visualizer/blob/master/example_svgs/example_24.svg,2,1,/PabloSnchz/factorio-blueprint-visualizer/blob/master/example_svgs/example_25.svg,2,1,/PabloSnchz/factorio-blueprint-visualizer/blob/master/example_svgs/example_26.svg,2,1,/PabloSnchz/factorio-blueprint-visualizer/blob/master/example_svgs/example_27.svg,2,1
2024-10-01,/PabloSnchz/factorio-blueprint-visualizer,14,14,/PabloSnchz/factorio-blueprint-visualizer/blob/master/notebook.ipynb,2,2,/PabloSnchz/factorio-blueprint-visualizer/blob/master/example_svgs/example_00.svg,2,1,/PabloSnchz/factorio-blueprint-visualizer/blob/master/example_svgs/example_01.svg,2,1,/PabloSnchz/factorio-blueprint-visualizer/blob/master/example_svgs/example_02.svg,2,1,/PabloSnchz/factorio-blueprint-visualizer/blob/master/example_svgs/example_07.svg,2,1,/PabloSnchz/factorio-blueprint-visualizer/blob/master/example_svgs/example_24.svg,2,1,/PabloSnchz/factorio-blueprint-visualizer/blob/master/example_svgs/example_25.svg,2,1,/PabloSnchz/factorio-blueprint-visualizer/blob/master/example_svgs/example_26.svg,2,1,/PabloSnchz/factorio-blueprint-visualizer/blob/master/example_svgs/example_27.svg,2,1
2024-10-02,/PabloSnchz/factorio-blueprint-visualizer,11,11,/PabloSnchz/factorio-blueprint-visualizer/blob/master/notebook.ipynb,2,2,/PabloSnchz/factorio-blueprint-visualizer/blob/master/example_svgs/example_00.svg,2,1,/PabloSnchz/factorio-blueprint-visualizer/blob/master/example_svgs/example_01.svg,2,1,/PabloSnchz/factorio-blueprint-visualizer/blob/master/example_svgs/example_02.svg,2,1,/PabloSnchz/factorio-blueprint-visualizer/blob/master/example_svgs/example_07.svg,2,1,/PabloSnchz/factorio-blueprint-visualizer/blob/master/example_svgs/example_24.svg,2,1,/PabloSnchz/factorio-blueprint-visualizer/blob/master/example_svgs/example_25.svg,2,1,/PabloSnchz/factorio-blueprint-visualizer/blob/master/example_svgs/example_26.svg,2,1,/PabloSnchz/factorio-blueprint-visualizer/blob/master/example_svgs/example_27.svg,2,1
2024-10-03,/PabloSnchz/factorio-blueprint-visualizer,15,14,/PabloSnchz/factorio-blueprint-visualizer/blob/master/notebook.ipynb,2,2,/PabloSnchz/factorio-blueprint-visualizer/blob/master/example_svgs/example_00.svg,2,1,/PabloSnchz/factorio-blueprint-visualizer/blob/master/example_svgs/example_01.svg,2,1,/PabloSnchz/factorio-blueprint-visualizer/blob/master/example_svgs/example_02.svg,2,1,/PabloSnchz/factorio-blueprint-visualizer/blob/master/example_svgs/example_07.svg,2,1,/PabloSnchz/factorio-blueprint-visualizer/blob/master/example_svgs/example_24.svg,2,1,/PabloSnchz/factorio-blueprint-visualizer/blob/master/example_svgs/example_25.svg,2,1,/PabloSnchz/factorio-blueprint-visualizer/blob/master/example_svgs/example_26.svg,2,1,/PabloSnchz/factorio-blueprint-visualizer/blob/master/example_svgs/example_27.svg,2,1
2024-10-04,/PabloSnchz/factorio-blueprint-visualizer,17,16,/PabloSnchz/factorio-blueprint-visualizer/blob/master/notebook.ipynb,2,2,/PabloSnchz/factorio-blueprint-visualizer/blob/master/example_svgs/example_00.svg,2,1,/PabloSnchz/factorio-blueprint-visualizer/blob/master/example_svgs/example_01.svg,2,1,/PabloSnchz/factorio-blueprint-visualizer/blob/master/example_svgs/example_02.svg,2,1,/PabloSnchz/factorio-blueprint-visualizer/blob/master/example_svgs/example_07.svg,2,1,/PabloSnchz/factorio-blueprint-visualizer/blob/master/example_svgs/example_24.svg,2,1,/PabloSnchz/factorio-blueprint-visualizer/blob/master/example_svgs/example_25.svg,2,1,/PabloSnchz/factorio-blueprint-visualizer/blob/master/example_svgs/example_26.svg,2,1,/PabloSnchz/factorio-blueprint-visualizer/blob/master/example_svgs/example_27.svg,2,1
2024-10-05,/PabloSnchz/factorio-blueprint-visualizer,18,16,/PabloSnchz/factorio-blueprint-visualizer/blob/master/example_svgs/example_00.svg,2,1,/PabloSnchz/factorio-blueprint-visualizer/blob/master/example_svgs/example_01.svg,2,1,/PabloSnchz/factorio-blueprint-visualizer/blob/master/example_svgs/example_02.svg,2,1,/PabloSnchz/factorio-blueprint-visualizer/blob/master/example_svgs/example_07.svg,2,1,/PabloSnchz/factorio-blueprint-visualizer/blob/master/example_svgs/example_24.svg,2,1,/PabloSnchz/factorio-blueprint-visualizer/blob/master/example_svgs/example_25.svg,2,1,/PabloSnchz/factorio-blueprint-visualizer/blob/master/example_svgs/example_26.svg,2,1,/PabloSnchz/factorio-blueprint-visualizer/blob/master/example_svgs/example_27.svg,2,1,/PabloSnchz/factorio-blueprint-visualizer/blob/master/example_svgs/example_28.svg,2,1
2024-10-06,/PabloSnchz/factorio-blueprint-visualizer,17,14,/PabloSnchz/factorio-blueprint-visualizer/blob/master/example_svgs/example_24.svg,2,1,/PabloSnchz/factorio-blueprint-visualizer/blob/master/example_svgs/example_08.svg,1,1,,,,,,,,,,,,,,,,,,,,,
2024-10-07,/PabloSnchz/factorio-blueprint-visualizer,17,14,/PabloSnchz/factorio-blueprint-visualizer/blob/master/example_svgs/example_24.svg,2,1,/PabloSnchz/factorio-blueprint-visualizer/blob/master/example_svgs/example_08.svg,1,1,,,,,,,,,,,,,,,,,,,,,
2024-10-08,/PabloSnchz/factorio-blueprint-visualizer,19,15,/PabloSnchz/factorio-blueprint-visualizer/blob/master/example_svgs/example_24.svg,2,1,/PabloSnchz/factorio-blueprint-visualizer/blob/master/example_svgs/example_08.svg,1,1,,,,,,,,,,,,,,,,,,,,,
2024-10-09,/PabloSnchz/factorio-blueprint-visualizer,19,14,/PabloSnchz/factorio-blueprint-visualizer/blob/master/example_svgs/example_08.svg,1,1,,,,,,,,,,,,,,,,,,,,,,,,
2024-10-10,/PabloSnchz/factorio-blueprint-visualizer,18,13,/PabloSnchz/factorio-blueprint-visualizer/blob/master/example_svgs/example_08.svg,1,1,,,,,,,,,,,,,,,,,,,,,,,,
2024-10-11,/PabloSnchz/factorio-blueprint-visualizer,19,14,/PabloSnchz/factorio-blueprint-visualizer/blob/master/example_svgs/example_08.svg,1,1,,,,,,,,,,,,,,,,,,,,,,,,
2024-10-12,/PabloSnchz/factorio-blueprint-visualizer,18,13,/PabloSnchz/factorio-blueprint-visualizer/blob/master/example_svgs/example_08.svg,1,1,,,,,,,,,,,,,,,,,,,,,,,,
2024-10-13,/PabloSnchz/factorio-blueprint-visualizer,17,12,/PabloSnchz/factorio-blueprint-visualizer/blob/master/example_svgs/example_08.svg,1,1,,,,,,,,,,,,,,,,,,,,,,,,
2024-10-14,/PabloSnchz/factorio-blueprint-visualizer,18,13,/PabloSnchz/factorio-blueprint-visualizer/blob/master/example_svgs/example_08.svg,1,1,,,,,,,,,,,,,,,,,,,,,,,,
2024-10-15,/PabloSnchz/factorio-blueprint-visualizer,21,16,/PabloSnchz/factorio-blueprint-visualizer/blob/master/example_svgs/example_08.svg,1,1,/PabloSnchz/factorio-blueprint-visualizer/blob/master/README.md,1,1,/PabloSnchz/factorio-blueprint-visualizer/stargazers,1,1,,,,,,,,,,,,,,,,,,
2024-10-16,/PabloSnchz/factorio-blueprint-visualizer,18,14,/PabloSnchz/factorio-blueprint-visualizer/blob/master/example_svgs/example_08.svg,1,1,/PabloSnchz/factorio-blueprint-visualizer/blob/master/README.md,1,1,/PabloSnchz/factorio-blueprint-visualizer/stargazers,1,1,,,,,,,,,,,,,,,,,,
2024-10-17,/PabloSnchz/factorio-blueprint-visualizer,16,13,/PabloSnchz/factorio-blueprint-visualizer/blob/master/README.md,1,1,/PabloSnchz/factorio-blueprint-visualizer/stargazers,1,1,,,,,,,,,,,,,,,,,,,,,
2024-10-18,/PabloSnchz/factorio-blueprint-visualizer,15,13,/PabloSnchz/factorio-blueprint-visualizer/blob/master/README.md,1,1,/PabloSnchz/factorio-blueprint-visualizer/stargazers,1,1,,,,,,,,,,,,,,,,,,,,,
2024-10-19,/PabloSnchz/factorio-blueprint-visualizer,17,14,/PabloSnchz/factorio-blueprint-visualizer/tree/master/factorioBlueprintVisualizer,2,1,/PabloSnchz/factorio-blueprint-visualizer/blob/master/factorioBlueprintVisualizer/draw.py,1,1,/PabloSnchz/factorio-blueprint-visualizer/blob/master/factorioBlueprintVisualizer/visualizer.py,1,1,/PabloSnchz/factorio-blueprint-visualizer/blob/master/README.md,1,1,/PabloSnchz/factorio-blueprint-visualizer/stargazers,1,1,/PabloSnchz/factorio-blueprint-visualizer/tree/master,1,1,,,,,,,,,
2024-10-20,/PabloSnchz/factorio-blueprint-visualizer,18,15,/PabloSnchz/factorio-blueprint-visualizer/tree/master/factorioBlueprintVisualizer,2,1,/PabloSnchz/factorio-blueprint-visualizer/blob/master/factorioBlueprintVisualizer/draw.py,1,1,/PabloSnchz/factorio-blueprint-visualizer/blob/master/factorioBlueprintVisualizer/visualizer.py,1,1,/PabloSnchz/factorio-blueprint-visualizer/blob/master/README.md,1,1,/PabloSnchz/factorio-blueprint-visualizer/stargazers,1,1,/PabloSnchz/factorio-blueprint-visualizer/tree/master,1,1,,,,,,,,,
2024-10-21,/PabloSnchz/factorio-blueprint-visualizer,15,14,/PabloSnchz/factorio-blueprint-visualizer/tree/master/factorioBlueprintVisualizer,2,1,/PabloSnchz/factorio-blueprint-visualizer/blob/master/factorioBlueprintVisualizer/draw.py,1,1,/PabloSnchz/factorio-blueprint-visualizer/blob/master/factorioBlueprintVisualizer/visualizer.py,1,1,/PabloSnchz/factorio-blueprint-visualizer/blob/master/README.md,1,1,/PabloSnchz/factorio-blueprint-visualizer/stargazers,1,1,/PabloSnchz/factorio-blueprint-visualizer/tree/master,1,1,,,,,,,,,
2024-10-22,/PabloSnchz/factorio-blueprint-visualizer,17,15,/PabloSnchz/factorio-blueprint-visualizer/tree/master/factorioBlueprintVisualizer,2,1,/PabloSnchz/factorio-blueprint-visualizer/blob/master/factorioBlueprintVisualizer/draw.py,1,1,/PabloSnchz/factorio-blueprint-visualizer/blob/master/factorioBlueprintVisualizer/visualizer.py,1,1,/PabloSnchz/factorio-blueprint-visualizer/blob/master/README.md,1,1,/PabloSnchz/factorio-blueprint-visualizer/commits/master,1,1,/PabloSnchz/factorio-blueprint-visualizer/stargazers,1,1,/PabloSnchz/factorio-blueprint-visualizer/tree/master,1,1,,,,,,
2024-10-23,/PabloSnchz/factorio-blueprint-visualizer,20,17,/PabloSnchz/factorio-blueprint-visualizer/tree/master/factorioBlueprintVisualizer,2,1,/PabloSnchz/factorio-blueprint-visualizer/blob/master/factorioBlueprintVisualizer/draw.py,1,1,/PabloSnchz/factorio-blueprint-visualizer/blob/master/factorioBlueprintVisualizer/visualizer.py,1,1,/PabloSnchz/factorio-blueprint-visualizer/blob/master/README.md,1,1,/PabloSnchz/factorio-blueprint-visualizer/commits/master,1,1,/PabloSnchz/factorio-blueprint-visualizer/stargazers,1,1,/PabloSnchz/factorio-blueprint-visualizer/tree/master,1,1,,,,,,
2024-10-24,/PabloSnchz/factorio-blueprint-visualizer,32,23,/PabloSnchz/factorio-blueprint-visualizer/tree/master/factorioBlueprintVisualizer,2,1,/PabloSnchz/factorio-blueprint-visualizer/blob/master/example_svgs/example_06.svg,1,1,/PabloSnchz/factorio-blueprint-visualizer/blob/master/factorioBlueprintVisualizer/draw.py,1,1,/PabloSnchz/factorio-blueprint-visualizer/blob/master/factorioBlueprintVisualizer/visualizer.py,1,1,/PabloSnchz/factorio-blueprint-visualizer/blob/master/README.md,1,1,/PabloSnchz/factorio-blueprint-visualizer/commits/master,1,1,/PabloSnchz/factorio-blueprint-visualizer/issues,1,1,/PabloSnchz/factorio-blueprint-visualizer/stargazers,1,1,/PabloSnchz/factorio-blueprint-visualizer/tree/master,1,1
2024-10-25,/PabloSnchz/factorio-blueprint-visualizer,36,26,/PabloSnchz/factorio-blueprint-visualizer/tree/master/factorioBlueprintVisualizer,2,1,/PabloSnchz/factorio-blueprint-visualizer/blob/master/example_svgs/example_06.svg,1,1,/PabloSnchz/factorio-blueprint-visualizer/blob/master/example_svgs/example_23.svg,1,1,/PabloSnchz/factorio-blueprint-visualizer/blob/master/example_svgs/random_0077.svg,1,1,/PabloSnchz/factorio-blueprint-visualizer/blob/master/factorioBlueprintVisualizer/draw.py,1,1,/PabloSnchz/factorio-blueprint-visualizer/blob/master/factorioBlueprintVisualizer/visualizer.py,1,1,/PabloSnchz/factorio-blueprint-visualizer/blob/master/README.md,1,1,/PabloSnchz/factorio-blueprint-visualizer/commits/master,1,1,/PabloSnchz/factorio-blueprint-visualizer/issues,1,1
2024-10-26,/PabloSnchz/factorio-blueprint-visualizer,36,26,/PabloSnchz/factorio-blueprint-visualizer/tree/master/factorioBlueprintVisualizer,2,1,/PabloSnchz/factorio-blueprint-visualizer/blob/master/example_svgs/example_06.svg,1,1,/PabloSnchz/factorio-blueprint-visualizer/blob/master/example_svgs/example_23.svg,1,1,/PabloSnchz/factorio-blueprint-visualizer/blob/master/example_svgs/random_0077.svg,1,1,/PabloSnchz/factorio-blueprint-visualizer/blob/master/factorioBlueprintVisualizer/draw.py,1,1,/PabloSnchz/factorio-blueprint-visualizer/blob/master/factorioBlueprintVisualizer/visualizer.py,1,1,/PabloSnchz/factorio-blueprint-visualizer/blob/master/README.md,1,1,/PabloSnchz/factorio-blueprint-visualizer/commits/master,1,1,/PabloSnchz/factorio-blueprint-visualizer/issues,1,1
2024-10-27,/PabloSnchz/factorio-blueprint-visualizer,40,30,/PabloSnchz/factorio-blueprint-visualizer/tree/master/factorioBlueprintVisualizer,2,1,/PabloSnchz/factorio-blueprint-visualizer/blob/master/example_svgs/example_06.svg,1,1,/PabloSnchz/factorio-blueprint-visualizer/blob/master/example_svgs/example_23.svg,1,1,/PabloSnchz/factorio-blueprint-visualizer/blob/master/example_svgs/random_0077.svg,1,1,/PabloSnchz/factorio-blueprint-visualizer/blob/master/factorioBlueprintVisualizer/draw.py,1,1,/PabloSnchz/factorio-blueprint-visualizer/blob/master/factorioBlueprintVisualizer/visualizer.py,1,1,/PabloSnchz/factorio-blueprint-visualizer/blob/master/README.md,1,1,/PabloSnchz/factorio-blueprint-visualizer/commits/master,1,1,/PabloSnchz/factorio-blueprint-visualizer/issues,1,1
2024-10-28,/PabloSnchz/factorio-blueprint-visualizer,41,31,/PabloSnchz/factorio-blueprint-visualizer/tree/master/factorioBlueprintVisualizer,2,1,/PabloSnchz/factorio-blueprint-visualizer/blob/master/example_svgs/example_06.svg,1,1,/PabloSnchz/factorio-blueprint-visualizer/blob/master/example_svgs/example_23.svg,1,1,/PabloSnchz/factorio-blueprint-visualizer/blob/master/example_svgs/random_0077.svg,1,1,/PabloSnchz/factorio-blueprint-visualizer/blob/master/factorioBlueprintVisualizer/draw.py,1,1,/PabloSnchz/factorio-blueprint-visualizer/blob/master/factorioBlueprintVisualizer/visualizer.py,1,1,/PabloSnchz/factorio-blueprint-visualizer/commits/master,1,1,/PabloSnchz/factorio-blueprint-visualizer/issues,1,1,/PabloSnchz/factorio-blueprint-visualizer/tree/master,1,1
2024-10-29,/PabloSnchz/factorio-blueprint-visualizer,48,33,/PabloSnchz/factorio-blueprint-visualizer/tree/master,2,2,/PabloSnchz/factorio-blueprint-visualizer/tree/master/factorioBlueprintVisualizer,2,1,/PabloSnchz/factorio-blueprint-visualizer/blob/master/example_svgs/example_06.svg,1,1,/PabloSnchz/factorio-blueprint-visualizer/blob/master/example_svgs/example_23.svg,1,1,/PabloSnchz/factorio-blueprint-visualizer/blob/master/example_svgs/example_24.svg,1,1,/PabloSnchz/factorio-blueprint-visualizer/blob/master/example_svgs/random_0077.svg,1,1,/PabloSnchz/factorio-blueprint-visualizer/blob/master/factorioBlueprintVisualizer/draw.py,1,1,/PabloSnchz/factorio-blueprint-visualizer/blob/master/factorioBlueprintVisualizer/visualizer.py,1,1,/PabloSnchz/factorio-blueprint-visualizer/commits/master,1,1
2024-10-30,/PabloSnchz/factorio-blueprint-visualizer,59,39,/PabloSnchz/factorio-blueprint-visualizer/tree/master,2,2,/PabloSnchz/factorio-blueprint-visualizer/tree/master/factorioBlueprintVisualizer,2,1,/PabloSnchz/factorio-blueprint-visualizer/blob/master/example_svgs/example_06.svg,1,1,/PabloSnchz/factorio-blueprint-visualizer/blob/master/example_svgs/example_23.svg,1,1,/PabloSnchz/factorio-blueprint-visualizer/blob/master/example_svgs/example_24.svg,1,1,/PabloSnchz/factorio-blueprint-visualizer/blob/master/example_svgs/random_0077.svg,1,1,/PabloSnchz/factorio-blueprint-visualizer/blob/master/factorioBlueprintVisualizer/draw.py,1,1,/PabloSnchz/factorio-blueprint-visualizer/blob/master/factorioBlueprintVisualizer/visualizer.py,1,1,/PabloSnchz/factorio-blueprint-visualizer/commits/master,1,1
2024-10-31,/PabloSnchz/factorio-blueprint-visualizer,64,43,/PabloSnchz/factorio-blueprint-visualizer/tree/master,2,2,/PabloSnchz/factorio-blueprint-visualizer/tree/master/factorioBlueprintVisualizer,2,1,/PabloSnchz/factorio-blueprint-visualizer/blob/master/example_svgs/example_06.svg,1,1,/PabloSnchz/factorio-blueprint-visualizer/blob/master/example_svgs/example_23.svg,1,1,/PabloSnchz/factorio-blueprint-visualizer/blob/master/example_svgs/example_24.svg,1,1,/PabloSnchz/factorio-blueprint-visualizer/blob/master/example_svgs/random_0077.svg,1,1,/PabloSnchz/factorio-blueprint-visualizer/blob/master/factorioBlueprintVisualizer/draw.py,1,1,/PabloSnchz/factorio-blueprint-visualizer/blob/master/factorioBlueprintVisualizer/visualizer.py,1,1,/PabloSnchz/factorio-blueprint-visualizer/commits/master,1,1
2024-11-01,/PabloSnchz/factorio-blueprint-visualizer,69,45,/PabloSnchz/factorio-blueprint-visualizer/blob/master/example_svgs/example_06.svg,1,1,/PabloSnchz/factorio-blueprint-visualizer/blob/master/example_svgs/example_23.svg,1,1,/PabloSnchz/factorio-blueprint-visualizer/blob/master/example_svgs/example_24.svg,1,1,/PabloSnchz/factorio-blueprint-visualizer/blob/master/example_svgs/random_0077.svg,1,1,/PabloSnchz/factorio-blueprint-visualizer/commits/master,1,1,/PabloSnchz/factorio-blueprint-visualizer/issues,1,1,/PabloSnchz/factorio-blueprint-visualizer/tree/master,1,1,/PabloSnchz/factorio-blueprint-visualizer/tree/master/example_svgs,1,1,,,
2024-11-02,/PabloSnchz/factorio-blueprint-visualizer,72,48,/PabloSnchz/factorio-blueprint-visualizer/blob/master/example_svgs/example_24.svg,2,2,/PabloSnchz/factorio-blueprint-visualizer/blob/master/example_svgs/example_06.svg,1,1,/PabloSnchz/factorio-blueprint-visualizer/blob/master/example_svgs/example_23.svg,1,1,/PabloSnchz/factorio-blueprint-visualizer/blob/master/example_svgs/example_25.svg,1,1,/PabloSnchz/factorio-blueprint-visualizer/blob/master/example_svgs/random_0077.svg,1,1,/PabloSnchz/factorio-blueprint-visualizer/commits/master,1,1,/PabloSnchz/factorio-blueprint-visualizer/issues,1,1,/PabloSnchz/factorio-blueprint-visualizer/tree/master,1,1,/PabloSnchz/factorio-blueprint-visualizer/tree/master/example_svgs,1,1
2024-11-03,/PabloSnchz/factorio-blueprint-visualizer,72,48,/PabloSnchz/factorio-blueprint-visualizer/blob/master/example_svgs/example_24.svg,2,2,/PabloSnchz/factorio-blueprint-visualizer/blob/master/example_svgs/example_06.svg,1,1,/PabloSnchz/factorio-blueprint-visualizer/blob/master/example_svgs/example_23.svg,1,1,/PabloSnchz/factorio-blueprint-visualizer/blob/master/example_svgs/example_25.svg,1,1,/PabloSnchz/factorio-blueprint-visualizer/blob/master/example_svgs/random_0077.svg,1,1,/PabloSnchz/factorio-blueprint-visualizer/commits/master,1,1,/PabloSnchz/factorio-blueprint-visualizer/issues,1,1,/PabloSnchz/factorio-blueprint-visualizer/tree/master,1,1,/PabloSnchz/factorio-blueprint-visualizer/tree/master/example_svgs,1,1
2024-11-04,/PabloSnchz/factorio-blueprint-visualizer,73,49,/PabloSnchz/factorio-blueprint-visualizer/blob/master/example_svgs/example_24.svg,2,2,/PabloSnchz/factorio-blueprint-visualizer/blob/master/example_svgs/example_06.svg,1,1,/PabloSnchz/factorio-blueprint-visualizer/blob/master/example_svgs/example_23.svg,1,1,/PabloSnchz/factorio-blueprint-visualizer/blob/master/example_svgs/example_25.svg,1,1,/PabloSnchz/factorio-blueprint-visualizer/blob/master/example_svgs/random_0077.svg,1,1,/PabloSnchz/factorio-blueprint-visualizer/blob/master/factorioBlueprintVisualizer/visualizer.py,1,1,/PabloSnchz/factorio-blueprint-visualizer/issues,1,1,/PabloSnchz/factorio-blueprint-visualizer/tree/master,1,1,/PabloSnchz/factorio-blueprint-visualizer/tree/master/example_svgs,1,1
2024-11-05,/PabloSnchz/factorio-blueprint-visualizer,77,54,/PabloSnchz/factorio-blueprint-visualizer/blob/master/example_svgs/example_24.svg,4,3,/PabloSnchz/factorio-blueprint-visualizer/issues,2,2,/PabloSnchz/factorio-blueprint-visualizer/blob/master/example_svgs/example_03.svg,1,1,/PabloSnchz/factorio-blueprint-visualizer/blob/master/example_svgs/example_06.svg,1,1,/PabloSnchz/factorio-blueprint-visualizer/blob/master/example_svgs/example_09.svg,1,1,/PabloSnchz/factorio-blueprint-visualizer/blob/master/example_svgs/example_14.svg,1,1,/PabloSnchz/factorio-blueprint-visualizer/blob/master/example_svgs/example_17.svg,1,1,/PabloSnchz/factorio-blueprint-visualizer/blob/master/example_svgs/example_19.svg,1,1,/PabloSnchz/factorio-blueprint-visualizer/blob/master/example_svgs/example_21.svg,1,1
2024-11-06,/PabloSnchz/factorio-blueprint-visualizer,69,51,/PabloSnchz/factorio-blueprint-visualizer/blob/master/example_svgs/example_24.svg,4,3,/PabloSnchz/factorio-blueprint-visualizer/blob/master/example_svgs/example_03.svg,1,1,/PabloSnchz/factorio-blueprint-visualizer/blob/master/example_svgs/example_09.svg,1,1,/PabloSnchz/factorio-blueprint-visualizer/blob/master/example_svgs/example_14.svg,1,1,/PabloSnchz/factorio-blueprint-visualizer/blob/master/example_svgs/example_17.svg,1,1,/PabloSnchz/factorio-blueprint-visualizer/blob/master/example_svgs/example_19.svg,1,1,/PabloSnchz/factorio-blueprint-visualizer/blob/master/example_svgs/example_21.svg,1,1,/PabloSnchz/factorio-blueprint-visualizer/blob/master/example_svgs/example_23.svg,1,1,/PabloSnchz/factorio-blueprint-visualizer/blob/master/example_svgs/example_25.svg,1,1
2024-11-07,/PabloSnchz/factorio-blueprint-visualizer,69,51,/PabloSnchz/factorio-blueprint-visualizer/blob/master/example_svgs/example_24.svg,4,3,/PabloSnchz/factorio-blueprint-visualizer/blob/master/example_svgs/example_03.svg,1,1,/PabloSnchz/factorio-blueprint-visualizer/blob/master/example_svgs/example_09.svg,1,1,/PabloSnchz/factorio-blueprint-visualizer/blob/master/example_svgs/example_14.svg,1,1,/PabloSnchz/factorio-blueprint-visualizer/blob/master/example_svgs/example_17.svg,1,1,/PabloSnchz/factorio-blueprint-visualizer/blob/master/example_svgs/example_19.svg,1,1,/PabloSnchz/factorio-blueprint-visualizer/blob/master/example_svgs/example_21.svg,1,1,/PabloSnchz/factorio-blueprint-visualizer/blob/master/example_svgs/example_25.svg,1,1,/PabloSnchz/factorio-blueprint-visualizer/blob/master/factorioBlueprintVisualizer/visualizer.py,1,1
2024-11-08,/PabloSnchz/factorio-blueprint-visualizer,72,53,/PabloSnchz/factorio-blueprint-visualizer/blob/master/example_svgs/example_24.svg,4,3,/PabloSnchz/factorio-blueprint-visualizer/blob/master/example_svgs/example_03.svg,1,1,/PabloSnchz/factorio-blueprint-visualizer/blob/master/example_svgs/example_09.svg,1,1,/PabloSnchz/factorio-blueprint-visualizer/blob/master/example_svgs/example_14.svg,1,1,/PabloSnchz/factorio-blueprint-visualizer/blob/master/example_svgs/example_17.svg,1,1,/PabloSnchz/factorio-blueprint-visualizer/blob/master/example_svgs/example_19.svg,1,1,/PabloSnchz/factorio-blueprint-visualizer/blob/master/example_svgs/example_21.svg,1,1,/PabloSnchz/factorio-blueprint-visualizer/blob/master/example_svgs/example_25.svg,1,1,/PabloSnchz/factorio-blueprint-visualizer/blob/master/factorioBlueprintVisualizer/visualizer.py,1,1
2024-11-09,/PabloSnchz/factorio-blueprint-visualizer,67,48,/PabloSnchz/factorio-blueprint-visualizer/blob/master/example_svgs/example_24.svg,4,3,/PabloSnchz/factorio-blueprint-visualizer/blob/master/example_svgs/example_03.svg,1,1,/PabloSnchz/factorio-blueprint-visualizer/blob/master/example_svgs/example_09.svg,1,1,/PabloSnchz/factorio-blueprint-visualizer/blob/master/example_svgs/example_14.svg,1,1,/PabloSnchz/factorio-blueprint-visualizer/blob/master/example_svgs/example_17.svg,1,1,/PabloSnchz/factorio-blueprint-visualizer/blob/master/example_svgs/example_19.svg,1,1,/PabloSnchz/factorio-blueprint-visualizer/blob/master/example_svgs/example_21.svg,1,1,/PabloSnchz/factorio-blueprint-visualizer/blob/master/example_svgs/example_25.svg,1,1,/PabloSnchz/factorio-blueprint-visualizer/blob/master/factorioBlueprintVisualizer/visualizer.py,1,1
2024-11-10,/PabloSnchz/factorio-blueprint-visualizer,66,47,/PabloSnchz/factorio-blueprint-visualizer/blob/master/example_svgs/example_24.svg,4,3,/PabloSnchz/factorio-blueprint-visualizer/blob/master/example_svgs/example_03.svg,1,1,/PabloSnchz/factorio-blueprint-visualizer/blob/master/example_svgs/example_09.svg,1,1,/PabloSnchz/factorio-blueprint-visualizer/blob/master/example_svgs/example_14.svg,1,1,/PabloSnchz/factorio-blueprint-visualizer/blob/master/example_svgs/example_17.svg,1,1,/PabloSnchz/factorio-blueprint-visualizer/blob/master/example_svgs/example_19.svg,1,1,/PabloSnchz/factorio-blueprint-visualizer/blob/master/example_svgs/example_21.svg,1,1,/PabloSnchz/factorio-blueprint-visualizer/blob/master/example_svgs/example_25.svg,1,1,/PabloSnchz/factorio-blueprint-visualizer/blob/master/factorioBlueprintVisualizer/visualizer.py,1,1
2024-11-11,/PabloSnchz/factorio-blueprint-visualizer,64,46,/PabloSnchz/factorio-blueprint-visualizer/blob/master/example_svgs/example_24.svg,3,2,/PabloSnchz/factorio-blueprint-visualizer/blob/master/example_svgs/example_03.svg,1,1,/PabloSnchz/factorio-blueprint-visualizer/blob/master/example_svgs/example_09.svg,1,1,/PabloSnchz/factorio-blueprint-visualizer/blob/master/example_svgs/example_14.svg,1,1,/PabloSnchz/factorio-blueprint-visualizer/blob/master/example_svgs/example_17.svg,1,1,/PabloSnchz/factorio-blueprint-visualizer/blob/master/example_svgs/example_19.svg,1,1,/PabloSnchz/factorio-blueprint-visualizer/blob/master/example_svgs/example_21.svg,1,1,/PabloSnchz/factorio-blueprint-visualizer/blob/master/example_svgs/example_25.svg,1,1,/PabloSnchz/factorio-blueprint-visualizer/blob/master/factorioBlueprintVisualizer/visualizer.py,1,1
2024-11-12,/PabloSnchz/factorio-blueprint-visualizer,56,43,/PabloSnchz/factorio-blueprint-visualizer/blob/master/example_svgs/example_24.svg,3,2,/PabloSnchz/factorio-blueprint-visualizer/blob/master/example_svgs/example_03.svg,1,1,/PabloSnchz/factorio-blueprint-visualizer/blob/master/example_svgs/example_09.svg,1,1,/PabloSnchz/factorio-blueprint-visualizer/blob/master/example_svgs/example_14.svg,1,1,/PabloSnchz/factorio-blueprint-visualizer/blob/master/example_svgs/example_17.svg,1,1,/PabloSnchz/factorio-blueprint-visualizer/blob/master/example_svgs/example_19.svg,1,1,/PabloSnchz/factorio-blueprint-visualizer/blob/master/example_svgs/example_21.svg,1,1,/PabloSnchz/factorio-blueprint-visualizer/blob/master/example_svgs/example_25.svg,1,1,/PabloSnchz/factorio-blueprint-visualizer/blob/master/factorioBlueprintVisualizer/visualizer.py,1,1
2024-11-13,/PabloSnchz/factorio-blueprint-visualizer,59,44,/PabloSnchz/factorio-blueprint-visualizer/blob/master/example_svgs/example_24.svg,3,2,/PabloSnchz/factorio-blueprint-visualizer/blob/master/example_svgs/example_03.svg,1,1,/PabloSnchz/factorio-blueprint-visualizer/blob/master/example_svgs/example_09.svg,1,1,/PabloSnchz/factorio-blueprint-visualizer/blob/master/example_svgs/example_14.svg,1,1,/PabloSnchz/factorio-blueprint-visualizer/blob/master/example_svgs/example_17.svg,1,1,/PabloSnchz/factorio-blueprint-visualizer/blob/master/example_svgs/example_19.svg,1,1,/PabloSnchz/factorio-blueprint-visualizer/blob/master/example_svgs/example_21.svg,1,1,/PabloSnchz/factorio-blueprint-visualizer/blob/master/example_svgs/example_25.svg,1,1,/PabloSnchz/factorio-blueprint-visualizer/blob/master/factorioBlueprintVisualizer/visualizer.py,1,1
2024-11-14,/PabloSnchz/factorio-blueprint-visualizer,57,44,/PabloSnchz/factorio-blueprint-visualizer/blob/master/example_svgs/example_24.svg,3,2,/PabloSnchz/factorio-blueprint-visualizer/blob/master/example_svgs/example_03.svg,1,1,/PabloSnchz/factorio-blueprint-visualizer/blob/master/example_svgs/example_09.svg,1,1,/PabloSnchz/factorio-blueprint-visualizer/blob/master/example_svgs/example_14.svg,1,1,/PabloSnchz/factorio-blueprint-visualizer/blob/master/example_svgs/example_17.svg,1,1,/PabloSnchz/factorio-blueprint-visualizer/blob/master/example_svgs/example_19.svg,1,1,/PabloSnchz/factorio-blueprint-visualizer/blob/master/example_svgs/example_21.svg,1,1,/PabloSnchz/factorio-blueprint-visualizer/blob/master/example_svgs/example_25.svg,1,1,/PabloSnchz/factorio-blueprint-visualizer/blob/master/factorioBlueprintVisualizer/visualizer.py,1,1
2024-11-15,/PabloSnchz/factorio-blueprint-visualizer,60,43,/PabloSnchz/factorio-blueprint-visualizer/blob/master/example_svgs/example_24.svg,2,1,/PabloSnchz/factorio-blueprint-visualizer/blob/master/example_svgs/example_03.svg,1,1,/PabloSnchz/factorio-blueprint-visualizer/blob/master/example_svgs/example_09.svg,1,1,/PabloSnchz/factorio-blueprint-visualizer/blob/master/example_svgs/example_14.svg,1,1,/PabloSnchz/factorio-blueprint-visualizer/blob/master/example_svgs/example_17.svg,1,1,/PabloSnchz/factorio-blueprint-visualizer/blob/master/example_svgs/example_19.svg,1,1,/PabloSnchz/factorio-blueprint-visualizer/blob/master/example_svgs/example_21.svg,1,1,/PabloSnchz/factorio-blueprint-visualizer/blob/master/factorioBlueprintVisualizer/visualizer.py,1,1,/PabloSnchz/factorio-blueprint-visualizer/forks,1,1
2024-11-16,/PabloSnchz/factorio-blueprint-visualizer,69,48,/PabloSnchz/factorio-blueprint-visualizer/blob/master/example_svgs/example_24.svg,2,1,/PabloSnchz/factorio-blueprint-visualizer/blob/master/example_svgs/example_03.svg,1,1,/PabloSnchz/factorio-blueprint-visualizer/blob/master/example_svgs/example_09.svg,1,1,/PabloSnchz/factorio-blueprint-visualizer/blob/master/example_svgs/example_14.svg,1,1,/PabloSnchz/factorio-blueprint-visualizer/blob/master/example_svgs/example_17.svg,1,1,/PabloSnchz/factorio-blueprint-visualizer/blob/master/example_svgs/example_19.svg,1,1,/PabloSnchz/factorio-blueprint-visualizer/blob/master/example_svgs/example_21.svg,1,1,/PabloSnchz/factorio-blueprint-visualizer/blob/master/factorioBlueprintVisualizer/visualizer.py,1,1,/PabloSnchz/factorio-blueprint-visualizer/forks,1,1
2024-11-17,/PabloSnchz/factorio-blueprint-visualizer,64,44,/PabloSnchz/factorio-blueprint-visualizer/blob/master/example_svgs/example_24.svg,2,1,/PabloSnchz/factorio-blueprint-visualizer/blob/master/example_svgs/example_03.svg,1,1,/PabloSnchz/factorio-blueprint-visualizer/blob/master/example_svgs/example_09.svg,1,1,/PabloSnchz/factorio-blueprint-visualizer/blob/master/example_svgs/example_14.svg,1,1,/PabloSnchz/factorio-blueprint-visualizer/blob/master/example_svgs/example_17.svg,1,1,/PabloSnchz/factorio-blueprint-visualizer/blob/master/example_svgs/example_19.svg,1,1,/PabloSnchz/factorio-blueprint-visualizer/blob/master/example_svgs/example_21.svg,1,1,/PabloSnchz/factorio-blueprint-visualizer/forks,1,1,/PabloSnchz/factorio-blueprint-visualizer/issues,1,1
2024-11-18,/PabloSnchz/factorio-blueprint-visualizer,67,44,/PabloSnchz/factorio-blueprint-visualizer/blob/master/example_svgs/example_08.svg,1,1,/PabloSnchz/factorio-blueprint-visualizer/blob/master/example_svgs/example_21.svg,1,1,/PabloSnchz/factorio-blueprint-visualizer/forks,1,1,,,,,,,,,,,,,,,,,,
2024-11-19,/PabloSnchz/factorio-blueprint-visualizer,67,43,/PabloSnchz/factorio-blueprint-visualizer/blob/master/example_svgs/example_08.svg,1,1,/PabloSnchz/factorio-blueprint-visualizer/blob/master/example_svgs/example_21.svg,1,1,/PabloSnchz/factorio-blueprint-visualizer/blob/master/README.md,1,1,/PabloSnchz/factorio-blueprint-visualizer/deployments/github-pages,1,1,,,,,,,,,,,,,,,
2024-11-20,/PabloSnchz/factorio-blueprint-visualizer,65,44,/PabloSnchz/factorio-blueprint-visualizer/blob/master/example_svgs/example_08.svg,1,1,/PabloSnchz/factorio-blueprint-visualizer/blob/master/example_svgs/example_12.svg,1,1,/PabloSnchz/factorio-blueprint-visualizer/blob/master/example_svgs/example_13.svg,1,1,/PabloSnchz/factorio-blueprint-visualizer/blob/master/example_svgs/example_14.svg,1,1,/PabloSnchz/factorio-blueprint-visualizer/blob/master/example_svgs/example_15.svg,1,1,/PabloSnchz/factorio-blueprint-visualizer/blob/master/example_svgs/example_21.svg,1,1,/PabloSnchz/factorio-blueprint-visualizer/blob/master/README.md,1,1,/PabloSnchz/factorio-blueprint-visualizer/deployments/github-pages,1,1,,,
2024-11-21,/PabloSnchz/factorio-blueprint-visualizer,67,45,/PabloSnchz/factorio-blueprint-visualizer/blob/master/example_svgs/example_08.svg,1,1,/PabloSnchz/factorio-blueprint-visualizer/blob/master/example_svgs/example_12.svg,1,1,/PabloSnchz/factorio-blueprint-visualizer/blob/master/example_svgs/example_13.svg,1,1,/PabloSnchz/factorio-blueprint-visualizer/blob/master/example_svgs/example_14.svg,1,1,/PabloSnchz/factorio-blueprint-visualizer/blob/master/example_svgs/example_15.svg,1,1,/PabloSnchz/factorio-blueprint-visualizer/blob/master/example_svgs/example_21.svg,1,1,/PabloSnchz/factorio-blueprint-visualizer/blob/master/README.md,1,1,/PabloSnchz/factorio-blueprint-visualizer/deployments/github-pages,1,1,,,
2024-11-22,/PabloSnchz/factorio-blueprint-visualizer,72,49,/PabloSnchz/factorio-blueprint-visualizer/blob/master/example_svgs/example_08.svg,1,1,/PabloSnchz/factorio-blueprint-visualizer/blob/master/example_svgs/example_12.svg,1,1,/PabloSnchz/factorio-blueprint-visualizer/blob/master/example_svgs/example_13.svg,1,1,/PabloSnchz/factorio-blueprint-visualizer/blob/master/example_svgs/example_14.svg,1,1,/PabloSnchz/factorio-blueprint-visualizer/blob/master/example_svgs/example_15.svg,1,1,/PabloSnchz/factorio-blueprint-visualizer/blob/master/example_svgs/example_21.svg,1,1,/PabloSnchz/factorio-blueprint-visualizer/blob/master/README.md,1,1,/PabloSnchz/factorio-blueprint-visualizer/deployments/github-pages,1,1,,,
2024-11-23,/PabloSnchz/factorio-blueprint-visualizer,80,52,/PabloSnchz/factorio-blueprint-visualizer/blob/master/index.html,4,1,/PabloSnchz/factorio-blueprint-visualizer/tree/master/factorioBlueprintVisualizer,4,1,/PabloSnchz/factorio-blueprint-visualizer/blob/master/factorioBlueprintVisualizer/building_settings.py,3,1,/PabloSnchz/factorio-blueprint-visualizer/blob/master/factorioBlueprintVisualizer/visualizer.py,3,1,/PabloSnchz/factorio-blueprint-visualizer/tree/master/website,3,1,/PabloSnchz/factorio-blueprint-visualizer/blob/master/factorioBlueprintVisualizer/draw.py,2,1,/PabloSnchz/factorio-blueprint-visualizer/blob/master/factorioBlueprintVisualizer/__init__.py,2,1,/PabloSnchz/factorio-blueprint-visualizer/tree/master/example_svgs,2,1,/PabloSnchz/factorio-blueprint-visualizer/blob/master/example_svgs/example_00.svg,1,1
2024-11-24,/PabloSnchz/factorio-blueprint-visualizer,77,51,/PabloSnchz/factorio-blueprint-visualizer/tree/master/factorioBlueprintVisualizer,5,2,/PabloSnchz/factorio-blueprint-visualizer/blob/master/factorioBlueprintVisualizer/visualizer.py,4,2,/PabloSnchz/factorio-blueprint-visualizer/blob/master/index.html,4,1,/PabloSnchz/factorio-blueprint-visualizer/blob/master/factorioBlueprintVisualizer/building_settings.py,3,1,/PabloSnchz/factorio-blueprint-visualizer/tree/master/website,3,1,/PabloSnchz/factorio-blueprint-visualizer/blob/master/factorioBlueprintVisualizer/draw.py,2,1,/PabloSnchz/factorio-blueprint-visualizer/blob/master/factorioBlueprintVisualizer/__init__.py,2,1,/PabloSnchz/factorio-blueprint-visualizer/tree/master/example_svgs,2,1,/PabloSnchz/factorio-blueprint-visualizer/blob/master/example_svgs/example_00.svg,1,1
2024-11-25,/PabloSnchz/factorio-blueprint-visualizer,76,50,/PabloSnchz/factorio-blueprint-visualizer/tree/master/factorioBlueprintVisualizer,5,2,/PabloSnchz/factorio-blueprint-visualizer/blob/master/factorioBlueprintVisualizer/visualizer.py,4,2,/PabloSnchz/factorio-blueprint-visualizer/blob/master/index.html,4,1,/PabloSnchz/factorio-blueprint-visualizer/blob/master/factorioBlueprintVisualizer/building_settings.py,3,1,/PabloSnchz/factorio-blueprint-visualizer/tree/master/website,3,1,/PabloSnchz/factorio-blueprint-visualizer/blob/master/factorioBlueprintVisualizer/draw.py,2,1,/PabloSnchz/factorio-blueprint-visualizer/blob/master/factorioBlueprintVisualizer/__init__.py,2,1,/PabloSnchz/factorio-blueprint-visualizer/tree/master/example_svgs,2,1,/PabloSnchz/factorio-blueprint-visualizer/blob/master/example_svgs/example_00.svg,1,1
2024-11-26,/PabloSnchz/factorio-blueprint-visualizer,69,46,/PabloSnchz/factorio-blueprint-visualizer/tree/master/factorioBlueprintVisualizer,5,2,/PabloSnchz/factorio-blueprint-visualizer/blob/master/factorioBlueprintVisualizer/visualizer.py,4,2,/PabloSnchz/factorio-blueprint-visualizer/blob/master/index.html,4,1,/PabloSnchz/factorio-blueprint-visualizer/blob/master/factorioBlueprintVisualizer/building_settings.py,3,1,/PabloSnchz/factorio-blueprint-visualizer/tree/master/website,3,1,/PabloSnchz/factorio-blueprint-visualizer/blob/master/factorioBlueprintVisualizer/draw.py,2,1,/PabloSnchz/factorio-blueprint-visualizer/blob/master/factorioBlueprintVisualizer/__init__.py,2,1,/PabloSnchz/factorio-blueprint-visualizer/tree/master/example_svgs,2,1,/PabloSnchz/factorio-blueprint-visualizer/blob/master/example_svgs/example_00.svg,1,1
2024-11-27,/PabloSnchz/factorio-blueprint-visualizer,62,42,/PabloSnchz/factorio-blueprint-visualizer/tree/master/factorioBlueprintVisualizer,5,2,/PabloSnchz/factorio-blueprint-visualizer/blob/master/factorioBlueprintVisualizer/visualizer.py,4,2,/PabloSnchz/factorio-blueprint-visualizer/blob/master/index.html,4,1,/PabloSnchz/factorio-blueprint-visualizer/blob/master/factorioBlueprintVisualizer/building_settings.py,3,1,/PabloSnchz/factorio-blueprint-visualizer/tree/master/website,3,1,/PabloSnchz/factorio-blueprint-visualizer/blob/master/factorioBlueprintVisualizer/draw.py,2,1,/PabloSnchz/factorio-blueprint-visualizer/blob/master/factorioBlueprintVisualizer/__init__.py,2,1,/PabloSnchz/factorio-blueprint-visualizer/tree/master/example_svgs,2,1,/PabloSnchz/factorio-blueprint-visualizer/blob/master/example_svgs/example_00.svg,1,1
2024-11-28,/PabloSnchz/factorio-blueprint-visualizer,65,46,/PabloSnchz/factorio-blueprint-visualizer/tree/master/factorioBlueprintVisualizer,5,2,/PabloSnchz/factorio-blueprint-visualizer/blob/master/factorioBlueprintVisualizer/visualizer.py,4,2,/PabloSnchz/factorio-blueprint-visualizer/blob/master/index.html,4,1,/PabloSnchz/factorio-blueprint-visualizer/blob/master/factorioBlueprintVisualizer/building_settings.py,3,1,/PabloSnchz/factorio-blueprint-visualizer/tree/master/website,3,1,/PabloSnchz/factorio-blueprint-visualizer/blob/master/factorioBlueprintVisualizer/draw.py,2,1,/PabloSnchz/factorio-blueprint-visualizer/blob/master/factorioBlueprintVisualizer/__init__.py,2,1,/PabloSnchz/factorio-blueprint-visualizer/tree/master/example_svgs,2,1,/PabloSnchz/factorio-blueprint-visualizer/blob/master/example_svgs/example_00.svg,1,1
2024-11-29,/PabloSnchz/factorio-blueprint-visualizer,57,42,/PabloSnchz/factorio-blueprint-visualizer/tree/master/factorioBlueprintVisualizer,5,2,/PabloSnchz/factorio-blueprint-visualizer/blob/master/factorioBlueprintVisualizer/visualizer.py,4,2,/PabloSnchz/factorio-blueprint-visualizer/blob/master/index.html,4,1,/PabloSnchz/factorio-blueprint-visualizer/blob/master/factorioBlueprintVisualizer/building_settings.py,3,1,/PabloSnchz/factorio-blueprint-visualizer/tree/master/website,3,1,/PabloSnchz/factorio-blueprint-visualizer/blob/master/factorioBlueprintVisualizer/draw.py,2,1,/PabloSnchz/factorio-blueprint-visualizer/blob/master/factorioBlueprintVisualizer/__init__.py,2,1,/PabloSnchz/factorio-blueprint-visualizer/tree/master/example_svgs,2,1,/PabloSnchz/factorio-blueprint-visualizer/blob/master/example_svgs/example_00.svg,1,1
2024-11-30,/PabloSnchz/factorio-blueprint-visualizer,57,42,/PabloSnchz/factorio-blueprint-visualizer/tree/master/factorioBlueprintVisualizer,5,2,/PabloSnchz/factorio-blueprint-visualizer/blob/master/factorioBlueprintVisualizer/visualizer.py,4,2,/PabloSnchz/factorio-blueprint-visualizer/blob/master/index.html,4,1,/PabloSnchz/factorio-blueprint-visualizer/blob/master/factorioBlueprintVisualizer/building_settings.py,3,1,/PabloSnchz/factorio-blueprint-visualizer/tree/master/website,3,1,/PabloSnchz/factorio-blueprint-visualizer/blob/master/factorioBlueprintVisualizer/draw.py,2,1,/PabloSnchz/factorio-blueprint-visualizer/blob/master/factorioBlueprintVisualizer/__init__.py,2,1,/PabloSnchz/factorio-blueprint-visualizer/tree/master/example_svgs,2,1,/PabloSnchz/factorio-blueprint-visualizer/blob/master/example_svgs/example_00.svg,1,1
2024-12-01,/PabloSnchz/factorio-blueprint-visualizer,49,37,/PabloSnchz/factorio-blueprint-visualizer/tree/master/factorioBlueprintVisualizer,5,2,/PabloSnchz/factorio-blueprint-visualizer/blob/master/factorioBlueprintVisualizer/visualizer.py,4,2,/PabloSnchz/factorio-blueprint-visualizer/blob/master/index.html,4,1,/PabloSnchz/factorio-blueprint-visualizer/blob/master/factorioBlueprintVisualizer/building_settings.py,3,1,/PabloSnchz/factorio-blueprint-visualizer/tree/master/website,3,1,/PabloSnchz/factorio-blueprint-visualizer/blob/master/factorioBlueprintVisualizer/draw.py,2,1,/PabloSnchz/factorio-blueprint-visualizer/blob/master/factorioBlueprintVisualizer/__init__.py,2,1,/PabloSnchz/factorio-blueprint-visualizer/tree/master/example_svgs,2,1,/PabloSnchz/factorio-blueprint-visualizer/blob/master/example_svgs/example_00.svg,1,1
2024-12-02,/PabloSnchz/factorio-blueprint-visualizer,47,36,/PabloSnchz/factorio-blueprint-visualizer/tree/master/factorioBlueprintVisualizer,5,2,/PabloSnchz/factorio-blueprint-visualizer/blob/master/factorioBlueprintVisualizer/visualizer.py,4,2,/PabloSnchz/factorio-blueprint-visualizer/blob/master/index.html,4,1,/PabloSnchz/factorio-blueprint-visualizer/blob/master/factorioBlueprintVisualizer/building_settings.py,3,1,/PabloSnchz/factorio-blueprint-visualizer/tree/master/website,3,1,/PabloSnchz/factorio-blueprint-visualizer/blob/master/factorioBlueprintVisualizer/draw.py,2,1,/PabloSnchz/factorio-blueprint-visualizer/blob/master/factorioBlueprintVisualizer/__init__.py,2,1,/PabloSnchz/factorio-blueprint-visualizer/tree/master/example_svgs,2,1,/PabloSnchz/factorio-blueprint-visualizer/blob/master/example_svgs/example_00.svg,1,1
2024-12-03,/PabloSnchz/factorio-blueprint-visualizer,47,36,/PabloSnchz/factorio-blueprint-visualizer/tree/master/factorioBlueprintVisualizer,5,2,/PabloSnchz/factorio-blueprint-visualizer/blob/master/factorioBlueprintVisualizer/visualizer.py,4,2,/PabloSnchz/factorio-blueprint-visualizer/blob/master/index.html,4,1,/PabloSnchz/factorio-blueprint-visualizer/blob/master/factorioBlueprintVisualizer/building_settings.py,3,1,/PabloSnchz/factorio-blueprint-visualizer/tree/master/website,3,1,/PabloSnchz/factorio-blueprint-visualizer/blob/master/factorioBlueprintVisualizer/draw.py,2,1,/PabloSnchz/factorio-blueprint-visualizer/blob/master/factorioBlueprintVisualizer/__init__.py,2,1,/PabloSnchz/factorio-blueprint-visualizer/tree/master/example_svgs,2,1,/PabloSnchz/factorio-blueprint-visualizer/blob/master/example_svgs/example_00.svg,1,1
2024-12-04,/PabloSnchz/factorio-blueprint-visualizer,44,34,/PabloSnchz/factorio-blueprint-visualizer/tree/master/factorioBlueprintVisualizer,8,2,/PabloSnchz/factorio-blueprint-visualizer/blob/master/index.html,8,1,/PabloSnchz/factorio-blueprint-visualizer/blob/master/factorioBlueprintVisualizer/visualizer.py,7,2,/PabloSnchz/factorio-blueprint-visualizer/blob/master/factorioBlueprintVisualizer/building_settings.py,4,1,/PabloSnchz/factorio-blueprint-visualizer/tree/master,4,1,/PabloSnchz/factorio-blueprint-visualizer/tree/master/website,3,1,/PabloSnchz/factorio-blueprint-visualizer/blob/master/factorioBlueprintVisualizer/draw.py,2,1,/PabloSnchz/factorio-blueprint-visualizer/blob/master/factorioBlueprintVisualizer/__init__.py,2,1,/PabloSnchz/factorio-blueprint-visualizer/blob/master/factorioBlueprintVisualizer/util.py,2,1
2024-12-05,/PabloSnchz/factorio-blueprint-visualizer,42,32,/PabloSnchz/factorio-blueprint-visualizer/blob/master/index.html,11,1,/PabloSnchz/factorio-blueprint-visualizer/blob/master/factorioBlueprintVisualizer/visualizer.py,9,2,/PabloSnchz/factorio-blueprint-visualizer/tree/master/factorioBlueprintVisualizer,8,2,/PabloSnchz/factorio-blueprint-visualizer/blob/master/factorioBlueprintVisualizer/building_settings.py,4,1,/PabloSnchz/factorio-blueprint-visualizer/tree/master,4,1,/PabloSnchz/factorio-blueprint-visualizer/tree/master/website,3,1,/PabloSnchz/factorio-blueprint-visualizer/blob/master/factorioBlueprintVisualizer/draw.py,2,1,/PabloSnchz/factorio-blueprint-visualizer/blob/master/factorioBlueprintVisualizer/__init__.py,2,1,/PabloSnchz/factorio-blueprint-visualizer/blob/master/factorioBlueprintVisualizer/util.py,2,1
2024-12-06,/PabloSnchz/factorio-blueprint-visualizer,32,27,/PabloSnchz/factorio-blueprint-visualizer/blob/master/index.html,7,1,/PabloSnchz/factorio-blueprint-visualizer/blob/master/factorioBlueprintVisualizer/visualizer.py,6,2,/PabloSnchz/factorio-blueprint-visualizer/tree/master/factorioBlueprintVisualizer,5,3,/PabloSnchz/factorio-blueprint-visualizer/tree/master,3,1,/PabloSnchz/factorio-blueprint-visualizer/blob/master/factorioBlueprintVisualizer/building_settings.py,1,1,/PabloSnchz/factorio-blueprint-visualizer/blob/master/factorioBlueprintVisualizer/util.py,1,1,/PabloSnchz/factorio-blueprint-visualizer/commit/f5f1e7feecabe0e193977d62497c1fa310278068,1,1,,,,,,
2024-12-07,/PabloSnchz/factorio-blueprint-visualizer,32,26,/PabloSnchz/factorio-blueprint-visualizer/blob/master/index.html,7,1,/PabloSnchz/factorio-blueprint-visualizer/blob/master/factorioBlueprintVisualizer/visualizer.py,5,1,/PabloSnchz/factorio-blueprint-visualizer/tree/master/factorioBlueprintVisualizer,4,2,/PabloSnchz/factorio-blueprint-visualizer/tree/master,3,1,/PabloSnchz/factorio-blueprint-visualizer/blob/master/factorioBlueprintVisualizer/building_settings.py,1,1,/PabloSnchz/factorio-blueprint-visualizer/blob/master/factorioBlueprintVisualizer/util.py,1,1,/PabloSnchz/factorio-blueprint-visualizer/commit/f5f1e7feecabe0e193977d62497c1fa310278068,1,1,,,,,,
2024-12-08,/PabloSnchz/factorio-blueprint-visualizer,35,28,/PabloSnchz/factorio-blueprint-visualizer/blob/master/index.html,7,1,/PabloSnchz/factorio-blueprint-visualizer/blob/master/factorioBlueprintVisualizer/visualizer.py,5,1,/PabloSnchz/factorio-blueprint-visualizer/tree/master/factorioBlueprintVisualizer,4,2,/PabloSnchz/factorio-blueprint-visualizer/tree/master,3,1,/PabloSnchz/factorio-blueprint-visualizer/blob/master/factorioBlueprintVisualizer/building_settings.py,1,1,/PabloSnchz/factorio-blueprint-visualizer/blob/master/factorioBlueprintVisualizer/util.py,1,1,/PabloSnchz/factorio-blueprint-visualizer/commit/f5f1e7feecabe0e193977d62497c1fa310278068,1,1,,,,,,
2024-12-09,/PabloSnchz/factorio-blueprint-visualizer,36,28,/PabloSnchz/factorio-blueprint-visualizer/blob/master/index.html,7,1,/PabloSnchz/factorio-blueprint-visualizer/blob/master/factorioBlueprintVisualizer/visualizer.py,5,1,/PabloSnchz/factorio-blueprint-visualizer/tree/master/factorioBlueprintVisualizer,4,2,/PabloSnchz/factorio-blueprint-visualizer/tree/master,3,1,/PabloSnchz/factorio-blueprint-visualizer/blob/master/factorioBlueprintVisualizer/building_settings.py,1,1,/PabloSnchz/factorio-blueprint-visualizer/blob/master/factorioBlueprintVisualizer/util.py,1,1,/PabloSnchz/factorio-blueprint-visualizer/commit/f5f1e7feecabe0e193977d62497c1fa310278068,1,1,/PabloSnchz/factorio-blueprint-visualizer/tree/master/website,1,1,,,
2024-12-10,/PabloSnchz/factorio-blueprint-visualizer,36,28,/PabloSnchz/factorio-blueprint-visualizer/blob/master/index.html,7,1,/PabloSnchz/factorio-blueprint-visualizer/blob/master/factorioBlueprintVisualizer/visualizer.py,5,1,/PabloSnchz/factorio-blueprint-visualizer/tree/master/factorioBlueprintVisualizer,4,2,/PabloSnchz/factorio-blueprint-visualizer/tree/master,3,1,/PabloSnchz/factorio-blueprint-visualizer/blob/master/factorioBlueprintVisualizer/building_settings.py,1,1,/PabloSnchz/factorio-blueprint-visualizer/blob/master/factorioBlueprintVisualizer/util.py,1,1,/PabloSnchz/factorio-blueprint-visualizer/commit/f5f1e7feecabe0e193977d62497c1fa310278068,1,1,/PabloSnchz/factorio-blueprint-visualizer/tree/master/website,1,1,,,
2024-12-11,/PabloSnchz/factorio-blueprint-visualizer,28,21,/PabloSnchz/factorio-blueprint-visualizer/blob/master/index.html,7,1,/PabloSnchz/factorio-blueprint-visualizer/blob/master/factorioBlueprintVisualizer/visualizer.py,5,1,/PabloSnchz/factorio-blueprint-visualizer/tree/master/factorioBlueprintVisualizer,4,2,/PabloSnchz/factorio-blueprint-visualizer/tree/master,3,1,/PabloSnchz/factorio-blueprint-visualizer/blob/master/factorioBlueprintVisualizer/building_settings.py,1,1,/PabloSnchz/factorio-blueprint-visualizer/blob/master/factorioBlueprintVisualizer/util.py,1,1,/PabloSnchz/factorio-blueprint-visualizer/commit/f5f1e7feecabe0e193977d62497c1fa310278068,1,1,/PabloSnchz/factorio-blueprint-visualizer/tree/master/website,1,1,,,
2024-12-12,/PabloSnchz/factorio-blueprint-visualizer,38,23,/PabloSnchz/factorio-blueprint-visualizer/blob/master/index.html,7,1,/PabloSnchz/factorio-blueprint-visualizer/blob/master/factorioBlueprintVisualizer/visualizer.py,5,1,/PabloSnchz/factorio-blueprint-visualizer/tree/master/factorioBlueprintVisualizer,4,2,/PabloSnchz/factorio-blueprint-visualizer/tree/master,3,1,/PabloSnchz/factorio-blueprint-visualizer/blob/master/factorioBlueprintVisualizer/building_settings.py,1,1,/PabloSnchz/factorio-blueprint-visualizer/blob/master/factorioBlueprintVisualizer/util.py,1,1,/PabloSnchz/factorio-blueprint-visualizer/commit/f5f1e7feecabe0e193977d62497c1fa310278068,1,1,/PabloSnchz/factorio-blueprint-visualizer/tree/master/website,1,1,,,
2024-12-13,/PabloSnchz/factorio-blueprint-visualizer,47,28,/PabloSnchz/factorio-blueprint-visualizer/blob/master/index.html,7,1,/PabloSnchz/factorio-blueprint-visualizer/blob/master/factorioBlueprintVisualizer/visualizer.py,5,1,/PabloSnchz/factorio-blueprint-visualizer/tree/master/factorioBlueprintVisualizer,4,2,/PabloSnchz/factorio-blueprint-visualizer/tree/master,3,1,/PabloSnchz/factorio-blueprint-visualizer/blob/master/factorioBlueprintVisualizer/building_settings.py,1,1,/PabloSnchz/factorio-blueprint-visualizer/blob/master/factorioBlueprintVisualizer/util.py,1,1,/PabloSnchz/factorio-blueprint-visualizer/commit/f5f1e7feecabe0e193977d62497c1fa310278068,1,1,/PabloSnchz/factorio-blueprint-visualizer/tree/master/website,1,1,,,
2024-12-14,/PabloSnchz/factorio-blueprint-visualizer,48,29,/PabloSnchz/factorio-blueprint-visualizer/blob/master/index.html,7,1,/PabloSnchz/factorio-blueprint-visualizer/blob/master/factorioBlueprintVisualizer/visualizer.py,5,1,/PabloSnchz/factorio-blueprint-visualizer/tree/master/factorioBlueprintVisualizer,4,2,/PabloSnchz/factorio-blueprint-visualizer/tree/master,3,1,/PabloSnchz/factorio-blueprint-visualizer/blob/master/factorioBlueprintVisualizer/building_settings.py,1,1,/PabloSnchz/factorio-blueprint-visualizer/blob/master/factorioBlueprintVisualizer/util.py,1,1,/PabloSnchz/factorio-blueprint-visualizer/commit/f5f1e7feecabe0e193977d62497c1fa310278068,1,1,/PabloSnchz/factorio-blueprint-visualizer/tree/master/website,1,1,,,
2024-12-15,/PabloSnchz/factorio-blueprint-visualizer,47,28,/PabloSnchz/factorio-blueprint-visualizer/blob/master/index.html,7,1,/PabloSnchz/factorio-blueprint-visualizer/blob/master/factorioBlueprintVisualizer/visualizer.py,5,1,/PabloSnchz/factorio-blueprint-visualizer/tree/master/factorioBlueprintVisualizer,4,2,/PabloSnchz/factorio-blueprint-visualizer/tree/master,3,1,/PabloSnchz/factorio-blueprint-visualizer/blob/master/factorioBlueprintVisualizer/building_settings.py,1,1,/PabloSnchz/factorio-blueprint-visualizer/blob/master/factorioBlueprintVisualizer/util.py,1,1,/PabloSnchz/factorio-blueprint-visualizer/commit/f5f1e7feecabe0e193977d62497c1fa310278068,1,1,/PabloSnchz/factorio-blueprint-visualizer/tree/master/website,1,1,,,
2024-12-16,/PabloSnchz/factorio-blueprint-visualizer,49,30,/PabloSnchz/factorio-blueprint-visualizer/blob/master/index.html,7,1,/PabloSnchz/factorio-blueprint-visualizer/blob/master/factorioBlueprintVisualizer/visualizer.py,5,1,/PabloSnchz/factorio-blueprint-visualizer/tree/master/factorioBlueprintVisualizer,4,2,/PabloSnchz/factorio-blueprint-visualizer/tree/master,3,1,/PabloSnchz/factorio-blueprint-visualizer/blob/master/example_svgs/example_21.svg,1,1,/PabloSnchz/factorio-blueprint-visualizer/blob/master/example_svgs/example_23.svg,1,1,/PabloSnchz/factorio-blueprint-visualizer/blob/master/example_svgs/random_0077.svg,1,1,/PabloSnchz/factorio-blueprint-visualizer/blob/master/factorioBlueprintVisualizer/building_settings.py,1,1,/PabloSnchz/factorio-blueprint-visualizer/blob/master/factorioBlueprintVisualizer/util.py,1,1
2024-12-17,/PabloSnchz/factorio-blueprint-visualizer,48,29,/PabloSnchz/factorio-blueprint-visualizer/blob/master/index.html,3,1,/PabloSnchz/factorio-blueprint-visualizer/blob/master/factorioBlueprintVisualizer/visualizer.py,2,1,/PabloSnchz/factorio-blueprint-visualizer/blob/master/example_svgs/example_21.svg,1,1,/PabloSnchz/factorio-blueprint-visualizer/blob/master/example_svgs/example_23.svg,1,1,/PabloSnchz/factorio-blueprint-visualizer/blob/master/example_svgs/random_0077.svg,1,1,/PabloSnchz/factorio-blueprint-visualizer/tree/master/factorioBlueprintVisualizer,1,1,/PabloSnchz/factorio-blueprint-visualizer/tree/master/website,1,1,,,,,,
2024-12-18,/PabloSnchz/factorio-blueprint-visualizer,47,29,/PabloSnchz/factorio-blueprint-visualizer/blob/master/example_svgs/example_21.svg,1,1,/PabloSnchz/factorio-blueprint-visualizer/blob/master/example_svgs/example_23.svg,1,1,/PabloSnchz/factorio-blueprint-visualizer/blob/master/example_svgs/random_0077.svg,1,1,/PabloSnchz/factorio-blueprint-visualizer/tree/master/factorioBlueprintVisualizer,1,1,/PabloSnchz/factorio-blueprint-visualizer/tree/master/website,1,1,,,,,,,,,,,,
2024-12-19,/PabloSnchz/factorio-blueprint-visualizer,47,29,/PabloSnchz/factorio-blueprint-visualizer/blob/master/example_svgs/example_21.svg,1,1,/PabloSnchz/factorio-blueprint-visualizer/blob/master/example_svgs/example_23.svg,1,1,/PabloSnchz/factorio-blueprint-visualizer/blob/master/example_svgs/random_0077.svg,1,1,/PabloSnchz/factorio-blueprint-visualizer/blob/master/factorioBlueprintVisualizer/building_settings.py,1,1,/PabloSnchz/factorio-blueprint-visualizer/tree/master/factorioBlueprintVisualizer,1,1,/PabloSnchz/factorio-blueprint-visualizer/tree/master/website,1,1,,,,,,,,,
2024-12-20,/PabloSnchz/factorio-blueprint-visualizer,51,33,/PabloSnchz/factorio-blueprint-visualizer/tree/master/factorioBlueprintVisualizer,2,1,/PabloSnchz/factorio-blueprint-visualizer/blob/master/example_svgs/example_21.svg,1,1,/PabloSnchz/factorio-blueprint-visualizer/blob/master/example_svgs/example_23.svg,1,1,/PabloSnchz/factorio-blueprint-visualizer/blob/master/example_svgs/random_0077.svg,1,1,/PabloSnchz/factorio-blueprint-visualizer/blob/master/factorioBlueprintVisualizer/building_settings.py,1,1,/PabloSnchz/factorio-blueprint-visualizer/blob/master/factorioBlueprintVisualizer/draw.py,1,1,/PabloSnchz/factorio-blueprint-visualizer/deployments/github-pages,1,1,/PabloSnchz/factorio-blueprint-visualizer/tree/master/website,1,1,,,
2024-12-21,/PabloSnchz/factorio-blueprint-visualizer,50,32,/PabloSnchz/factorio-blueprint-visualizer/tree/master/factorioBlueprintVisualizer,2,1,/PabloSnchz/factorio-blueprint-visualizer/blob/master/example_svgs/example_21.svg,1,1,/PabloSnchz/factorio-blueprint-visualizer/blob/master/example_svgs/example_23.svg,1,1,/PabloSnchz/factorio-blueprint-visualizer/blob/master/example_svgs/random_0077.svg,1,1,/PabloSnchz/factorio-blueprint-visualizer/blob/master/factorioBlueprintVisualizer/building_settings.py,1,1,/PabloSnchz/factorio-blueprint-visualizer/blob/master/factorioBlueprintVisualizer/draw.py,1,1,/PabloSnchz/factorio-blueprint-visualizer/deployments/github-pages,1,1,/PabloSnchz/factorio-blueprint-visualizer/tree/master/website,1,1,,,
2024-12-22,/PabloSnchz/factorio-blueprint-visualizer,52,34,/PabloSnchz/factorio-blueprint-visualizer/tree/master/factorioBlueprintVisualizer,2,1,/PabloSnchz/factorio-blueprint-visualizer/blob/master/example_svgs/example_21.svg,1,1,/PabloSnchz/factorio-blueprint-visualizer/blob/master/example_svgs/example_23.svg,1,1,/PabloSnchz/factorio-blueprint-visualizer/blob/master/example_svgs/random_0077.svg,1,1,/PabloSnchz/factorio-blueprint-visualizer/blob/master/factorioBlueprintVisualizer/building_settings.py,1,1,/PabloSnchz/factorio-blueprint-visualizer/blob/master/factorioBlueprintVisualizer/draw.py,1,1,/PabloSnchz/factorio-blueprint-visualizer/deployments/github-pages,1,1,,,,,,
2024-12-23,/PabloSnchz/factorio-blueprint-visualizer,53,35,/PabloSnchz/factorio-blueprint-visualizer/tree/master/factorioBlueprintVisualizer,2,1,/PabloSnchz/factorio-blueprint-visualizer/blob/master/example_svgs/example_21.svg,1,1,/PabloSnchz/factorio-blueprint-visualizer/blob/master/example_svgs/example_23.svg,1,1,/PabloSnchz/factorio-blueprint-visualizer/blob/master/example_svgs/random_0077.svg,1,1,/PabloSnchz/factorio-blueprint-visualizer/blob/master/factorioBlueprintVisualizer/building_settings.py,1,1,/PabloSnchz/factorio-blueprint-visualizer/blob/master/factorioBlueprintVisualizer/draw.py,1,1,/PabloSnchz/factorio-blueprint-visualizer/deployments/github-pages,1,1,,,,,,
2024-12-24,/PabloSnchz/factorio-blueprint-visualizer,54,37,/PabloSnchz/factorio-blueprint-visualizer/tree/master/factorioBlueprintVisualizer,2,1,/PabloSnchz/factorio-blueprint-visualizer/blob/master/example_svgs/example_21.svg,1,1,/PabloSnchz/factorio-blueprint-visualizer/blob/master/example_svgs/example_23.svg,1,1,/PabloSnchz/factorio-blueprint-visualizer/blob/master/example_svgs/random_0077.svg,1,1,/PabloSnchz/factorio-blueprint-visualizer/blob/master/factorioBlueprintVisualizer/building_settings.py,1,1,/PabloSnchz/factorio-blueprint-visualizer/blob/master/factorioBlueprintVisualizer/draw.py,1,1,/PabloSnchz/factorio-blueprint-visualizer/deployments/github-pages,1,1,,,,,,
2024-12-25,/PabloSnchz/factorio-blueprint-visualizer,47,36,/PabloSnchz/factorio-blueprint-visualizer/tree/master/factorioBlueprintVisualizer,3,2,/PabloSnchz/factorio-blueprint-visualizer/blob/master/factorioBlueprintVisualizer/building_settings.py,2,2,/PabloSnchz/factorio-blueprint-visualizer/blob/master/example_svgs/example_21.svg,1,1,/PabloSnchz/factorio-blueprint-visualizer/blob/master/example_svgs/example_23.svg,1,1,/PabloSnchz/factorio-blueprint-visualizer/blob/master/example_svgs/random_0077.svg,1,1,/PabloSnchz/factorio-blueprint-visualizer/blob/master/factorioBlueprintVisualizer/draw.py,1,1,/PabloSnchz/factorio-blueprint-visualizer/blob/master/factorioBlueprintVisualizer/__init__.py,1,1,/PabloSnchz/factorio-blueprint-visualizer/blob/master/factorioBlueprintVisualizer/util.py,1,1,/PabloSnchz/factorio-blueprint-visualizer/blob/master/factorioBlueprintVisualizer/visualizer.py,1,1
2024-12-26,/PabloSnchz/factorio-blueprint-visualizer,40,33,/PabloSnchz/factorio-blueprint-visualizer/tree/master/factorioBlueprintVisualizer,3,2,/PabloSnchz/factorio-blueprint-visualizer/blob/master/factorioBlueprintVisualizer/building_settings.py,2,2,/PabloSnchz/factorio-blueprint-visualizer/blob/master/example_svgs/example_21.svg,1,1,/PabloSnchz/factorio-blueprint-visualizer/blob/master/example_svgs/example_23.svg,1,1,/PabloSnchz/factorio-blueprint-visualizer/blob/master/example_svgs/random_0077.svg,1,1,/PabloSnchz/factorio-blueprint-visualizer/blob/master/factorioBlueprintVisualizer/draw.py,1,1,/PabloSnchz/factorio-blueprint-visualizer/blob/master/factorioBlueprintVisualizer/__init__.py,1,1,/PabloSnchz/factorio-blueprint-visualizer/blob/master/factorioBlueprintVisualizer/util.py,1,1,/PabloSnchz/factorio-blueprint-visualizer/blob/master/factorioBlueprintVisualizer/visualizer.py,1,1
2024-12-27,/PabloSnchz/factorio-blueprint-visualizer,39,32,/PabloSnchz/factorio-blueprint-visualizer/tree/master/factorioBlueprintVisualizer,3,2,/PabloSnchz/factorio-blueprint-visualizer/blob/master/factorioBlueprintVisualizer/building_settings.py,2,2,/PabloSnchz/factorio-blueprint-visualizer/blob/master/example_svgs/example_21.svg,1,1,/PabloSnchz/factorio-blueprint-visualizer/blob/master/example_svgs/example_23.svg,1,1,/PabloSnchz/factorio-blueprint-visualizer/blob/master/example_svgs/random_0077.svg,1,1,/PabloSnchz/factorio-blueprint-visualizer/blob/master/factorioBlueprintVisualizer/draw.py,1,1,/PabloSnchz/factorio-blueprint-visualizer/blob/master/factorioBlueprintVisualizer/__init__.py,1,1,/PabloSnchz/factorio-blueprint-visualizer/blob/master/factorioBlueprintVisualizer/util.py,1,1,/PabloSnchz/factorio-blueprint-visualizer/blob/master/factorioBlueprintVisualizer/visualizer.py,1,1
2024-12-28,/PabloSnchz/factorio-blueprint-visualizer,39,32,/PabloSnchz/factorio-blueprint-visualizer/tree/master/factorioBlueprintVisualizer,3,2,/PabloSnchz/factorio-blueprint-visualizer/blob/master/factorioBlueprintVisualizer/building_settings.py,2,2,/PabloSnchz/factorio-blueprint-visualizer/blob/master/example_svgs/example_21.svg,1,1,/PabloSnchz/factorio-blueprint-visualizer/blob/master/example_svgs/example_23.svg,1,1,/PabloSnchz/factorio-blueprint-visualizer/blob/master/example_svgs/random_0077.svg,1,1,/PabloSnchz/factorio-blueprint-visualizer/blob/master/factorioBlueprintVisualizer/draw.py,1,1,/PabloSnchz/factorio-blueprint-visualizer/blob/master/factorioBlueprintVisualizer/__init__.py,1,1,/PabloSnchz/factorio-blueprint-visualizer/blob/master/factorioBlueprintVisualizer/util.py,1,1,/PabloSnchz/factorio-blueprint-visualizer/blob/master/factorioBlueprintVisualizer/visualizer.py,1,1
2024-12-29,/PabloSnchz/factorio-blueprint-visualizer,38,30,/PabloSnchz/factorio-blueprint-visualizer/tree/master/factorioBlueprintVisualizer,3,2,/PabloSnchz/factorio-blueprint-visualizer/blob/master/factorioBlueprintVisualizer/building_settings.py,2,2,/PabloSnchz/factorio-blueprint-visualizer/blob/master/factorioBlueprintVisualizer/draw.py,1,1,/PabloSnchz/factorio-blueprint-visualizer/blob/master/factorioBlueprintVisualizer/__init__.py,1,1,/PabloSnchz/factorio-blueprint-visualizer/blob/master/factorioBlueprintVisualizer/util.py,1,1,/PabloSnchz/factorio-blueprint-visualizer/blob/master/factorioBlueprintVisualizer/visualizer.py,1,1,/PabloSnchz/factorio-blueprint-visualizer/blob/master/requirements.txt,1,1,/PabloSnchz/factorio-blueprint-visualizer/blob/master/setup.py,1,1,/PabloSnchz/factorio-blueprint-visualizer/deployments/github-pages,1,1
2024-12-30,/PabloSnchz/factorio-blueprint-visualizer,36,28,/PabloSnchz/factorio-blueprint-visualizer/tree/master/factorioBlueprintVisualizer,3,2,/PabloSnchz/factorio-blueprint-visualizer/blob/master/factorioBlueprintVisualizer/building_settings.py,2,2,/PabloSnchz/factorio-blueprint-visualizer/blob/master/factorioBlueprintVisualizer/draw.py,1,1,/PabloSnchz/factorio-blueprint-visualizer/blob/master/factorioBlueprintVisualizer/__init__.py,1,1,/PabloSnchz/factorio-blueprint-visualizer/blob/master/factorioBlueprintVisualizer/util.py,1,1,/PabloSnchz/factorio-blueprint-visualizer/blob/master/factorioBlueprintVisualizer/visualizer.py,1,1,/PabloSnchz/factorio-blueprint-visualizer/blob/master/requirements.txt,1,1,/PabloSnchz/factorio-blueprint-visualizer/blob/master/setup.py,1,1,/PabloSnchz/factorio-blueprint-visualizer/deployments/github-pages,1,1
2024-12-31,/PabloSnchz/factorio-blueprint-visualizer,39,29,/PabloSnchz/factorio-blueprint-visualizer/tree/master/factorioBlueprintVisualizer,3,2,/PabloSnchz/factorio-blueprint-visualizer/blob/master/factorioBlueprintVisualizer/building_settings.py,2,2,/PabloSnchz/factorio-blueprint-visualizer/blob/master/factorioBlueprintVisualizer/draw.py,1,1,/PabloSnchz/factorio-blueprint-visualizer/blob/master/factorioBlueprintVisualizer/__init__.py,1,1,/PabloSnchz/factorio-blueprint-visualizer/blob/master/factorioBlueprintVisualizer/util.py,1,1,/PabloSnchz/factorio-blueprint-visualizer/blob/master/factorioBlueprintVisualizer/visualizer.py,1,1,/PabloSnchz/factorio-blueprint-visualizer/blob/master/requirements.txt,1,1,/PabloSnchz/factorio-blueprint-visualizer/blob/master/setup.py,1,1,/PabloSnchz/factorio-blueprint-visualizer/deployments/github-pages,1,1
2025-01-01,/PabloSnchz/factorio-blueprint-visualizer,44,33,/PabloSnchz/factorio-blueprint-visualizer/tree/master/factorioBlueprintVisualizer,2,2,/PabloSnchz/factorio-blueprint-visualizer/blob/master/factorioBlueprintVisualizer/building_settings.py,1,1,/PabloSnchz/factorio-blueprint-visualizer/blob/master/factorioBlueprintVisualizer/draw.py,1,1,/PabloSnchz/factorio-blueprint-visualizer/blob/master/factorioBlueprintVisualizer/__init__.py,1,1,/PabloSnchz/factorio-blueprint-visualizer/blob/master/factorioBlueprintVisualizer/util.py,1,1,/PabloSnchz/factorio-blueprint-visualizer/blob/master/factorioBlueprintVisualizer/visualizer.py,1,1,/PabloSnchz/factorio-blueprint-visualizer/blob/master/requirements.txt,1,1,/PabloSnchz/factorio-blueprint-visualizer/blob/master/setup.py,1,1,/PabloSnchz/factorio-blueprint-visualizer/deployments/github-pages,1,1
2025-01-02,/PabloSnchz/factorio-blueprint-visualizer,40,30,/PabloSnchz/factorio-blueprint-visualizer/blob/master/factorioBlueprintVisualizer/building_settings.py,1,1,/PabloSnchz/factorio-blueprint-visualizer/blob/master/factorioBlueprintVisualizer/__init__.py,1,1,/PabloSnchz/factorio-blueprint-visualizer/blob/master/factorioBlueprintVisualizer/util.py,1,1,/PabloSnchz/factorio-blueprint-visualizer/blob/master/factorioBlueprintVisualizer/visualizer.py,1,1,/PabloSnchz/factorio-blueprint-visualizer/blob/master/requirements.txt,1,1,/PabloSnchz/factorio-blueprint-visualizer/blob/master/setup.py,1,1,/PabloSnchz/factorio-blueprint-visualizer/tree/master/factorioBlueprintVisualizer,1,1,,,,,,
2025-01-03,/PabloSnchz/factorio-blueprint-visualizer,37,28,/PabloSnchz/factorio-blueprint-visualizer/blob/master/factorioBlueprintVisualizer/building_settings.py,1,1,/PabloSnchz/factorio-blueprint-visualizer/blob/master/factorioBlueprintVisualizer/__init__.py,1,1,/PabloSnchz/factorio-blueprint-visualizer/blob/master/factorioBlueprintVisualizer/util.py,1,1,/PabloSnchz/factorio-blueprint-visualizer/blob/master/factorioBlueprintVisualizer/visualizer.py,1,1,/PabloSnchz/factorio-blueprint-visualizer/blob/master/requirements.txt,1,1,/PabloSnchz/factorio-blueprint-visualizer/blob/master/setup.py,1,1,/PabloSnchz/factorio-blueprint-visualizer/tree/master/factorioBlueprintVisualizer,1,1,,,,,,
2025-01-04,/PabloSnchz/factorio-blueprint-visualizer,37,27,/PabloSnchz/factorio-blueprint-visualizer/blob/master/example_svgs/example_07.svg,2,2,/PabloSnchz/factorio-blueprint-visualizer/blob/master/example_svgs/example_31.svg,2,2,/PabloSnchz/factorio-blueprint-visualizer/blob/master/example_svgs/example_24.svg,1,1,/PabloSnchz/factorio-blueprint-visualizer/blob/master/example_svgs/random_0077.svg,1,1,/PabloSnchz/factorio-blueprint-visualizer/blob/master/factorioBlueprintVisualizer/building_settings.py,1,1,/PabloSnchz/factorio-blueprint-visualizer/blob/master/factorioBlueprintVisualizer/__init__.py,1,1,/PabloSnchz/factorio-blueprint-visualizer/blob/master/factorioBlueprintVisualizer/util.py,1,1,/PabloSnchz/factorio-blueprint-visualizer/blob/master/factorioBlueprintVisualizer/visualizer.py,1,1,/PabloSnchz/factorio-blueprint-visualizer/blob/master/requirements.txt,1,1
2025-01-05,/PabloSnchz/factorio-blueprint-visualizer,38,28,/PabloSnchz/factorio-blueprint-visualizer/blob/master/example_svgs/example_07.svg,2,2,/PabloSnchz/factorio-blueprint-visualizer/blob/master/example_svgs/example_31.svg,2,2,/PabloSnchz/factorio-blueprint-visualizer/blob/master/example_svgs/example_24.svg,1,1,/PabloSnchz/factorio-blueprint-visualizer/blob/master/example_svgs/random_0077.svg,1,1,/PabloSnchz/factorio-blueprint-visualizer/blob/master/factorioBlueprintVisualizer/building_settings.py,1,1,/PabloSnchz/factorio-blueprint-visualizer/blob/master/factorioBlueprintVisualizer/__init__.py,1,1,/PabloSnchz/factorio-blueprint-visualizer/blob/master/factorioBlueprintVisualizer/util.py,1,1,/PabloSnchz/factorio-blueprint-visualizer/blob/master/factorioBlueprintVisualizer/visualizer.py,1,1,/PabloSnchz/factorio-blueprint-visualizer/blob/master/requirements.txt,1,1
2025-01-06,/PabloSnchz/factorio-blueprint-visualizer,37,28,/PabloSnchz/factorio-blueprint-visualizer/blob/master/example_svgs/example_07.svg,2,2,/PabloSnchz/factorio-blueprint-visualizer/blob/master/example_svgs/example_31.svg,2,2,/PabloSnchz/factorio-blueprint-visualizer/blob/master/example_svgs/example_24.svg,1,1,/PabloSnchz/factorio-blueprint-visualizer/blob/master/example_svgs/random_0077.svg,1,1,/PabloSnchz/factorio-blueprint-visualizer/blob/master/factorioBlueprintVisualizer/building_settings.py,1,1,/PabloSnchz/factorio-blueprint-visualizer/blob/master/factorioBlueprintVisualizer/__init__.py,1,1,/PabloSnchz/factorio-blueprint-visualizer/blob/master/factorioBlueprintVisualizer/util.py,1,1,/PabloSnchz/factorio-blueprint-visualizer/blob/master/factorioBlueprintVisualizer/visualizer.py,1,1,/PabloSnchz/factorio-blueprint-visualizer/blob/master/README.md,1,1
2025-01-07,/PabloSnchz/factorio-blueprint-visualizer,35,28,/PabloSnchz/factorio-blueprint-visualizer/blob/master/example_svgs/example_07.svg,2,2,/PabloSnchz/factorio-blueprint-visualizer/blob/master/example_svgs/example_31.svg,2,2,/PabloSnchz/factorio-blueprint-visualizer/blob/master/README.md,2,2,/PabloSnchz/factorio-blueprint-visualizer/blob/master/example_svgs/example_24.svg,1,1,/PabloSnchz/factorio-blueprint-visualizer/blob/master/example_svgs/random_0077.svg,1,1,,,,,,,,,,,,
2025-01-08,/PabloSnchz/factorio-blueprint-visualizer,35,27,/PabloSnchz/factorio-blueprint-visualizer/blob/master/example_svgs/example_07.svg,2,2,/PabloSnchz/factorio-blueprint-visualizer/blob/master/example_svgs/example_31.svg,2,2,/PabloSnchz/factorio-blueprint-visualizer/blob/master/README.md,2,2,/PabloSnchz/factorio-blueprint-visualizer/blob/master/example_svgs/example_24.svg,1,1,/PabloSnchz/factorio-blueprint-visualizer/blob/master/example_svgs/random_0077.svg,1,1,/PabloSnchz/factorio-blueprint-visualizer/blob/master/factorioBlueprintVisualizer/example_data.py,1,1,/PabloSnchz/factorio-blueprint-visualizer/tree/master/factorioBlueprintVisualizer,1,1,/PabloSnchz/factorio-blueprint-visualizer/tree/master/website,1,1,,,
2025-01-09,/PabloSnchz/factorio-blueprint-visualizer,49,31,/PabloSnchz/factorio-blueprint-visualizer/blob/master/drawing_settings_documentation.md,4,2,/PabloSnchz/factorio-blueprint-visualizer/compare/js-refactor-and-dlc,3,1,/PabloSnchz/factorio-blueprint-visualizer/blob/master/example_svgs/example_07.svg,2,2,/PabloSnchz/factorio-blueprint-visualizer/blob/master/example_svgs/example_31.svg,2,2,/PabloSnchz/factorio-blueprint-visualizer/blob/master/example_svgs/random_0077.svg,2,2,/PabloSnchz/factorio-blueprint-visualizer/blob/master/README.md,2,2,/PabloSnchz/factorio-blueprint-visualizer/blob/master/example_svgs/example_24.svg,1,1,/PabloSnchz/factorio-blueprint-visualizer/blob/master/factorioBlueprintVisualizer/example_data.py,1,1,/PabloSnchz/factorio-blueprint-visualizer/graphs/traffic,1,1
2025-01-10,/PabloSnchz/factorio-blueprint-visualizer,12816,11508,/PabloSnchz/factorio-blueprint-visualizer/blob/master/examples/Rocket_Ship_1.jpg,567,519,/PabloSnchz/factorio-blueprint-visualizer/blob/master/examples/Rocket_Ship_1_Visualization.png,237,216,/PabloSnchz/factorio-blueprint-visualizer/graphs/contributors,168,2,/PabloSnchz/factorio-blueprint-visualizer/blob/master/drawing_settings_documentation.md,139,134,/PabloSnchz/factorio-blueprint-visualizer/blob/master/examples/example_25.svg,133,123,/PabloSnchz/factorio-blueprint-visualizer/tree/master/scripts,92,86,/PabloSnchz/factorio-blueprint-visualizer/blob/master/examples/example_21.svg,77,74,/PabloSnchz/factorio-blueprint-visualizer/blob/master/examples/example_24.svg,77,67,/PabloSnchz/factorio-blueprint-visualizer/blob/master/examples/random_0077.svg,68,67
2025-01-11,/PabloSnchz/factorio-blueprint-visualizer,17742,15543,/PabloSnchz/factorio-blueprint-visualizer/blob/master/examples/Rocket_Ship_1.jpg,765,712,/PabloSnchz/factorio-blueprint-visualizer/blob/master/examples/Rocket_Ship_1_Visualization.png,304,281,/PabloSnchz/factorio-blueprint-visualizer/blob/master/drawing_settings_documentation.md,210,204,/PabloSnchz/factorio-blueprint-visualizer/blob/master/examples/example_25.svg,177,168,/PabloSnchz/factorio-blueprint-visualizer/graphs/contributors,170,3,/PabloSnchz/factorio-blueprint-visualizer/tree/master/scripts,116,106,/PabloSnchz/factorio-blueprint-visualizer/blob/master/examples/example_21.svg,100,96,/PabloSnchz/factorio-blueprint-visualizer/blob/master/examples/example_24.svg,99,87,/PabloSnchz/factorio-blueprint-visualizer/blob/master/examples/random_0077.svg,92,89
2025-01-12,/PabloSnchz/factorio-blueprint-visualizer,18293,15963,/PabloSnchz/factorio-blueprint-visualizer/blob/master/examples/Rocket_Ship_1.jpg,788,729,/PabloSnchz/factorio-blueprint-visualizer/blob/master/examples/Rocket_Ship_1_Visualization.png,317,291,/PabloSnchz/factorio-blueprint-visualizer/blob/master/drawing_settings_documentation.md,218,211,/PabloSnchz/factorio-blueprint-visualizer/blob/master/examples/example_25.svg,181,173,/PabloSnchz/factorio-blueprint-visualizer/graphs/contributors,170,3,/PabloSnchz/factorio-blueprint-visualizer/tree/master/scripts,124,111,/PabloSnchz/factorio-blueprint-visualizer/blob/master/examples/example_21.svg,101,97,/PabloSnchz/factorio-blueprint-visualizer/blob/master/examples/random_0077.svg,101,97,/PabloSnchz/factorio-blueprint-visualizer/blob/master/examples/example_24.svg,100,88
2025-01-13,/PabloSnchz/factorio-blueprint-visualizer,18536,16160,/PabloSnchz/factorio-blueprint-visualizer/blob/master/examples/Rocket_Ship_1.jpg,801,741,/PabloSnchz/factorio-blueprint-visualizer/blob/master/examples/Rocket_Ship_1_Visualization.png,322,295,/PabloSnchz/factorio-blueprint-visualizer/blob/master/drawing_settings_documentation.md,221,213,/PabloSnchz/factorio-blueprint-visualizer/blob/master/examples/example_25.svg,184,175,/PabloSnchz/factorio-blueprint-visualizer/graphs/contributors,170,3,/PabloSnchz/factorio-blueprint-visualizer/tree/master/scripts,127,113,/PabloSnchz/factorio-blueprint-visualizer/blob/master/examples/random_0077.svg,106,102,/PabloSnchz/factorio-blueprint-visualizer/blob/master/examples/example_21.svg,103,98,/PabloSnchz/factorio-blueprint-visualizer/blob/master/examples/example_24.svg,101,89
2025-01-14,/PabloSnchz/factorio-blueprint-visualizer,18927,16423,/PabloSnchz/factorio-blueprint-visualizer/blob/master/examples/Rocket_Ship_1.jpg,812,752,/PabloSnchz/factorio-blueprint-visualizer/blob/master/examples/Rocket_Ship_1_Visualization.png,324,296,/PabloSnchz/factorio-blueprint-visualizer/blob/master/drawing_settings_documentation.md,226,217,/PabloSnchz/factorio-blueprint-visualizer/blob/master/examples/example_25.svg,185,176,/PabloSnchz/factorio-blueprint-visualizer/graphs/contributors,171,4,/PabloSnchz/factorio-blueprint-visualizer/tree/master/scripts,129,114,/PabloSnchz/factorio-blueprint-visualizer/blob/master/examples/random_0077.svg,108,104,/PabloSnchz/factorio-blueprint-visualizer/blob/master/examples/example_21.svg,103,98,/PabloSnchz/factorio-blueprint-visualizer/blob/master/examples/example_24.svg,103,91
2025-01-15,/PabloSnchz/factorio-blueprint-visualizer,19219,16747,/PabloSnchz/factorio-blueprint-visualizer/blob/master/examples/Rocket_Ship_1.jpg,819,760,/PabloSnchz/factorio-blueprint-visualizer/blob/master/examples/Rocket_Ship_1_Visualization.png,328,301,/PabloSnchz/factorio-blueprint-visualizer/blob/master/drawing_settings_documentation.md,229,219,/PabloSnchz/factorio-blueprint-visualizer/blob/master/examples/example_25.svg,187,178,/PabloSnchz/factorio-blueprint-visualizer/graphs/contributors,171,4,/PabloSnchz/factorio-blueprint-visualizer/tree/master/scripts,135,120,/PabloSnchz/factorio-blueprint-visualizer/blob/master/examples/random_0077.svg,109,105,/PabloSnchz/factorio-blueprint-visualizer/blob/master/examples/example_21.svg,104,99,/PabloSnchz/factorio-blueprint-visualizer/blob/master/examples/example_24.svg,103,91
2025-01-16,/PabloSnchz/factorio-blueprint-visualizer,19345,16750,/PabloSnchz/factorio-blueprint-visualizer/blob/master/examples/Rocket_Ship_1.jpg,820,761,/PabloSnchz/factorio-blueprint-visualizer/blob/master/examples/Rocket_Ship_1_Visualization.png,328,301,/PabloSnchz/factorio-blueprint-visualizer/blob/master/drawing_settings_documentation.md,236,226,/PabloSnchz/factorio-blueprint-visualizer/blob/master/examples/example_25.svg,188,179,/PabloSnchz/factorio-blueprint-visualizer/graphs/contributors,171,4,/PabloSnchz/factorio-blueprint-visualizer/tree/master/scripts,135,120,/PabloSnchz/factorio-blueprint-visualizer/blob/master/examples/random_0077.svg,110,106,/PabloSnchz/factorio-blueprint-visualizer/blob/master/examples/example_21.svg,106,100,/PabloSnchz/factorio-blueprint-visualizer/blob/master/examples/example_24.svg,105,93
2025-01-17,/PabloSnchz/factorio-blueprint-visualizer,19430,16825,/PabloSnchz/factorio-blueprint-visualizer/blob/master/examples/Rocket_Ship_1.jpg,822,763,/PabloSnchz/factorio-blueprint-visualizer/blob/master/examples/Rocket_Ship_1_Visualization.png,329,302,/PabloSnchz/factorio-blueprint-visualizer/blob/master/drawing_settings_documentation.md,239,229,/PabloSnchz/factorio-blueprint-visualizer/blob/master/examples/example_25.svg,189,180,/PabloSnchz/factorio-blueprint-visualizer/graphs/contributors,171,4,/PabloSnchz/factorio-blueprint-visualizer/tree/master/scripts,135,120,/PabloSnchz/factorio-blueprint-visualizer/blob/master/examples/random_0077.svg,111,107,/PabloSnchz/factorio-blueprint-visualizer/blob/master/examples/example_21.svg,107,101,/PabloSnchz/factorio-blueprint-visualizer/blob/master/examples/example_24.svg,105,93
2025-01-18,/PabloSnchz/factorio-blueprint-visualizer,19496,16885,/PabloSnchz/factorio-blueprint-visualizer/blob/master/examples/Rocket_Ship_1.jpg,824,764,/PabloSnchz/factorio-blueprint-visualizer/blob/master/examples/Rocket_Ship_1_Visualization.png,329,302,/PabloSnchz/factorio-blueprint-visualizer/blob/master/drawing_settings_documentation.md,244,233,/PabloSnchz/factorio-blueprint-visualizer/blob/master/examples/example_25.svg,189,180,/PabloSnchz/factorio-blueprint-visualizer/graphs/contributors,171,4,/PabloSnchz/factorio-blueprint-visualizer/tree/master/scripts,135,120,/PabloSnchz/factorio-blueprint-visualizer/blob/master/examples/random_0077.svg,112,108,/PabloSnchz/factorio-blueprint-visualizer/blob/master/examples/example_21.svg,107,101,/PabloSnchz/factorio-blueprint-visualizer/blob/master/examples/example_24.svg,105,93
2025-01-19,/PabloSnchz/factorio-blueprint-visualizer,19543,16925,/PabloSnchz/factorio-blueprint-visualizer/blob/master/examples/Rocket_Ship_1.jpg,824,764,/PabloSnchz/factorio-blueprint-visualizer/blob/master/examples/Rocket_Ship_1_Visualization.png,329,302,/PabloSnchz/factorio-blueprint-visualizer/blob/master/drawing_settings_documentation.md,246,236,/PabloSnchz/factorio-blueprint-visualizer/blob/master/examples/example_25.svg,189,180,/PabloSnchz/factorio-blueprint-visualizer/graphs/contributors,171,4,/PabloSnchz/factorio-blueprint-visualizer/tree/master/scripts,135,120,/PabloSnchz/factorio-blueprint-visualizer/blob/master/examples/random_0077.svg,112,108,/PabloSnchz/factorio-blueprint-visualizer/blob/master/examples/example_21.svg,107,101,/PabloSnchz/factorio-blueprint-visualizer/blob/master/examples/example_24.svg,105,93
2025-01-20,/PabloSnchz/factorio-blueprint-visualizer,19586,16978,/PabloSnchz/factorio-blueprint-visualizer/blob/master/examples/Rocket_Ship_1.jpg,824,764,/PabloSnchz/factorio-blueprint-visualizer/blob/master/examples/Rocket_Ship_1_Visualization.png,330,303,/PabloSnchz/factorio-blueprint-visualizer/blob/master/drawing_settings_documentation.md,246,236,/PabloSnchz/factorio-blueprint-visualizer/blob/master/examples/example_25.svg,189,180,/PabloSnchz/factorio-blueprint-visualizer/graphs/contributors,171,4,/PabloSnchz/factorio-blueprint-visualizer/tree/master/scripts,135,120,/PabloSnchz/factorio-blueprint-visualizer/blob/master/examples/random_0077.svg,112,108,/PabloSnchz/factorio-blueprint-visualizer/blob/master/examples/example_21.svg,107,101,/PabloSnchz/factorio-blueprint-visualizer/blob/master/examples/example_24.svg,105,93
2025-01-21,/PabloSnchz/factorio-blueprint-visualizer,19633,17055,/PabloSnchz/factorio-blueprint-visualizer/blob/master/examples/Rocket_Ship_1.jpg,825,765,/PabloSnchz/factorio-blueprint-visualizer/blob/master/examples/Rocket_Ship_1_Visualization.png,330,303,/PabloSnchz/factorio-blueprint-visualizer/blob/master/drawing_settings_documentation.md,248,238,/PabloSnchz/factorio-blueprint-visualizer/blob/master/examples/example_25.svg,191,181,/PabloSnchz/factorio-blueprint-visualizer/graphs/contributors,171,4,/PabloSnchz/factorio-blueprint-visualizer/tree/master/scripts,135,120,/PabloSnchz/factorio-blueprint-visualizer/blob/master/examples/random_0077.svg,112,108,/PabloSnchz/factorio-blueprint-visualizer/blob/master/examples/example_21.svg,107,101,/PabloSnchz/factorio-blueprint-visualizer/blob/master/examples/example_24.svg,105,93
2025-01-22,/PabloSnchz/factorio-blueprint-visualizer,19674,17096,/PabloSnchz/factorio-blueprint-visualizer/blob/master/examples/Rocket_Ship_1.jpg,825,765,/PabloSnchz/factorio-blueprint-visualizer/blob/master/examples/Rocket_Ship_1_Visualization.png,331,304,/PabloSnchz/factorio-blueprint-visualizer/blob/master/drawing_settings_documentation.md,248,240,/PabloSnchz/factorio-blueprint-visualizer/blob/master/examples/example_25.svg,191,181,/PabloSnchz/factorio-blueprint-visualizer/graphs/contributors,171,4,/PabloSnchz/factorio-blueprint-visualizer/tree/master/scripts,137,121,/PabloSnchz/factorio-blueprint-visualizer/blob/master/examples/random_0077.svg,112,108,/PabloSnchz/factorio-blueprint-visualizer/blob/master/examples/example_21.svg,107,101,/PabloSnchz/factorio-blueprint-visualizer/blob/master/examples/example_24.svg,105,93
2025-01-23,/PabloSnchz/factorio-blueprint-visualizer,6930,6422,/PabloSnchz/factorio-blueprint-visualizer/blob/master/examples/Rocket_Ship_1.jpg,260,238,/PabloSnchz/factorio-blueprint-visualizer/blob/master/drawing_settings_documentation.md,115,108,/PabloSnchz/factorio-blueprint-visualizer/blob/master/examples/Rocket_Ship_1_Visualization.png,94,88,/PabloSnchz/factorio-blueprint-visualizer/commit/c218c2b419f0923791970dafcefb02409286c335,63,61,/PabloSnchz/factorio-blueprint-visualizer/blob/master/examples/example_25.svg,59,56,/PabloSnchz/factorio-blueprint-visualizer/tree/master/scripts,45,37,/PabloSnchz/factorio-blueprint-visualizer/blob/master/examples/random_0077.svg,44,41,/PabloSnchz/factorio-blueprint-visualizer/tree/master/examples,32,31,/PabloSnchz/factorio-blueprint-visualizer/blob/master/examples/example_21.svg,30,28
2025-01-24,/PabloSnchz/factorio-blueprint-visualizer,2042,1791,/PabloSnchz/factorio-blueprint-visualizer/blob/master/examples/Rocket_Ship_1.jpg,63,54,/PabloSnchz/factorio-blueprint-visualizer/blob/master/drawing_settings_documentation.md,46,42,/PabloSnchz/factorio-blueprint-visualizer/commit/c218c2b419f0923791970dafcefb02409286c335,33,32,/PabloSnchz/factorio-blueprint-visualizer/blob/master/examples/Rocket_Ship_1_Visualization.png,28,26,/PabloSnchz/factorio-blueprint-visualizer/tree/master/scripts,21,17,/PabloSnchz/factorio-blueprint-visualizer/blob/master/examples/random_0077.svg,20,19,/PabloSnchz/factorio-blueprint-visualizer/blob/master/examples/example_25.svg,16,15,/PabloSnchz/factorio-blueprint-visualizer/tree/master/examples,15,14,/PabloSnchz/factorio-blueprint-visualizer/blob/master/README.md,15,2
2025-01-25,/PabloSnchz/factorio-blueprint-visualizer,1515,1287,/PabloSnchz/factorio-blueprint-visualizer/blob/master/examples/Rocket_Ship_1.jpg,40,38,/PabloSnchz/factorio-blueprint-visualizer/blob/master/drawing_settings_documentation.md,39,37,/PabloSnchz/factorio-blueprint-visualizer/commit/c218c2b419f0923791970dafcefb02409286c335,28,28,/PabloSnchz/factorio-blueprint-visualizer/blob/master/examples/Rocket_Ship_1_Visualization.png,15,14,/PabloSnchz/factorio-blueprint-visualizer/blob/master/README.md,15,2,/PabloSnchz/factorio-blueprint-visualizer/tree/master/scripts,13,11,/PabloSnchz/factorio-blueprint-visualizer/blob/master/examples/example_25.svg,12,11,/PabloSnchz/factorio-blueprint-visualizer/blob/master/examples/random_0077.svg,11,11,/PabloSnchz/factorio-blueprint-visualizer/blob/master/scripts/get_items.py,9,5
2025-01-26,/PabloSnchz/factorio-blueprint-visualizer,1289,1094,/PabloSnchz/factorio-blueprint-visualizer/blob/master/drawing_settings_documentation.md,36,34,/PabloSnchz/factorio-blueprint-visualizer/blob/master/examples/Rocket_Ship_1.jpg,28,28,/PabloSnchz/factorio-blueprint-visualizer/commit/c218c2b419f0923791970dafcefb02409286c335,27,27,/PabloSnchz/factorio-blueprint-visualizer/blob/master/README.md,13,2,/PabloSnchz/factorio-blueprint-visualizer/blob/master/examples/Rocket_Ship_1_Visualization.png,10,10,/PabloSnchz/factorio-blueprint-visualizer/tree/master/scripts,10,9,/PabloSnchz/factorio-blueprint-visualizer/tree/master/examples,9,9,/PabloSnchz/factorio-blueprint-visualizer/blob/master/examples/example_25.svg,9,8,/PabloSnchz/factorio-blueprint-visualizer/blob/master/scripts/get_items.py,9,5
2025-01-27,/PabloSnchz/factorio-blueprint-visualizer,919,751,/PabloSnchz/factorio-blueprint-visualizer/blob/master/drawing_settings_documentation.md,33,32,/PabloSnchz/factorio-blueprint-visualizer/blob/master/examples/Rocket_Ship_1.jpg,19,18,/PabloSnchz/factorio-blueprint-visualizer/blob/master/README.md,14,2,/PabloSnchz/factorio-blueprint-visualizer/commit/c218c2b419f0923791970dafcefb02409286c335,11,11,/PabloSnchz/factorio-blueprint-visualizer/blob/master/scripts/get_items.py,9,5,/PabloSnchz/factorio-blueprint-visualizer/blob/master/examples/Rocket_Ship_1_Visualization.png,8,8,/PabloSnchz/factorio-blueprint-visualizer/blob/master/examples/example_25.svg,8,7,/PabloSnchz/factorio-blueprint-visualizer/tree/master/scripts,8,7,/PabloSnchz/factorio-blueprint-visualizer/tree/master/examples,7,7
2025-01-28,/PabloSnchz/factorio-blueprint-visualizer,659,509,/PabloSnchz/factorio-blueprint-visualizer/blob/master/drawing_settings_documentation.md,30,29,/PabloSnchz/factorio-blueprint-visualizer/blob/master/README.md,14,2,/PabloSnchz/factorio-blueprint-visualizer/blob/master/examples/Rocket_Ship_1.jpg,12,11,/PabloSnchz/factorio-blueprint-visualizer/commit/c218c2b419f0923791970dafcefb02409286c335,10,10,/PabloSnchz/factorio-blueprint-visualizer/blob/master/examples/example_25.svg,6,5,/PabloSnchz/factorio-blueprint-visualizer/tree/master,5,3,/PabloSnchz/factorio-blueprint-visualizer/blob/master/examples/random_0077.svg,4,4,/PabloSnchz/factorio-blueprint-visualizer/blob/master/examples/Rocket_Ship_1_Visualization.png,4,4,/PabloSnchz/factorio-blueprint-visualizer/blob/master/scripts/get_items.py,4,3
2025-01-29,/PabloSnchz/factorio-blueprint-visualizer,553,417,/PabloSnchz/factorio-blueprint-visualizer/blob/master/drawing_settings_documentation.md,24,23,/PabloSnchz/factorio-blueprint-visualizer/blob/master/README.md,13,3,/PabloSnchz/factorio-blueprint-visualizer/blob/master/examples/Rocket_Ship_1.jpg,11,10,/PabloSnchz/factorio-blueprint-visualizer/commit/c218c2b419f0923791970dafcefb02409286c335,9,9,/PabloSnchz/factorio-blueprint-visualizer/blob/master/examples/example_25.svg,6,5,/PabloSnchz/factorio-blueprint-visualizer/blob/master/examples/Rocket_Ship_1_Visualization.png,4,4,/PabloSnchz/factorio-blueprint-visualizer/tree/master,4,2,/PabloSnchz/factorio-blueprint-visualizer/blob/master/examples/random_0077.svg,3,3,/PabloSnchz/factorio-blueprint-visualizer/tree/master/examples,3,3
2025-01-30,/PabloSnchz/factorio-blueprint-visualizer,482,362,/PabloSnchz/factorio-blueprint-visualizer/blob/master/drawing_settings_documentation.md,23,22,/PabloSnchz/factorio-blueprint-visualizer/blob/master/README.md,13,2,/PabloSnchz/factorio-blueprint-visualizer/blob/master/examples/Rocket_Ship_1.jpg,9,8,/PabloSnchz/factorio-blueprint-visualizer/commit/c218c2b419f0923791970dafcefb02409286c335,8,8,/PabloSnchz/factorio-blueprint-visualizer/blob/master/examples/example_25.svg,5,4,/PabloSnchz/factorio-blueprint-visualizer/tree/master,4,2,/PabloSnchz/factorio-blueprint-visualizer/blob/master/examples/Rocket_Ship_1_Visualization.png,3,3,/PabloSnchz/factorio-blueprint-visualizer/tree/master/examples,3,3,/PabloSnchz/factorio-blueprint-visualizer/blob/master/examples/random_0077.svg,2,2
2025-01-31,/PabloSnchz/factorio-blueprint-visualizer,426,326,/PabloSnchz/factorio-blueprint-visualizer/blob/master/drawing_settings_documentation.md,18,18,/PabloSnchz/factorio-blueprint-visualizer/blob/master/README.md,13,2,/PabloSnchz/factorio-blueprint-visualizer/commit/c218c2b419f0923791970dafcefb02409286c335,7,7,/PabloSnchz/factorio-blueprint-visualizer/blob/master/examples/Rocket_Ship_1.jpg,7,6,/PabloSnchz/factorio-blueprint-visualizer/blob/master/examples/example_25.svg,5,4,/PabloSnchz/factorio-blueprint-visualizer/tree/master,4,2,/PabloSnchz/factorio-blueprint-visualizer/blob/master/examples/Rocket_Ship_1_Visualization.png,3,3,/PabloSnchz/factorio-blueprint-visualizer/tree/master/examples,3,3,/PabloSnchz/factorio-blueprint-visualizer/blob/master/examples/random_0150.svg,2,1
2025-02-01,/PabloSnchz/factorio-blueprint-visualizer,403,311,/PabloSnchz/factorio-blueprint-visualizer/blob/master/drawing_settings_documentation.md,19,18,/PabloSnchz/factorio-blueprint-visualizer/blob/master/README.md,16,4,/PabloSnchz/factorio-blueprint-visualizer/blob/master/examples/Rocket_Ship_1.jpg,8,7,/PabloSnchz/factorio-blueprint-visualizer/commit/c218c2b419f0923791970dafcefb02409286c335,7,7,/PabloSnchz/factorio-blueprint-visualizer/blob/master/examples/example_25.svg,5,4,/PabloSnchz/factorio-blueprint-visualizer/tree/master,5,3,/PabloSnchz/factorio-blueprint-visualizer/blob/master/website/blueprintVisualizer.js,5,2,/PabloSnchz/factorio-blueprint-visualizer/blob/master/website/startExampleBlueprintString.js,5,2,/PabloSnchz/factorio-blueprint-visualizer/tree/master/examples,4,4
2025-02-02,/PabloSnchz/factorio-blueprint-visualizer,365,280,/PabloSnchz/factorio-blueprint-visualizer/blob/master/drawing_settings_documentation.md,19,18,/PabloSnchz/factorio-blueprint-visualizer/blob/master/README.md,16,4,/PabloSnchz/factorio-blueprint-visualizer/blob/master/examples/Rocket_Ship_1.jpg,9,8,/PabloSnchz/factorio-blueprint-visualizer/commit/c218c2b419f0923791970dafcefb02409286c335,7,7,/PabloSnchz/factorio-blueprint-visualizer/blob/master/examples/example_25.svg,5,4,/PabloSnchz/factorio-blueprint-visualizer/tree/master,5,3,/PabloSnchz/factorio-blueprint-visualizer/blob/master/website/blueprintVisualizer.js,5,2,/PabloSnchz/factorio-blueprint-visualizer/blob/master/website/startExampleBlueprintString.js,5,2,/PabloSnchz/factorio-blueprint-visualizer/tree/master/examples,4,4
2025-02-03,/PabloSnchz/factorio-blueprint-visualizer,325,251,/PabloSnchz/factorio-blueprint-visualizer/blob/master/drawing_settings_documentation.md,17,16,/PabloSnchz/factorio-blueprint-visualizer/blob/master/README.md,16,4,/PabloSnchz/factorio-blueprint-visualizer/blob/master/examples/Rocket_Ship_1.jpg,8,7,/PabloSnchz/factorio-blueprint-visualizer/commit/c218c2b419f0923791970dafcefb02409286c335,6,6,/PabloSnchz/factorio-blueprint-visualizer/tree/master,5,3,/PabloSnchz/factorio-blueprint-visualizer/blob/master/website/blueprintVisualizer.js,5,2,/PabloSnchz/factorio-blueprint-visualizer/blob/master/website/startExampleBlueprintString.js,5,2,/PabloSnchz/factorio-blueprint-visualizer/tree/master/examples,4,4,/PabloSnchz/factorio-blueprint-visualizer/blob/master/website/drawingSettings.js,4,2
2025-02-04,/PabloSnchz/factorio-blueprint-visualizer,291,217,/PabloSnchz/factorio-blueprint-visualizer/blob/master/README.md,16,4,/PabloSnchz/factorio-blueprint-visualizer/blob/master/drawing_settings_documentation.md,13,12,/PabloSnchz/factorio-blueprint-visualizer/blob/master/examples/Rocket_Ship_1.jpg,8,7,/PabloSnchz/factorio-blueprint-visualizer/blob/master/website/blueprintVisualizer.js,6,3,/PabloSnchz/factorio-blueprint-visualizer/blob/master/website/startExampleBlueprintString.js,6,3,/PabloSnchz/factorio-blueprint-visualizer/tree/master/examples,5,5,/PabloSnchz/factorio-blueprint-visualizer/blob/master/website/drawingSettings.js,5,3,/PabloSnchz/factorio-blueprint-visualizer/blob/master/website/entityProperties.js,5,3,/PabloSnchz/factorio-blueprint-visualizer/blob/master/website/index.css,5,3
2025-02-05,/PabloSnchz/factorio-blueprint-visualizer,293,217,/PabloSnchz/factorio-blueprint-visualizer/blob/master/README.md,16,4,/PabloSnchz/factorio-blueprint-visualizer/blob/master/drawing_settings_documentation.md,13,12,/PabloSnchz/factorio-blueprint-visualizer/blob/master/website/blueprintVisualizer.js,8,3,/PabloSnchz/factorio-blueprint-visualizer/blob/master/examples/Rocket_Ship_1.jpg,6,5,/PabloSnchz/factorio-blueprint-visualizer/blob/master/website/startExampleBlueprintString.js,6,3,/PabloSnchz/factorio-blueprint-visualizer/blob/master/website/drawingSettings.js,5,3,/PabloSnchz/factorio-blueprint-visualizer/blob/master/website/entityProperties.js,5,3,/PabloSnchz/factorio-blueprint-visualizer/blob/master/website/index.css,5,3,/PabloSnchz/factorio-blueprint-visualizer/tree/master,5,3
2025-02-06,/PabloSnchz/factorio-blueprint-visualizer,273,204,/PabloSnchz/factorio-blueprint-visualizer/blob/master/README.md,17,4,/PabloSnchz/factorio-blueprint-visualizer/blob/master/drawing_settings_documentation.md,12,11,/PabloSnchz/factorio-blueprint-visualizer/blob/master/website/blueprintVisualizer.js,8,3,/PabloSnchz/factorio-blueprint-visualizer/blob/master/examples/Rocket_Ship_1.jpg,7,5,/PabloSnchz/factorio-blueprint-visualizer/blob/master/website/startExampleBlueprintString.js,6,3,/PabloSnchz/factorio-blueprint-visualizer/blob/master/scripts/get_items.py,5,3,/PabloSnchz/factorio-blueprint-visualizer/blob/master/website/drawingSettings.js,5,3,/PabloSnchz/factorio-blueprint-visualizer/blob/master/website/entityProperties.js,5,3,/PabloSnchz/factorio-blueprint-visualizer/blob/master/website/index.css,5,3
2025-02-07,/PabloSnchz/factorio-blueprint-visualizer,262,198,/PabloSnchz/factorio-blueprint-visualizer/blob/master/README.md,18,4,/PabloSnchz/factorio-blueprint-visualizer/blob/master/drawing_settings_documentation.md,11,10,/PabloSnchz/factorio-blueprint-visualizer/blob/master/website/blueprintVisualizer.js,8,3,/PabloSnchz/factorio-blueprint-visualizer/blob/master/examples/Rocket_Ship_1.jpg,7,5,/PabloSnchz/factorio-blueprint-visualizer/blob/master/website/startExampleBlueprintString.js,6,3,/PabloSnchz/factorio-blueprint-visualizer/commit/c218c2b419f0923791970dafcefb02409286c335,5,4,/PabloSnchz/factorio-blueprint-visualizer/blob/master/scripts/get_items.py,5,3,/PabloSnchz/factorio-blueprint-visualizer/blob/master/website/drawingSettings.js,5,3,/PabloSnchz/factorio-blueprint-visualizer/blob/master/website/entityProperties.js,5,3
2025-02-08,/PabloSnchz/factorio-blueprint-visualizer,246,187,/PabloSnchz/factorio-blueprint-visualizer/blob/master/README.md,19,4,/PabloSnchz/factorio-blueprint-visualizer/blob/master/drawing_settings_documentation.md,12,11,/PabloSnchz/factorio-blueprint-visualizer/blob/master/website/blueprintVisualizer.js,8,3,/PabloSnchz/factorio-blueprint-visualizer/blob/master/examples/Rocket_Ship_1.jpg,6,4,/PabloSnchz/factorio-blueprint-visualizer/blob/master/website/startExampleBlueprintString.js,6,3,/PabloSnchz/factorio-blueprint-visualizer/blob/master/scripts/get_items.py,5,3,/PabloSnchz/factorio-blueprint-visualizer/blob/master/website/drawingSettings.js,5,3,/PabloSnchz/factorio-blueprint-visualizer/blob/master/website/entityProperties.js,5,3,/PabloSnchz/factorio-blueprint-visualizer/blob/master/website/index.css,5,3
2025-02-09,/PabloSnchz/factorio-blueprint-visualizer,234,179,/PabloSnchz/factorio-blueprint-visualizer/blob/master/README.md,18,4,/PabloSnchz/factorio-blueprint-visualizer/blob/master/drawing_settings_documentation.md,12,11,/PabloSnchz/factorio-blueprint-visualizer/blob/master/website/blueprintVisualizer.js,8,3,/PabloSnchz/factorio-blueprint-visualizer/blob/master/examples/Rocket_Ship_1.jpg,7,6,/PabloSnchz/factorio-blueprint-visualizer/blob/master/website/startExampleBlueprintString.js,6,3,/PabloSnchz/factorio-blueprint-visualizer/blob/master/scripts/get_items.py,5,3,/PabloSnchz/factorio-blueprint-visualizer/blob/master/website/drawingSettings.js,5,3,/PabloSnchz/factorio-blueprint-visualizer/blob/master/website/entityProperties.js,5,3,/PabloSnchz/factorio-blueprint-visualizer/blob/master/website/index.css,5,3
2025-02-10,/PabloSnchz/factorio-blueprint-visualizer,204,162,/PabloSnchz/factorio-blueprint-visualizer/blob/master/README.md,17,3,/PabloSnchz/factorio-blueprint-visualizer/blob/master/drawing_settings_documentation.md,14,13,/PabloSnchz/factorio-blueprint-visualizer/blob/master/website/blueprintVisualizer.js,8,3,/PabloSnchz/factorio-blueprint-visualizer/blob/master/examples/Rocket_Ship_1.jpg,7,6,/PabloSnchz/factorio-blueprint-visualizer/blob/master/website/startExampleBlueprintString.js,6,3,/PabloSnchz/factorio-blueprint-visualizer/blob/master/scripts/get_items.py,5,3,/PabloSnchz/factorio-blueprint-visualizer/blob/master/website/drawingSettings.js,5,3,/PabloSnchz/factorio-blueprint-visualizer/blob/master/website/entityProperties.js,5,3,/PabloSnchz/factorio-blueprint-visualizer/blob/master/website/index.css,5,3
2025-02-11,/PabloSnchz/factorio-blueprint-visualizer,201,161,/PabloSnchz/factorio-blueprint-visualizer/blob/master/README.md,16,3,/PabloSnchz/factorio-blueprint-visualizer/blob/master/drawing_settings_documentation.md,13,12,/PabloSnchz/factorio-blueprint-visualizer/blob/master/website/blueprintVisualizer.js,8,3,/PabloSnchz/factorio-blueprint-visualizer/blob/master/examples/Rocket_Ship_1.jpg,7,6,/PabloSnchz/factorio-blueprint-visualizer/blob/master/website/startExampleBlueprintString.js,6,3,/PabloSnchz/factorio-blueprint-visualizer/blob/master/scripts/get_items.py,5,3,/PabloSnchz/factorio-blueprint-visualizer/blob/master/website/drawingSettings.js,5,3,/PabloSnchz/factorio-blueprint-visualizer/blob/master/website/entityProperties.js,5,3,/PabloSnchz/factorio-blueprint-visualizer/blob/master/website/index.css,5,3
2025-02-12,/PabloSnchz/factorio-blueprint-visualizer,183,149,/PabloSnchz/factorio-blueprint-visualizer/blob/master/README.md,15,3,/PabloSnchz/factorio-blueprint-visualizer/blob/master/drawing_settings_documentation.md,11,10,/PabloSnchz/factorio-blueprint-visualizer/blob/master/website/blueprintVisualizer.js,8,3,/PabloSnchz/factorio-blueprint-visualizer/blob/master/examples/Rocket_Ship_1.jpg,7,6,/PabloSnchz/factorio-blueprint-visualizer/blob/master/website/startExampleBlueprintString.js,6,3,/PabloSnchz/factorio-blueprint-visualizer/blob/master/scripts/get_items.py,5,3,/PabloSnchz/factorio-blueprint-visualizer/blob/master/website/drawingSettings.js,5,3,/PabloSnchz/factorio-blueprint-visualizer/blob/master/website/entityProperties.js,5,3,/PabloSnchz/factorio-blueprint-visualizer/blob/master/website/index.css,5,3
2025-02-13,/PabloSnchz/factorio-blueprint-visualizer,187,149,/PabloSnchz/factorio-blueprint-visualizer/blob/master/README.md,17,3,/PabloSnchz/factorio-blueprint-visualizer/blob/master/drawing_settings_documentation.md,11,10,/PabloSnchz/factorio-blueprint-visualizer/blob/master/examples/Rocket_Ship_1.jpg,8,7,/PabloSnchz/factorio-blueprint-visualizer/blob/master/website/blueprintVisualizer.js,8,3,/PabloSnchz/factorio-blueprint-visualizer/blob/master/website/startExampleBlueprintString.js,6,3,/PabloSnchz/factorio-blueprint-visualizer/blob/master/scripts/get_items.py,5,3,/PabloSnchz/factorio-blueprint-visualizer/blob/master/website/drawingSettings.js,5,3,/PabloSnchz/factorio-blueprint-visualizer/blob/master/website/entityProperties.js,5,3,/PabloSnchz/factorio-blueprint-visualizer/blob/master/website/index.css,5,3
2025-02-14,/PabloSnchz/factorio-blueprint-visualizer,178,142,/PabloSnchz/factorio-blueprint-visualizer/blob/master/README.md,14,1,/PabloSnchz/factorio-blueprint-visualizer/blob/master/drawing_settings_documentation.md,8,8,/PabloSnchz/factorio-blueprint-visualizer/blob/master/examples/Rocket_Ship_1.jpg,8,7,/PabloSnchz/factorio-blueprint-visualizer/blob/master/examples/Rocket_Ship_1_Visualization.png,5,5,/PabloSnchz/factorio-blueprint-visualizer/commit/c218c2b419f0923791970dafcefb02409286c335,5,4,/PabloSnchz/factorio-blueprint-visualizer/tree/master/examples,4,3,/PabloSnchz/factorio-blueprint-visualizer/blob/207b187b4a7211b507a69a79806a1baed696d29e/drawing_settings_documentation.md,4,1,/PabloSnchz/factorio-blueprint-visualizer/tree/master/scripts,3,3,/PabloSnchz/factorio-blueprint-visualizer/blob/master/scripts/download_factorio_raw_data.py,3,2
2025-02-15,/PabloSnchz/factorio-blueprint-visualizer,184,146,/PabloSnchz/factorio-blueprint-visualizer/blob/master/README.md,33,1,/PabloSnchz/factorio-blueprint-visualizer/blob/master/drawing_settings_documentation.md,10,10,/PabloSnchz/factorio-blueprint-visualizer/blob/master/examples/Rocket_Ship_1.jpg,8,7,/PabloSnchz/factorio-blueprint-visualizer/commit/c218c2b419f0923791970dafcefb02409286c335,5,4,/PabloSnchz/factorio-blueprint-visualizer/blob/master/examples/Rocket_Ship_1_Visualization.png,4,4,/PabloSnchz/factorio-blueprint-visualizer/tree/master/examples,4,3,/PabloSnchz/factorio-blueprint-visualizer/blob/207b187b4a7211b507a69a79806a1baed696d29e/drawing_settings_documentation.md,4,1,/PabloSnchz/factorio-blueprint-visualizer/tree/master/scripts,3,3,/PabloSnchz/factorio-blueprint-visualizer/blob/master/scripts/download_factorio_raw_data.py,3,2
2025-02-16,/PabloSnchz/factorio-blueprint-visualizer,182,144,/PabloSnchz/factorio-blueprint-visualizer/blob/master/README.md,52,1,/PabloSnchz/factorio-blueprint-visualizer/blob/master/drawing_settings_documentation.md,11,11,/PabloSnchz/factorio-blueprint-visualizer/blob/master/examples/Rocket_Ship_1.jpg,8,7,/PabloSnchz/factorio-blueprint-visualizer/commit/c218c2b419f0923791970dafcefb02409286c335,5,4,/PabloSnchz/factorio-blueprint-visualizer/blob/master/examples/Rocket_Ship_1_Visualization.png,4,4,/PabloSnchz/factorio-blueprint-visualizer/tree/master/examples,4,3,/PabloSnchz/factorio-blueprint-visualizer/blob/207b187b4a7211b507a69a79806a1baed696d29e/drawing_settings_documentation.md,4,1,/PabloSnchz/factorio-blueprint-visualizer/tree/master/scripts,3,3,/PabloSnchz/factorio-blueprint-visualizer/blob/master/scripts/download_factorio_raw_data.py,3,2
2025-02-17,/PabloSnchz/factorio-blueprint-visualizer,169,136,/PabloSnchz/factorio-blueprint-visualizer/blob/master/README.md,69,1,/PabloSnchz/factorio-blueprint-visualizer/blob/master/drawing_settings_documentation.md,12,12,/PabloSnchz/factorio-blueprint-visualizer/blob/master/examples/Rocket_Ship_1.jpg,8,7,/PabloSnchz/factorio-blueprint-visualizer/blob/master/examples/Rocket_Ship_1_Visualization.png,4,4,/PabloSnchz/factorio-blueprint-visualizer/commit/c218c2b419f0923791970dafcefb02409286c335,4,3,/PabloSnchz/factorio-blueprint-visualizer/blob/207b187b4a7211b507a69a79806a1baed696d29e/drawing_settings_documentation.md,4,1,/PabloSnchz/factorio-blueprint-visualizer/tree/master/examples,3,2,/PabloSnchz/factorio-blueprint-visualizer/actions,2,2,/PabloSnchz/factorio-blueprint-visualizer/blob/master/examples/example_25.svg,2,2
2025-02-18,/PabloSnchz/factorio-blueprint-visualizer,174,143,/PabloSnchz/factorio-blueprint-visualizer/blob/master/README.md,68,1,/PabloSnchz/factorio-blueprint-visualizer/blob/master/drawing_settings_documentation.md,12,12,/PabloSnchz/factorio-blueprint-visualizer/blob/master/examples/Rocket_Ship_1.jpg,9,8,/PabloSnchz/factorio-blueprint-visualizer/commit/c218c2b419f0923791970dafcefb02409286c335,4,3,/PabloSnchz/factorio-blueprint-visualizer/tree/master/examples,4,3,/PabloSnchz/factorio-blueprint-visualizer/blob/207b187b4a7211b507a69a79806a1baed696d29e/drawing_settings_documentation.md,4,1,/PabloSnchz/factorio-blueprint-visualizer/blob/master/examples/Rocket_Ship_1_Visualization.png,3,3,/PabloSnchz/factorio-blueprint-visualizer/tree/master/scripts,3,3,/PabloSnchz/factorio-blueprint-visualizer/actions,2,2
2025-02-19,/PabloSnchz/factorio-blueprint-visualizer,169,145,/PabloSnchz/factorio-blueprint-visualizer/blob/master/README.md,66,1,/PabloSnchz/factorio-blueprint-visualizer/blob/master/drawing_settings_documentation.md,12,12,/PabloSnchz/factorio-blueprint-visualizer/blob/master/examples/Rocket_Ship_1.jpg,8,8,/PabloSnchz/factorio-blueprint-visualizer/commit/c218c2b419f0923791970dafcefb02409286c335,4,3,/PabloSnchz/factorio-blueprint-visualizer/tree/master/examples,4,3,/PabloSnchz/factorio-blueprint-visualizer/blob/207b187b4a7211b507a69a79806a1baed696d29e/drawing_settings_documentation.md,4,1,/PabloSnchz/factorio-blueprint-visualizer/tree/master,3,2,/PabloSnchz/factorio-blueprint-visualizer/actions,2,2,/PabloSnchz/factorio-blueprint-visualizer/blob/master/examples/random_0077.svg,2,2
2025-02-20,/PabloSnchz/factorio-blueprint-visualizer,174,150,/PabloSnchz/factorio-blueprint-visualizer/blob/master/README.md,64,1,/PabloSnchz/factorio-blueprint-visualizer/blob/master/drawing_settings_documentation.md,13,13,/PabloSnchz/factorio-blueprint-visualizer/blob/master/examples/Rocket_Ship_1.jpg,8,8,/PabloSnchz/factorio-blueprint-visualizer/tree/master/examples,4,3,/PabloSnchz/factorio-blueprint-visualizer/blob/master/examples/random_0077.svg,2,2,/PabloSnchz/factorio-blueprint-visualizer/blob/master/examples/Rocket_Ship_1_Visualization.png,2,2,/PabloSnchz/factorio-blueprint-visualizer/blob/master/test_blueprints/Heatpipes.jpg,2,2,/PabloSnchz/factorio-blueprint-visualizer/commit/c218c2b419f0923791970dafcefb02409286c335,2,2,/PabloSnchz/factorio-blueprint-visualizer/tree/master/scripts,2,2
2025-02-21,/PabloSnchz/factorio-blueprint-visualizer,173,149,/PabloSnchz/factorio-blueprint-visualizer/blob/master/README.md,63,1,/PabloSnchz/factorio-blueprint-visualizer/blob/master/drawing_settings_documentation.md,13,13,/PabloSnchz/factorio-blueprint-visualizer/blob/master/examples/Rocket_Ship_1.jpg,8,8,/PabloSnchz/factorio-blueprint-visualizer/tree/master/examples,4,3,/PabloSnchz/factorio-blueprint-visualizer/blob/master/examples/random_0077.svg,2,2,/PabloSnchz/factorio-blueprint-visualizer/blob/master/examples/Rocket_Ship_1_Visualization.png,2,2,/PabloSnchz/factorio-blueprint-visualizer/blob/master/test_blueprints/Heatpipes.jpg,2,2,/PabloSnchz/factorio-blueprint-visualizer/commit/c218c2b419f0923791970dafcefb02409286c335,2,2,/PabloSnchz/factorio-blueprint-visualizer/tree/master/scripts,2,2
2025-02-22,/PabloSnchz/factorio-blueprint-visualizer,165,142,/PabloSnchz/factorio-blueprint-visualizer/blob/master/README.md,63,1,/PabloSnchz/factorio-blueprint-visualizer/blob/master/drawing_settings_documentation.md,11,11,/PabloSnchz/factorio-blueprint-visualizer/blob/master/examples/Rocket_Ship_1.jpg,5,5,/PabloSnchz/factorio-blueprint-visualizer/tree/master/examples,4,3,/PabloSnchz/factorio-blueprint-visualizer/blob/master/examples/random_0077.svg,2,2,/PabloSnchz/factorio-blueprint-visualizer/blob/master/test_blueprints/Heatpipes.jpg,2,2,/PabloSnchz/factorio-blueprint-visualizer/commit/c218c2b419f0923791970dafcefb02409286c335,2,2,/PabloSnchz/factorio-blueprint-visualizer/tree/master/scripts,2,2,/PabloSnchz/factorio-blueprint-visualizer/tree/master/test_blueprints,2,2
2025-02-23,/PabloSnchz/factorio-blueprint-visualizer,166,142,/PabloSnchz/factorio-blueprint-visualizer/blob/master/README.md,63,1,/PabloSnchz/factorio-blueprint-visualizer/blob/master/drawing_settings_documentation.md,9,9,/PabloSnchz/factorio-blueprint-visualizer/blob/master/examples/Rocket_Ship_1.jpg,5,5,/PabloSnchz/factorio-blueprint-visualizer/tree/master/examples,4,3,/PabloSnchz/factorio-blueprint-visualizer/blob/master/examples/random_0077.svg,2,2,/PabloSnchz/factorio-blueprint-visualizer/blob/master/test_blueprints/Heatpipes.jpg,2,2,/PabloSnchz/factorio-blueprint-visualizer/commit/c218c2b419f0923791970dafcefb02409286c335,2,2,/PabloSnchz/factorio-blueprint-visualizer/tree/master/scripts,2,2,/PabloSnchz/factorio-blueprint-visualizer/tree/master/test_blueprints,2,2
2025-02-24,/PabloSnchz/factorio-blueprint-visualizer,155,136,/PabloSnchz/factorio-blueprint-visualizer/blob/master/README.md,63,1,/PabloSnchz/factorio-blueprint-visualizer/blob/master/drawing_settings_documentation.md,11,11,/PabloSnchz/factorio-blueprint-visualizer/blob/master/examples/Rocket_Ship_1.jpg,6,6,/PabloSnchz/factorio-blueprint-visualizer/tree/master/examples,4,3,/PabloSnchz/factorio-blueprint-visualizer/blob/master/examples/random_0077.svg,3,3,/PabloSnchz/factorio-blueprint-visualizer/blob/master/test_blueprints/Heatpipes.jpg,2,2,/PabloSnchz/factorio-blueprint-visualizer/commit/c218c2b419f0923791970dafcefb02409286c335,2,2,/PabloSnchz/factorio-blueprint-visualizer/tree/master/scripts,2,2,/PabloSnchz/factorio-blueprint-visualizer/tree/master/test_blueprints,2,2
2025-02-25,/PabloSnchz/factorio-blueprint-visualizer,148,131,/PabloSnchz/factorio-blueprint-visualizer/blob/master/README.md,63,1,/PabloSnchz/factorio-blueprint-visualizer/blob/master/drawing_settings_documentation.md,12,12,/PabloSnchz/factorio-blueprint-visualizer/blob/master/examples/Rocket_Ship_1.jpg,5,5,/PabloSnchz/factorio-blueprint-visualizer/blob/master/examples/random_0077.svg,4,4,/PabloSnchz/factorio-blueprint-visualizer/tree/master/examples,3,3,/PabloSnchz/factorio-blueprint-visualizer/blob/master/examples/example_25.svg,2,2,/PabloSnchz/factorio-blueprint-visualizer/blob/master/test_blueprints/Heatpipes.jpg,2,2,/PabloSnchz/factorio-blueprint-visualizer/tree/master/scripts,2,2,/PabloSnchz/factorio-blueprint-visualizer/tree/master/test_blueprints,2,2
2025-02-26,/PabloSnchz/factorio-blueprint-visualizer,144,128,/PabloSnchz/factorio-blueprint-visualizer/blob/master/README.md,63,1,/PabloSnchz/factorio-blueprint-visualizer/blob/master/drawing_settings_documentation.md,12,12,/PabloSnchz/factorio-blueprint-visualizer/blob/master/examples/random_0077.svg,4,4,/PabloSnchz/factorio-blueprint-visualizer/blob/master/examples/Rocket_Ship_1.jpg,4,4,/PabloSnchz/factorio-blueprint-visualizer/blob/master/examples/example_25.svg,2,2,/PabloSnchz/factorio-blueprint-visualizer/blob/master/test_blueprints/Heatpipes.jpg,2,2,/PabloSnchz/factorio-blueprint-visualizer/tree/master/examples,2,2,/PabloSnchz/factorio-blueprint-visualizer/tree/master/scripts,2,2,/PabloSnchz/factorio-blueprint-visualizer/tree/master/test_blueprints,2,2
2025-02-27,/PabloSnchz/factorio-blueprint-visualizer,149,134,/PabloSnchz/factorio-blueprint-visualizer/blob/master/README.md,58,1,/PabloSnchz/factorio-blueprint-visualizer/blob/master/drawing_settings_documentation.md,14,14,/PabloSnchz/factorio-blueprint-visualizer/blob/master/examples/random_0077.svg,4,4,/PabloSnchz/factorio-blueprint-visualizer/blob/master/examples/Rocket_Ship_1.jpg,4,4,/PabloSnchz/factorio-blueprint-visualizer/blob/master/examples/example_25.svg,2,2,/PabloSnchz/factorio-blueprint-visualizer/blob/master/test_blueprints/Heatpipes.jpg,2,2,/PabloSnchz/factorio-blueprint-visualizer/tree/master/examples,2,2,/PabloSnchz/factorio-blueprint-visualizer/tree/master/scripts,2,2,/PabloSnchz/factorio-blueprint-visualizer/tree/master/test_blueprints,2,2
2025-02-28,/PabloSnchz/factorio-blueprint-visualizer,148,132,/PabloSnchz/factorio-blueprint-visualizer/blob/master/README.md,38,1,/PabloSnchz/factorio-blueprint-visualizer/blob/master/drawing_settings_documentation.md,13,13,/PabloSnchz/factorio-blueprint-visualizer/blob/master/examples/random_0077.svg,3,3,/PabloSnchz/factorio-blueprint-visualizer/blob/master/examples/Rocket_Ship_1.jpg,3,3,/PabloSnchz/factorio-blueprint-visualizer/tree/master,3,2,/PabloSnchz/factorio-blueprint-visualizer/blob/master/test_blueprints/Heatpipes.jpg,2,2,/PabloSnchz/factorio-blueprint-visualizer/tree/master/examples,2,2,/PabloSnchz/factorio-blueprint-visualizer/tree/master/scripts,2,2,/PabloSnchz/factorio-blueprint-visualizer/tree/master/test_blueprints,2,2
2025-03-01,/PabloSnchz/factorio-blueprint-visualizer,153,140,/PabloSnchz/factorio-blueprint-visualizer/blob/master/README.md,18,1,/PabloSnchz/factorio-blueprint-visualizer/blob/master/drawing_settings_documentation.md,13,13,/PabloSnchz/factorio-blueprint-visualizer/blob/master/examples/random_0077.svg,3,3,/PabloSnchz/factorio-blueprint-visualizer/blob/master/examples/Rocket_Ship_1.jpg,3,3,/PabloSnchz/factorio-blueprint-visualizer/tree/master,3,2,/PabloSnchz/factorio-blueprint-visualizer/blob/master/test_blueprints/Heatpipes.jpg,2,2,/PabloSnchz/factorio-blueprint-visualizer/tree/master/examples,2,2,/PabloSnchz/factorio-blueprint-visualizer/tree/master/scripts,2,2,/PabloSnchz/factorio-blueprint-visualizer/tree/master/test_blueprints,2,2
2025-03-02,/PabloSnchz/factorio-blueprint-visualizer,149,138,/PabloSnchz/factorio-blueprint-visualizer/blob/master/drawing_settings_documentation.md,13,13,/PabloSnchz/factorio-blueprint-visualizer/blob/master/examples/random_0077.svg,3,3,/PabloSnchz/factorio-blueprint-visualizer/blob/master/examples/Rocket_Ship_1.jpg,3,3,/PabloSnchz/factorio-blueprint-visualizer/tree/master/examples,3,3,/PabloSnchz/factorio-blueprint-visualizer/tree/master,3,2,/PabloSnchz/factorio-blueprint-visualizer/blob/master/test_blueprints/Heatpipes.jpg,2,2,/PabloSnchz/factorio-blueprint-visualizer/tree/master/scripts,2,2,/PabloSnchz/factorio-blueprint-visualizer/tree/master/test_blueprints,2,2,/PabloSnchz/factorio-blueprint-visualizer/tree/master/website,2,2
2025-03-03,/PabloSnchz/factorio-blueprint-visualizer,120,110,/PabloSnchz/factorio-blueprint-visualizer/blob/master/drawing_settings_documentation.md,12,12,/PabloSnchz/factorio-blueprint-visualizer/blob/master/examples/random_0077.svg,3,3,/PabloSnchz/factorio-blueprint-visualizer/blob/master/examples/Rocket_Ship_1.jpg,3,3,/PabloSnchz/factorio-blueprint-visualizer/tree/master,3,2,/PabloSnchz/factorio-blueprint-visualizer/blob/master/examples/Rocket_Ship_1_Visualization.png,2,2,/PabloSnchz/factorio-blueprint-visualizer/tree/master/examples,2,2,/PabloSnchz/factorio-blueprint-visualizer/blob/master/examples/example_10.svg,2,1,/PabloSnchz/factorio-blueprint-visualizer/blob/master/examples/example_25.svg,1,1,/PabloSnchz/factorio-blueprint-visualizer/blob/master/index.html,1,1
2025-03-04,/PabloSnchz/factorio-blueprint-visualizer,114,100,/PabloSnchz/factorio-blueprint-visualizer/blob/master/drawing_settings_documentation.md,12,12,/PabloSnchz/factorio-blueprint-visualizer/blob/master/examples/Rocket_Ship_1.jpg,3,3,/PabloSnchz/factorio-blueprint-visualizer/blob/master/examples/Rocket_Ship_1_Visualization.png,3,3,/PabloSnchz/factorio-blueprint-visualizer/blob/master/examples/random_0077.svg,2,2,/PabloSnchz/factorio-blueprint-visualizer/blob/master/examples/example_25.svg,1,1,/PabloSnchz/factorio-blueprint-visualizer/blob/master/index.html,1,1,/PabloSnchz/factorio-blueprint-visualizer/tree/master,1,1,/PabloSnchz/factorio-blueprint-visualizer/tree/master/examples,1,1,,,
2025-03-05,/PabloSnchz/factorio-blueprint-visualizer,101,89,/PabloSnchz/factorio-blueprint-visualizer/blob/master/drawing_settings_documentation.md,11,11,/PabloSnchz/factorio-blueprint-visualizer/blob/master/examples/Rocket_Ship_1.jpg,3,3,/PabloSnchz/factorio-blueprint-visualizer/blob/master/examples/Rocket_Ship_1_Visualization.png,3,3,/PabloSnchz/factorio-blueprint-visualizer/blob/master/examples/random_0077.svg,2,2,/PabloSnchz/factorio-blueprint-visualizer/blob/master/examples/example_25.svg,1,1,/PabloSnchz/factorio-blueprint-visualizer/blob/master/index.html,1,1,/PabloSnchz/factorio-blueprint-visualizer/tree/master,1,1,/PabloSnchz/factorio-blueprint-visualizer/tree/master/examples,1,1,,,
2025-03-06,/PabloSnchz/factorio-blueprint-visualizer,100,87,/PabloSnchz/factorio-blueprint-visualizer/blob/master/drawing_settings_documentation.md,12,12,/PabloSnchz/factorio-blueprint-visualizer/blob/master/examples/Rocket_Ship_1.jpg,4,4,/PabloSnchz/factorio-blueprint-visualizer/blob/master/examples/Rocket_Ship_1_Visualization.png,3,3,/PabloSnchz/factorio-blueprint-visualizer/blob/master/examples/random_0077.svg,2,2,/PabloSnchz/factorio-blueprint-visualizer/blob/master/examples/example_25.svg,1,1,/PabloSnchz/factorio-blueprint-visualizer/blob/master/index.html,1,1,/PabloSnchz/factorio-blueprint-visualizer/tree/master,1,1,/PabloSnchz/factorio-blueprint-visualizer/tree/master/examples,1,1,,,
2025-03-07,/PabloSnchz/factorio-blueprint-visualizer,98,83,/PabloSnchz/factorio-blueprint-visualizer/blob/master/drawing_settings_documentation.md,12,12,/PabloSnchz/factorio-blueprint-visualizer/blob/master/examples/Rocket_Ship_1.jpg,4,4,/PabloSnchz/factorio-blueprint-visualizer/blob/master/examples/Rocket_Ship_1_Visualization.png,3,3,/PabloSnchz/factorio-blueprint-visualizer/blob/master/examples/random_0077.svg,2,2,/PabloSnchz/factorio-blueprint-visualizer/blob/master/examples/example_25.svg,1,1,/PabloSnchz/factorio-blueprint-visualizer/blob/master/index.html,1,1,/PabloSnchz/factorio-blueprint-visualizer/tree/master,1,1,/PabloSnchz/factorio-blueprint-visualizer/tree/master/examples,1,1,,,
2025-03-08,/PabloSnchz/factorio-blueprint-visualizer,104,88,/PabloSnchz/factorio-blueprint-visualizer/blob/master/drawing_settings_documentation.md,13,13,/PabloSnchz/factorio-blueprint-visualizer/blob/master/examples/Rocket_Ship_1.jpg,7,6,/PabloSnchz/factorio-blueprint-visualizer/blob/master/examples/Rocket_Ship_1_Visualization.png,3,3,/PabloSnchz/factorio-blueprint-visualizer/blob/master/examples/random_0077.svg,2,2,/PabloSnchz/factorio-blueprint-visualizer/edit/master/README.md,2,1,/PabloSnchz/factorio-blueprint-visualizer/tree/master/scripts,2,1,/PabloSnchz/factorio-blueprint-visualizer/blob/master/examples/example_00.svg,1,1,/PabloSnchz/factorio-blueprint-visualizer/blob/master/examples/example_25.svg,1,1,/PabloSnchz/factorio-blueprint-visualizer/blob/master/index.html,1,1
2025-03-09,/PabloSnchz/factorio-blueprint-visualizer,100,83,/PabloSnchz/factorio-blueprint-visualizer/blob/master/drawing_settings_documentation.md,11,11,/PabloSnchz/factorio-blueprint-visualizer/blob/master/examples/Rocket_Ship_1.jpg,6,5,/PabloSnchz/factorio-blueprint-visualizer/blob/master/examples/Rocket_Ship_1_Visualization.png,3,3,/PabloSnchz/factorio-blueprint-visualizer/edit/master/README.md,2,1,/PabloSnchz/factorio-blueprint-visualizer/tree/master/scripts,2,1,/PabloSnchz/factorio-blueprint-visualizer/blob/master/examples/example_00.svg,1,1,/PabloSnchz/factorio-blueprint-visualizer/blob/master/examples/example_25.svg,1,1,/PabloSnchz/factorio-blueprint-visualizer/blob/master/examples/random_0077.svg,1,1,/PabloSnchz/factorio-blueprint-visualizer/blob/master/scripts/download_factorio_raw_data.py,1,1
2025-03-10,/PabloSnchz/factorio-blueprint-visualizer,102,82,/PabloSnchz/factorio-blueprint-visualizer/blob/master/drawing_settings_documentation.md,11,11,/PabloSnchz/factorio-blueprint-visualizer/blob/master/examples/Rocket_Ship_1.jpg,6,5,/PabloSnchz/factorio-blueprint-visualizer/blob/master/examples/Rocket_Ship_1_Visualization.png,3,3,/PabloSnchz/factorio-blueprint-visualizer/tree/master/scripts,3,2,/PabloSnchz/factorio-blueprint-visualizer/blob/master/scripts/download_factorio_raw_data.py,2,2,/PabloSnchz/factorio-blueprint-visualizer/edit/master/README.md,2,1,/PabloSnchz/factorio-blueprint-visualizer/blob/master/examples/example_00.svg,1,1,/PabloSnchz/factorio-blueprint-visualizer/fork,1,1,/PabloSnchz/factorio-blueprint-visualizer/tree/master,1,1
2025-03-11,/PabloSnchz/factorio-blueprint-visualizer,104,84,/PabloSnchz/factorio-blueprint-visualizer/blob/master/drawing_settings_documentation.md,13,12,/PabloSnchz/factorio-blueprint-visualizer/blob/master/examples/Rocket_Ship_1.jpg,7,6,/PabloSnchz/factorio-blueprint-visualizer/blob/master/examples/Rocket_Ship_1_Visualization.png,3,3,/PabloSnchz/factorio-blueprint-visualizer/tree/master/scripts,3,2,/PabloSnchz/factorio-blueprint-visualizer/blob/master/scripts/download_factorio_raw_data.py,2,2,/PabloSnchz/factorio-blueprint-visualizer/edit/master/README.md,2,1,/PabloSnchz/factorio-blueprint-visualizer/blob/master/examples/example_00.svg,1,1,/PabloSnchz/factorio-blueprint-visualizer/fork,1,1,/PabloSnchz/factorio-blueprint-visualizer/tree/master,1,1
2025-03-12,/PabloSnchz/factorio-blueprint-visualizer,103,84,/PabloSnchz/factorio-blueprint-visualizer/blob/master/drawing_settings_documentation.md,11,10,/PabloSnchz/factorio-blueprint-visualizer/blob/master/examples/Rocket_Ship_1.jpg,7,6,/PabloSnchz/factorio-blueprint-visualizer/tree/master/scripts,3,2,/PabloSnchz/factorio-blueprint-visualizer/blob/master/examples/Rocket_Ship_1_Visualization.png,2,2,/PabloSnchz/factorio-blueprint-visualizer/blob/master/scripts/download_factorio_raw_data.py,2,2,/PabloSnchz/factorio-blueprint-visualizer/edit/master/README.md,2,1,/PabloSnchz/factorio-blueprint-visualizer/blob/master/examples/example_00.svg,1,1,/PabloSnchz/factorio-blueprint-visualizer/deployments/github-pages,1,1,/PabloSnchz/factorio-blueprint-visualizer/fork,1,1
2025-03-13,/PabloSnchz/factorio-blueprint-visualizer,99,83,/PabloSnchz/factorio-blueprint-visualizer/blob/master/drawing_settings_documentation.md,10,9,/PabloSnchz/factorio-blueprint-visualizer/blob/master/examples/Rocket_Ship_1.jpg,7,6,/PabloSnchz/factorio-blueprint-visualizer/tree/master/scripts,3,2,/PabloSnchz/factorio-blueprint-visualizer/blob/master/examples/Rocket_Ship_1_Visualization.png,2,2,/PabloSnchz/factorio-blueprint-visualizer/blob/master/scripts/download_factorio_raw_data.py,2,2,/PabloSnchz/factorio-blueprint-visualizer/edit/master/README.md,2,1,/PabloSnchz/factorio-blueprint-visualizer/blob/master/examples/example_00.svg,1,1,/PabloSnchz/factorio-blueprint-visualizer/deployments/github-pages,1,1,/PabloSnchz/factorio-blueprint-visualizer/fork,1,1
2025-03-14,/PabloSnchz/factorio-blueprint-visualizer,94,77,/PabloSnchz/factorio-blueprint-visualizer/blob/master/drawing_settings_documentation.md,9,8,/PabloSnchz/factorio-blueprint-visualizer/blob/master/examples/Rocket_Ship_1.jpg,7,6,/PabloSnchz/factorio-blueprint-visualizer/tree/master/scripts,3,2,/PabloSnchz/factorio-blueprint-visualizer/blob/master/examples/Rocket_Ship_1_Visualization.png,2,2,/PabloSnchz/factorio-blueprint-visualizer/blob/master/scripts/download_factorio_raw_data.py,2,2,/PabloSnchz/factorio-blueprint-visualizer/edit/master/README.md,2,1,/PabloSnchz/factorio-blueprint-visualizer/blob/master/examples/example_00.svg,1,1,/PabloSnchz/factorio-blueprint-visualizer/deployments/github-pages,1,1,/PabloSnchz/factorio-blueprint-visualizer/fork,1,1
2025-03-15,/PabloSnchz/factorio-blueprint-visualizer,104,83,/PabloSnchz/factorio-blueprint-visualizer/blob/master/drawing_settings_documentation.md,10,9,/PabloSnchz/factorio-blueprint-visualizer/blob/master/examples/Rocket_Ship_1.jpg,7,6,/PabloSnchz/factorio-blueprint-visualizer/tree/master/scripts,3,2,/PabloSnchz/factorio-blueprint-visualizer/blob/master/examples/Rocket_Ship_1_Visualization.png,2,2,/PabloSnchz/factorio-blueprint-visualizer/blob/master/scripts/download_factorio_raw_data.py,2,2,/PabloSnchz/factorio-blueprint-visualizer/edit/master/README.md,2,1,/PabloSnchz/factorio-blueprint-visualizer/blob/master/examples/example_00.svg,1,1,/PabloSnchz/factorio-blueprint-visualizer/deployments/github-pages,1,1,/PabloSnchz/factorio-blueprint-visualizer/fork,1,1
2025-03-16,/PabloSnchz/factorio-blueprint-visualizer,110,87,/PabloSnchz/factorio-blueprint-visualizer/blob/master/drawing_settings_documentation.md,10,9,/PabloSnchz/factorio-blueprint-visualizer/blob/master/examples/Rocket_Ship_1.jpg,6,5,/PabloSnchz/factorio-blueprint-visualizer/tree/master/scripts,3,2,/PabloSnchz/factorio-blueprint-visualizer/blob/master/scripts/download_factorio_raw_data.py,2,2,/PabloSnchz/factorio-blueprint-visualizer/edit/master/README.md,2,1,/PabloSnchz/factorio-blueprint-visualizer/pulls,2,1,/PabloSnchz/factorio-blueprint-visualizer/blob/master/examples/example_00.svg,1,1,/PabloSnchz/factorio-blueprint-visualizer/blob/master/examples/Rocket_Ship_1_Visualization.png,1,1,/PabloSnchz/factorio-blueprint-visualizer/blob/master/test_blueprints/Belts.jpg,1,1
2025-03-17,/PabloSnchz/factorio-blueprint-visualizer,101,82,/PabloSnchz/factorio-blueprint-visualizer/blob/master/drawing_settings_documentation.md,10,9,/PabloSnchz/factorio-blueprint-visualizer/blob/master/examples/Rocket_Ship_1.jpg,5,4,/PabloSnchz/factorio-blueprint-visualizer/tree/master/scripts,3,2,/PabloSnchz/factorio-blueprint-visualizer/blob/master/scripts/download_factorio_raw_data.py,2,2,/PabloSnchz/factorio-blueprint-visualizer/tree/master/examples,2,2,/PabloSnchz/factorio-blueprint-visualizer/edit/master/README.md,2,1,/PabloSnchz/factorio-blueprint-visualizer/pulls,2,1,/PabloSnchz/factorio-blueprint-visualizer/blob/master/examples/example_00.svg,1,1,/PabloSnchz/factorio-blueprint-visualizer/blob/master/test_blueprints/Belts.jpg,1,1
2025-03-18,/PabloSnchz/factorio-blueprint-visualizer,107,88,/PabloSnchz/factorio-blueprint-visualizer/blob/master/drawing_settings_documentation.md,10,9,/PabloSnchz/factorio-blueprint-visualizer/blob/master/examples/Rocket_Ship_1.jpg,7,6,/PabloSnchz/factorio-blueprint-visualizer/tree/master/scripts,3,2,/PabloSnchz/factorio-blueprint-visualizer/blob/master/scripts/download_factorio_raw_data.py,2,2,/PabloSnchz/factorio-blueprint-visualizer/tree/master/examples,2,2,/PabloSnchz/factorio-blueprint-visualizer/edit/master/README.md,2,1,/PabloSnchz/factorio-blueprint-visualizer/pulls,2,1,/PabloSnchz/factorio-blueprint-visualizer/blob/master/examples/example_00.svg,1,1,/PabloSnchz/factorio-blueprint-visualizer/blob/master/test_blueprints/Belts.jpg,1,1
2025-03-19,/PabloSnchz/factorio-blueprint-visualizer,111,90,/PabloSnchz/factorio-blueprint-visualizer/blob/master/drawing_settings_documentation.md,8,7,/PabloSnchz/factorio-blueprint-visualizer/blob/master/examples/Rocket_Ship_1.jpg,6,5,/PabloSnchz/factorio-blueprint-visualizer/blob/master/examples/random_0077.svg,4,1,/PabloSnchz/factorio-blueprint-visualizer/tree/master/scripts,3,2,/PabloSnchz/factorio-blueprint-visualizer/blob/master/scripts/download_factorio_raw_data.py,2,2,/PabloSnchz/factorio-blueprint-visualizer/tree/master/examples,2,2,/PabloSnchz/factorio-blueprint-visualizer/edit/master/README.md,2,1,/PabloSnchz/factorio-blueprint-visualizer/pulls,2,1,/PabloSnchz/factorio-blueprint-visualizer/blame/master/examples/random_0077.svg,1,1
2025-03-20,/PabloSnchz/factorio-blueprint-visualizer,113,93,/PabloSnchz/factorio-blueprint-visualizer/blob/master/drawing_settings_documentation.md,10,9,/PabloSnchz/factorio-blueprint-visualizer/blob/master/examples/Rocket_Ship_1.jpg,6,5,/PabloSnchz/factorio-blueprint-visualizer/blob/master/examples/random_0077.svg,4,1,/PabloSnchz/factorio-blueprint-visualizer/tree/master/scripts,3,2,/PabloSnchz/factorio-blueprint-visualizer/blob/master/scripts/download_factorio_raw_data.py,2,2,/PabloSnchz/factorio-blueprint-visualizer/tree/master/examples,2,2,/PabloSnchz/factorio-blueprint-visualizer/edit/master/README.md,2,1,/PabloSnchz/factorio-blueprint-visualizer/pulls,2,1,/PabloSnchz/factorio-blueprint-visualizer/blame/master/examples/random_0077.svg,1,1
2025-03-21,/PabloSnchz/factorio-blueprint-visualizer,103,86,/PabloSnchz/factorio-blueprint-visualizer/blob/master/drawing_settings_documentation.md,9,8,/PabloSnchz/factorio-blueprint-visualizer/blob/master/examples/random_0077.svg,4,1,/PabloSnchz/factorio-blueprint-visualizer/blob/master/examples/Rocket_Ship_1.jpg,3,3,/PabloSnchz/factorio-blueprint-visualizer/tree/master/examples,2,2,/PabloSnchz/factorio-blueprint-visualizer/pulls,2,1,/PabloSnchz/factorio-blueprint-visualizer/blame/master/examples/random_0077.svg,1,1,/PabloSnchz/factorio-blueprint-visualizer/blob/master/scripts/download_factorio_raw_data.py,1,1,/PabloSnchz/factorio-blueprint-visualizer/blob/master/test_blueprints/Belts.jpg,1,1,/PabloSnchz/factorio-blueprint-visualizer/blob/master/test_blueprints/Inserters.jpg,1,1
2025-03-22,/PabloSnchz/factorio-blueprint-visualizer,105,88,/PabloSnchz/factorio-blueprint-visualizer/blob/master/drawing_settings_documentation.md,10,9,/PabloSnchz/factorio-blueprint-visualizer/blob/master/examples/random_0077.svg,4,1,/PabloSnchz/factorio-blueprint-visualizer/blob/master/examples/Rocket_Ship_1.jpg,3,3,/PabloSnchz/factorio-blueprint-visualizer/tree/master/examples,2,2,/PabloSnchz/factorio-blueprint-visualizer/pulls,2,1,/PabloSnchz/factorio-blueprint-visualizer/blame/master/examples/random_0077.svg,1,1,/PabloSnchz/factorio-blueprint-visualizer/blob/master/scripts/download_factorio_raw_data.py,1,1,/PabloSnchz/factorio-blueprint-visualizer/blob/master/test_blueprints/Belts.jpg,1,1,/PabloSnchz/factorio-blueprint-visualizer/blob/master/test_blueprints/Inserters.jpg,1,1
2025-03-23,/PabloSnchz/factorio-blueprint-visualizer,102,86,/PabloSnchz/factorio-blueprint-visualizer/blob/master/drawing_settings_documentation.md,11,10,/PabloSnchz/factorio-blueprint-visualizer/blob/master/examples/Rocket_Ship_1.jpg,4,4,/PabloSnchz/factorio-blueprint-visualizer/tree/master/examples,4,4,/PabloSnchz/factorio-blueprint-visualizer/blob/master/examples/random_0077.svg,4,1,/PabloSnchz/factorio-blueprint-visualizer/tree/master,2,2,/PabloSnchz/factorio-blueprint-visualizer/tree/master/website,2,2,/PabloSnchz/factorio-blueprint-visualizer/pulls,2,1,/PabloSnchz/factorio-blueprint-visualizer/tree/master/scripts,2,1,/PabloSnchz/factorio-blueprint-visualizer/blame/master/examples/random_0077.svg,1,1
2025-03-24,/PabloSnchz/factorio-blueprint-visualizer,99,84,/PabloSnchz/factorio-blueprint-visualizer/blob/master/drawing_settings_documentation.md,9,9,/PabloSnchz/factorio-blueprint-visualizer/tree/master/examples,4,4,/PabloSnchz/factorio-blueprint-visualizer/blob/master/examples/random_0077.svg,4,1,/PabloSnchz/factorio-blueprint-visualizer/blob/master/examples/Rocket_Ship_1.jpg,3,3,/PabloSnchz/factorio-blueprint-visualizer/tree/master/scripts,3,2,/PabloSnchz/factorio-blueprint-visualizer/tree/master,2,2,/PabloSnchz/factorio-blueprint-visualizer/tree/master/website,2,2,/PabloSnchz/factorio-blueprint-visualizer/pulls,2,1,/PabloSnchz/factorio-blueprint-visualizer/blame/master/examples/random_0077.svg,1,1
2025-03-25,/PabloSnchz/factorio-blueprint-visualizer,97,81,/PabloSnchz/factorio-blueprint-visualizer/blob/master/drawing_settings_documentation.md,11,11,/PabloSnchz/factorio-blueprint-visualizer/tree/master/examples,4,4,/PabloSnchz/factorio-blueprint-visualizer/blob/master/examples/random_0077.svg,4,1,/PabloSnchz/factorio-blueprint-visualizer/blob/master/examples/Rocket_Ship_1.jpg,3,3,/PabloSnchz/factorio-blueprint-visualizer/tree/master/scripts,3,2,/PabloSnchz/factorio-blueprint-visualizer/tree/master,2,2,/PabloSnchz/factorio-blueprint-visualizer/tree/master/website,2,2,/PabloSnchz/factorio-blueprint-visualizer/pulls,2,1,/PabloSnchz/factorio-blueprint-visualizer/blame/master/examples/random_0077.svg,1,1
2025-03-26,/PabloSnchz/factorio-blueprint-visualizer,92,75,/PabloSnchz/factorio-blueprint-visualizer/blob/master/drawing_settings_documentation.md,13,13,/PabloSnchz/factorio-blueprint-visualizer/blob/master/examples/Rocket_Ship_1.jpg,4,4,/PabloSnchz/factorio-blueprint-visualizer/tree/master/examples,4,4,/PabloSnchz/factorio-blueprint-visualizer/blob/master/examples/random_0077.svg,4,1,/PabloSnchz/factorio-blueprint-visualizer/tree/master/scripts,3,2,/PabloSnchz/factorio-blueprint-visualizer/tree/master,2,2,/PabloSnchz/factorio-blueprint-visualizer/tree/master/website,2,2,/PabloSnchz/factorio-blueprint-visualizer/pulls,2,1,/PabloSnchz/factorio-blueprint-visualizer/blame/master/examples/random_0077.svg,1,1
2025-03-27,/PabloSnchz/factorio-blueprint-visualizer,97,80,/PabloSnchz/factorio-blueprint-visualizer/blob/master/drawing_settings_documentation.md,13,13,/PabloSnchz/factorio-blueprint-visualizer/blob/master/examples/Rocket_Ship_1.jpg,4,4,/PabloSnchz/factorio-blueprint-visualizer/tree/master/examples,4,4,/PabloSnchz/factorio-blueprint-visualizer/blob/master/examples/random_0077.svg,4,1,/PabloSnchz/factorio-blueprint-visualizer/tree/master/scripts,3,2,/PabloSnchz/factorio-blueprint-visualizer/tree/master,2,2,/PabloSnchz/factorio-blueprint-visualizer/pulls,2,1,/PabloSnchz/factorio-blueprint-visualizer/blame/master/examples/random_0077.svg,1,1,/PabloSnchz/factorio-blueprint-visualizer/blob/master/examples/example_01.svg,1,1
2025-03-28,/PabloSnchz/factorio-blueprint-visualizer,86,68,/PabloSnchz/factorio-blueprint-visualizer/blob/master/drawing_settings_documentation.md,12,12,/PabloSnchz/factorio-blueprint-visualizer/blob/master/examples/Rocket_Ship_1.jpg,4,4,/PabloSnchz/factorio-blueprint-visualizer/tree/master/examples,4,4,/PabloSnchz/factorio-blueprint-visualizer/blob/master/examples/random_0077.svg,4,1,/PabloSnchz/factorio-blueprint-visualizer/tree/master/scripts,3,2,/PabloSnchz/factorio-blueprint-visualizer/tree/master,2,2,/PabloSnchz/factorio-blueprint-visualizer/blame/master/examples/random_0077.svg,1,1,/PabloSnchz/factorio-blueprint-visualizer/blob/master/examples/example_01.svg,1,1,/PabloSnchz/factorio-blueprint-visualizer/blob/master/examples/example_04.svg,1,1
2025-03-29,/PabloSnchz/factorio-blueprint-visualizer,83,68,/PabloSnchz/factorio-blueprint-visualizer/blob/master/drawing_settings_documentation.md,14,14,/PabloSnchz/factorio-blueprint-visualizer/blob/master/examples/Rocket_Ship_1.jpg,4,4,/PabloSnchz/factorio-blueprint-visualizer/tree/master/examples,4,4,/PabloSnchz/factorio-blueprint-visualizer/tree/master/scripts,4,3,/PabloSnchz/factorio-blueprint-visualizer/blob/master/examples/random_0077.svg,4,1,/PabloSnchz/factorio-blueprint-visualizer/blob/master/examples/example_01.svg,2,2,/PabloSnchz/factorio-blueprint-visualizer/tree/master,2,2,/PabloSnchz/factorio-blueprint-visualizer/blame/master/examples/random_0077.svg,1,1,/PabloSnchz/factorio-blueprint-visualizer/blob/master/examples/example_04.svg,1,1
2025-03-30,/PabloSnchz/factorio-blueprint-visualizer,88,71,/PabloSnchz/factorio-blueprint-visualizer/blob/master/drawing_settings_documentation.md,13,13,/PabloSnchz/factorio-blueprint-visualizer/blob/master/examples/Rocket_Ship_1.jpg,5,5,/PabloSnchz/factorio-blueprint-visualizer/tree/master/scripts,4,3,/PabloSnchz/factorio-blueprint-visualizer/blob/master/examples/random_0077.svg,4,1,/PabloSnchz/factorio-blueprint-visualizer/tree/master/examples,3,3,/PabloSnchz/factorio-blueprint-visualizer/blob/master/examples/example_01.svg,2,2,/PabloSnchz/factorio-blueprint-visualizer/blame/master/examples/random_0077.svg,1,1,/PabloSnchz/factorio-blueprint-visualizer/blob/master/examples/example_04.svg,1,1,/PabloSnchz/factorio-blueprint-visualizer/blob/master/examples/example_07.svg,1,1
2025-03-31,/PabloSnchz/factorio-blueprint-visualizer,82,65,/PabloSnchz/factorio-blueprint-visualizer/blob/master/drawing_settings_documentation.md,14,14,/PabloSnchz/factorio-blueprint-visualizer/tree/master/scripts,4,3,/PabloSnchz/factorio-blueprint-visualizer/blob/master/examples/random_0077.svg,4,1,/PabloSnchz/factorio-blueprint-visualizer/blob/master/examples/Rocket_Ship_1.jpg,3,3,/PabloSnchz/factorio-blueprint-visualizer/tree/master/examples,3,3,/PabloSnchz/factorio-blueprint-visualizer/blob/master/examples/example_01.svg,2,2,/PabloSnchz/factorio-blueprint-visualizer/blame/master/examples/random_0077.svg,1,1,/PabloSnchz/factorio-blueprint-visualizer/blob/master/examples/example_04.svg,1,1,/PabloSnchz/factorio-blueprint-visualizer/blob/master/examples/example_07.svg,1,1
2025-04-01,/PabloSnchz/factorio-blueprint-visualizer,78,62,/PabloSnchz/factorio-blueprint-visualizer/blob/master/drawing_settings_documentation.md,14,14,/PabloSnchz/factorio-blueprint-visualizer/tree/master/scripts,4,3,/PabloSnchz/factorio-blueprint-visualizer/blob/master/examples/Rocket_Ship_1.jpg,3,3,/PabloSnchz/factorio-blueprint-visualizer/tree/master/examples,3,3,/PabloSnchz/factorio-blueprint-visualizer/blob/master/examples/example_01.svg,2,2,/PabloSnchz/factorio-blueprint-visualizer/blob/master/examples/example_04.svg,1,1,/PabloSnchz/factorio-blueprint-visualizer/blob/master/examples/example_07.svg,1,1,/PabloSnchz/factorio-blueprint-visualizer/blob/master/examples/example_21.svg,1,1,/PabloSnchz/factorio-blueprint-visualizer/blob/master/scripts/download_factorio_raw_data.py,1,1
2025-04-02,/PabloSnchz/factorio-blueprint-visualizer,75,60,/PabloSnchz/factorio-blueprint-visualizer/blob/master/drawing_settings_documentation.md,12,12,/PabloSnchz/factorio-blueprint-visualizer/tree/master/scripts,4,3,/PabloSnchz/factorio-blueprint-visualizer/blob/master/examples/Rocket_Ship_1.jpg,3,3,/PabloSnchz/factorio-blueprint-visualizer/tree/master/examples,3,3,/PabloSnchz/factorio-blueprint-visualizer/blob/master/examples/example_01.svg,2,2,/PabloSnchz/factorio-blueprint-visualizer/blob/master/examples/example_04.svg,1,1,/PabloSnchz/factorio-blueprint-visualizer/blob/master/examples/example_07.svg,1,1,/PabloSnchz/factorio-blueprint-visualizer/blob/master/examples/example_21.svg,1,1,/PabloSnchz/factorio-blueprint-visualizer/blob/master/scripts/download_factorio_raw_data.py,1,1
2025-04-03,/PabloSnchz/factorio-blueprint-visualizer,76,62,/PabloSnchz/factorio-blueprint-visualizer/blob/master/drawing_settings_documentation.md,12,12,/PabloSnchz/factorio-blueprint-visualizer/tree/master/scripts,4,3,/PabloSnchz/factorio-blueprint-visualizer/blob/master/examples/Rocket_Ship_1.jpg,3,3,/PabloSnchz/factorio-blueprint-visualizer/tree/master/examples,3,3,/PabloSnchz/factorio-blueprint-visualizer/blob/master/examples/example_01.svg,2,2,/PabloSnchz/factorio-blueprint-visualizer/blob/master/examples/example_04.svg,1,1,/PabloSnchz/factorio-blueprint-visualizer/blob/master/examples/example_07.svg,1,1,/PabloSnchz/factorio-blueprint-visualizer/blob/master/examples/example_21.svg,1,1,/PabloSnchz/factorio-blueprint-visualizer/blob/master/scripts/download_factorio_raw_data.py,1,1
2025-04-04,/PabloSnchz/factorio-blueprint-visualizer,78,64,/PabloSnchz/factorio-blueprint-visualizer/blob/master/drawing_settings_documentation.md,13,13,/PabloSnchz/factorio-blueprint-visualizer/tree/master/scripts,4,3,/PabloSnchz/factorio-blueprint-visualizer/blob/master/examples/Rocket_Ship_1.jpg,3,3,/PabloSnchz/factorio-blueprint-visualizer/tree/master/examples,3,3,/PabloSnchz/factorio-blueprint-visualizer/blob/master/examples/example_01.svg,2,2,/PabloSnchz/factorio-blueprint-visualizer/blob/master/examples/example_04.svg,1,1,/PabloSnchz/factorio-blueprint-visualizer/blob/master/examples/example_07.svg,1,1,/PabloSnchz/factorio-blueprint-visualizer/blob/master/examples/example_21.svg,1,1,/PabloSnchz/factorio-blueprint-visualizer/blob/master/scripts/download_factorio_raw_data.py,1,1
2025-04-05,/PabloSnchz/factorio-blueprint-visualizer,79,66,/PabloSnchz/factorio-blueprint-visualizer/blob/master/drawing_settings_documentation.md,12,12,/PabloSnchz/factorio-blueprint-visualizer/blob/master/examples/Rocket_Ship_1.jpg,2,2,/PabloSnchz/factorio-blueprint-visualizer/tree/master/scripts,2,2,/PabloSnchz/factorio-blueprint-visualizer/blob/master/examples/example_01.svg,1,1,/PabloSnchz/factorio-blueprint-visualizer/blob/master/scripts/download_factorio_raw_data.py,1,1,/PabloSnchz/factorio-blueprint-visualizer/issues/5,1,1,/PabloSnchz/factorio-blueprint-visualizer/tree/master/examples,1,1,/PabloSnchz/factorio-blueprint-visualizer/tree/master/test_blueprints,1,1,,,
2025-04-06,/PabloSnchz/factorio-blueprint-visualizer,78,65,/PabloSnchz/factorio-blueprint-visualizer/blob/master/drawing_settings_documentation.md,12,12,/PabloSnchz/factorio-blueprint-visualizer/blob/master/examples/Rocket_Ship_1.jpg,2,2,/PabloSnchz/factorio-blueprint-visualizer/blob/master/examples/example_01.svg,1,1,/PabloSnchz/factorio-blueprint-visualizer/blob/master/scripts/download_factorio_raw_data.py,1,1,/PabloSnchz/factorio-blueprint-visualizer/issues/5,1,1,/PabloSnchz/factorio-blueprint-visualizer/tree/master/examples,1,1,/PabloSnchz/factorio-blueprint-visualizer/tree/master/scripts,1,1,/PabloSnchz/factorio-blueprint-visualizer/tree/master/test_blueprints,1,1,,,
2025-04-07,/PabloSnchz/factorio-blueprint-visualizer,70,60,/PabloSnchz/factorio-blueprint-visualizer/blob/master/drawing_settings_documentation.md,10,10,/PabloSnchz/factorio-blueprint-visualizer/blob/master/examples/Rocket_Ship_1.jpg,2,2,/PabloSnchz/factorio-blueprint-visualizer/blob/master/examples/example_01.svg,1,1,/PabloSnchz/factorio-blueprint-visualizer/blob/master/scripts/download_factorio_raw_data.py,1,1,/PabloSnchz/factorio-blueprint-visualizer/issues/5,1,1,/PabloSnchz/factorio-blueprint-visualizer/tree/master/examples,1,1,/PabloSnchz/factorio-blueprint-visualizer/tree/master/scripts,1,1,/PabloSnchz/factorio-blueprint-visualizer/tree/master/test_blueprints,1,1,,,
2025-04-08,/PabloSnchz/factorio-blueprint-visualizer,75,64,/PabloSnchz/factorio-blueprint-visualizer/blob/master/drawing_settings_documentation.md,12,9,/PabloSnchz/factorio-blueprint-visualizer/blob/master/scripts/download_factorio_raw_data.py,4,2,/PabloSnchz/factorio-blueprint-visualizer/tree/master/test_blueprints,3,2,/PabloSnchz/factorio-blueprint-visualizer/tree/master/website,3,2,/PabloSnchz/factorio-blueprint-visualizer/tree/master/examples,2,2,/PabloSnchz/factorio-blueprint-visualizer/tree/master/scripts,2,2,/PabloSnchz/factorio-blueprint-visualizer/blob/master/index.html,2,1,/PabloSnchz/factorio-blueprint-visualizer/blob/master/examples/example_01.svg,1,1,/PabloSnchz/factorio-blueprint-visualizer/blob/master/examples/example_06.svg,1,1
2025-04-09,/PabloSnchz/factorio-blueprint-visualizer,65,56,/PabloSnchz/factorio-blueprint-visualizer/blob/master/drawing_settings_documentation.md,12,9,/PabloSnchz/factorio-blueprint-visualizer/blob/master/scripts/download_factorio_raw_data.py,4,2,/PabloSnchz/factorio-blueprint-visualizer/tree/master/test_blueprints,3,2,/PabloSnchz/factorio-blueprint-visualizer/tree/master/website,3,2,/PabloSnchz/factorio-blueprint-visualizer/tree/master/examples,2,2,/PabloSnchz/factorio-blueprint-visualizer/tree/master/scripts,2,2,/PabloSnchz/factorio-blueprint-visualizer/blob/master/index.html,2,1,/PabloSnchz/factorio-blueprint-visualizer/blob/master/examples/example_01.svg,1,1,/PabloSnchz/factorio-blueprint-visualizer/blob/master/examples/example_06.svg,1,1
2025-04-10,/PabloSnchz/factorio-blueprint-visualizer,62,54,/PabloSnchz/factorio-blueprint-visualizer/blob/master/drawing_settings_documentation.md,15,11,/PabloSnchz/factorio-blueprint-visualizer/blob/master/scripts/download_factorio_raw_data.py,4,2,/PabloSnchz/factorio-blueprint-visualizer/tree/master/test_blueprints,3,2,/PabloSnchz/factorio-blueprint-visualizer/tree/master/website,3,2,/PabloSnchz/factorio-blueprint-visualizer/tree/master/examples,2,2,/PabloSnchz/factorio-blueprint-visualizer/tree/master/scripts,2,2,/PabloSnchz/factorio-blueprint-visualizer/blob/master/index.html,2,1,/PabloSnchz/factorio-blueprint-visualizer/blob/master/examples/example_01.svg,1,1,/PabloSnchz/factorio-blueprint-visualizer/blob/master/examples/example_06.svg,1,1
2025-04-11,/PabloSnchz/factorio-blueprint-visualizer,59,51,/PabloSnchz/factorio-blueprint-visualizer/blob/master/drawing_settings_documentation.md,12,8,/PabloSnchz/factorio-blueprint-visualizer/tree/master/website,3,2,/PabloSnchz/factorio-blueprint-visualizer/blob/master/scripts/download_factorio_raw_data.py,3,1,/PabloSnchz/factorio-blueprint-visualizer/blob/master/index.html,2,1,/PabloSnchz/factorio-blueprint-visualizer/tree/master/test_blueprints,2,1,/PabloSnchz/factorio-blueprint-visualizer/blob/master/examples/example_06.svg,1,1,/PabloSnchz/factorio-blueprint-visualizer/blob/master/examples/Rocket_Ship_1.jpg,1,1,/PabloSnchz/factorio-blueprint-visualizer/blob/master/scripts/get_items.py,1,1,/PabloSnchz/factorio-blueprint-visualizer/blob/master/test_blueprints/Rails.jpg,1,1
2025-04-12,/PabloSnchz/factorio-blueprint-visualizer,60,54,/PabloSnchz/factorio-blueprint-visualizer/blob/master/drawing_settings_documentation.md,12,8,/PabloSnchz/factorio-blueprint-visualizer/tree/master/website,3,2,/PabloSnchz/factorio-blueprint-visualizer/blob/master/scripts/download_factorio_raw_data.py,3,1,/PabloSnchz/factorio-blueprint-visualizer/blob/master/index.html,2,1,/PabloSnchz/factorio-blueprint-visualizer/tree/master/test_blueprints,2,1,/PabloSnchz/factorio-blueprint-visualizer/blob/master/examples/example_06.svg,1,1,/PabloSnchz/factorio-blueprint-visualizer/blob/master/scripts/get_items.py,1,1,/PabloSnchz/factorio-blueprint-visualizer/blob/master/test_blueprints/Rails.jpg,1,1,/PabloSnchz/factorio-blueprint-visualizer/blob/master/test_blueprints/test_blueprint_book.txt,1,1
2025-04-13,/PabloSnchz/factorio-blueprint-visualizer,61,55,/PabloSnchz/factorio-blueprint-visualizer/blob/master/drawing_settings_documentation.md,11,7,/PabloSnchz/factorio-blueprint-visualizer/tree/master/website,3,2,/PabloSnchz/factorio-blueprint-visualizer/blob/master/scripts/download_factorio_raw_data.py,3,1,/PabloSnchz/factorio-blueprint-visualizer/blob/master/index.html,2,1,/PabloSnchz/factorio-blueprint-visualizer/tree/master/test_blueprints,2,1,/PabloSnchz/factorio-blueprint-visualizer/blob/master/examples/example_06.svg,1,1,/PabloSnchz/factorio-blueprint-visualizer/blob/master/scripts/get_items.py,1,1,/PabloSnchz/factorio-blueprint-visualizer/blob/master/test_blueprints/Rails.jpg,1,1,/PabloSnchz/factorio-blueprint-visualizer/blob/master/test_blueprints/test_blueprint_book.txt,1,1
2025-04-14,/PabloSnchz/factorio-blueprint-visualizer,60,54,/PabloSnchz/factorio-blueprint-visualizer/blob/master/drawing_settings_documentation.md,11,7,/PabloSnchz/factorio-blueprint-visualizer/tree/master/website,3,2,/PabloSnchz/factorio-blueprint-visualizer/blob/master/scripts/download_factorio_raw_data.py,3,1,/PabloSnchz/factorio-blueprint-visualizer/blob/master/index.html,2,1,/PabloSnchz/factorio-blueprint-visualizer/tree/master/test_blueprints,2,1,/PabloSnchz/factorio-blueprint-visualizer/blob/master/examples/example_06.svg,1,1,/PabloSnchz/factorio-blueprint-visualizer/blob/master/scripts/get_items.py,1,1,/PabloSnchz/factorio-blueprint-visualizer/blob/master/test_blueprints/Rails.jpg,1,1,/PabloSnchz/factorio-blueprint-visualizer/blob/master/test_blueprints/test_blueprint_book.txt,1,1
2025-04-15,/PabloSnchz/factorio-blueprint-visualizer,57,51,/PabloSnchz/factorio-blueprint-visualizer/blob/master/drawing_settings_documentation.md,11,7,/PabloSnchz/factorio-blueprint-visualizer/tree/master/website,3,2,/PabloSnchz/factorio-blueprint-visualizer/blob/master/scripts/download_factorio_raw_data.py,3,1,/PabloSnchz/factorio-blueprint-visualizer/blob/master/index.html,2,1,/PabloSnchz/factorio-blueprint-visualizer/tree/master/test_blueprints,2,1,/PabloSnchz/factorio-blueprint-visualizer/blob/master/examples/example_06.svg,1,1,/PabloSnchz/factorio-blueprint-visualizer/blob/master/scripts/get_items.py,1,1,/PabloSnchz/factorio-blueprint-visualizer/blob/master/test_blueprints/Rails.jpg,1,1,/PabloSnchz/factorio-blueprint-visualizer/blob/master/test_blueprints/test_blueprint_book.txt,1,1
2025-04-16,/PabloSnchz/factorio-blueprint-visualizer,55,49,/PabloSnchz/factorio-blueprint-visualizer/blob/master/drawing_settings_documentation.md,11,7,/PabloSnchz/factorio-blueprint-visualizer/tree/master/website,3,2,/PabloSnchz/factorio-blueprint-visualizer/blob/master/scripts/download_factorio_raw_data.py,3,1,/PabloSnchz/factorio-blueprint-visualizer/blob/master/index.html,2,1,/PabloSnchz/factorio-blueprint-visualizer/tree/master/test_blueprints,2,1,/PabloSnchz/factorio-blueprint-visualizer/blob/master/examples/example_06.svg,1,1,/PabloSnchz/factorio-blueprint-visualizer/blob/master/scripts/get_items.py,1,1,/PabloSnchz/factorio-blueprint-visualizer/blob/master/test_blueprints/Rails.jpg,1,1,/PabloSnchz/factorio-blueprint-visualizer/blob/master/test_blueprints/test_blueprint_book.txt,1,1
2025-04-17,/PabloSnchz/factorio-blueprint-visualizer,53,47,/PabloSnchz/factorio-blueprint-visualizer/blob/master/drawing_settings_documentation.md,10,6,/PabloSnchz/factorio-blueprint-visualizer/tree/master/test_blueprints,3,2,/PabloSnchz/factorio-blueprint-visualizer/tree/master/website,3,2,/PabloSnchz/factorio-blueprint-visualizer/blob/master/scripts/download_factorio_raw_data.py,3,1,/PabloSnchz/factorio-blueprint-visualizer/blob/master/index.html,2,1,/PabloSnchz/factorio-blueprint-visualizer/blob/master/examples/example_06.svg,1,1,/PabloSnchz/factorio-blueprint-visualizer/blob/master/scripts/get_items.py,1,1,/PabloSnchz/factorio-blueprint-visualizer/blob/master/test_blueprints/Rails.jpg,1,1,/PabloSnchz/factorio-blueprint-visualizer/blob/master/test_blueprints/test_blueprint_book.txt,1,1
2025-04-18,/PabloSnchz/factorio-blueprint-visualizer,52,46,/PabloSnchz/factorio-blueprint-visualizer/blob/master/drawing_settings_documentation.md,9,5,/PabloSnchz/factorio-blueprint-visualizer/tree/master/examples,3,2,/PabloSnchz/factorio-blueprint-visualizer/tree/master/test_blueprints,3,2,/PabloSnchz/factorio-blueprint-visualizer/tree/master/website,3,2,/PabloSnchz/factorio-blueprint-visualizer/blob/master/scripts/download_factorio_raw_data.py,3,1,/PabloSnchz/factorio-blueprint-visualizer/blob/master/index.html,2,1,/PabloSnchz/factorio-blueprint-visualizer/blob/master/examples/example_06.svg,1,1,/PabloSnchz/factorio-blueprint-visualizer/blob/master/examples/example_31.svg,1,1,/PabloSnchz/factorio-blueprint-visualizer/blob/master/examples/Rocket_Ship_1_Visualization.png,1,1
2025-04-19,/PabloSnchz/factorio-blueprint-visualizer,51,45,/PabloSnchz/factorio-blueprint-visualizer/blob/master/drawing_settings_documentation.md,10,6,/PabloSnchz/factorio-blueprint-visualizer/tree/master/examples,3,2,/PabloSnchz/factorio-blueprint-visualizer/tree/master/test_blueprints,3,2,/PabloSnchz/factorio-blueprint-visualizer/tree/master/website,3,2,/PabloSnchz/factorio-blueprint-visualizer/blob/master/scripts/download_factorio_raw_data.py,3,1,/PabloSnchz/factorio-blueprint-visualizer/blob/master/index.html,2,1,/PabloSnchz/factorio-blueprint-visualizer/blob/master/examples/example_06.svg,1,1,/PabloSnchz/factorio-blueprint-visualizer/blob/master/examples/example_31.svg,1,1,/PabloSnchz/factorio-blueprint-visualizer/blob/master/examples/Rocket_Ship_1_Visualization.png,1,1
2025-04-20,/PabloSnchz/factorio-blueprint-visualizer,56,49,/PabloSnchz/factorio-blueprint-visualizer/blob/master/drawing_settings_documentation.md,12,8,/PabloSnchz/factorio-blueprint-visualizer/tree/master/examples,4,3,/PabloSnchz/factorio-blueprint-visualizer/tree/master/test_blueprints,4,3,/PabloSnchz/factorio-blueprint-visualizer/tree/master/website,3,2,/PabloSnchz/factorio-blueprint-visualizer/blob/master/scripts/download_factorio_raw_data.py,3,1,/PabloSnchz/factorio-blueprint-visualizer/blob/master/index.html,2,1,/PabloSnchz/factorio-blueprint-visualizer/blob/master/README.md,2,1,/PabloSnchz/factorio-blueprint-visualizer/blob/master/examples/example_06.svg,1,1,/PabloSnchz/factorio-blueprint-visualizer/blob/master/examples/example_31.svg,1,1
2025-04-21,/PabloSnchz/factorio-blueprint-visualizer,52,47,/PabloSnchz/factorio-blueprint-visualizer/blob/master/drawing_settings_documentation.md,9,8,/PabloSnchz/factorio-blueprint-visualizer/blob/master/README.md,5,2,/PabloSnchz/factorio-blueprint-visualizer/tree/master/examples,4,3,/PabloSnchz/factorio-blueprint-visualizer/blob/master/examples/Rocket_Ship_1.jpg,3,3,/PabloSnchz/factorio-blueprint-visualizer/blob/master/examples/Rocket_Ship_1_Visualization.png,2,2,/PabloSnchz/factorio-blueprint-visualizer/tree/master/test_blueprints,2,2,/PabloSnchz/factorio-blueprint-visualizer/blob/master/examples/example_25.svg,1,1,/PabloSnchz/factorio-blueprint-visualizer/blob/master/examples/example_31.svg,1,1,/PabloSnchz/factorio-blueprint-visualizer/blob/master/LICENSE,1,1
2025-04-22,/PabloSnchz/factorio-blueprint-visualizer,54,47,/PabloSnchz/factorio-blueprint-visualizer/blob/master/drawing_settings_documentation.md,9,8,/PabloSnchz/factorio-blueprint-visualizer/blob/master/README.md,6,2,/PabloSnchz/factorio-blueprint-visualizer/tree/master/examples,4,3,/PabloSnchz/factorio-blueprint-visualizer/blob/master/examples/Rocket_Ship_1.jpg,3,3,/PabloSnchz/factorio-blueprint-visualizer/blob/master/examples/Rocket_Ship_1_Visualization.png,2,2,/PabloSnchz/factorio-blueprint-visualizer/tree/master/test_blueprints,2,2,/PabloSnchz/factorio-blueprint-visualizer/blob/master/examples/example_25.svg,1,1,/PabloSnchz/factorio-blueprint-visualizer/blob/master/examples/example_31.svg,1,1,/PabloSnchz/factorio-blueprint-visualizer/blob/master/LICENSE,1,1
2025-04-23,/PabloSnchz/factorio-blueprint-visualizer,58,49,/PabloSnchz/factorio-blueprint-visualizer/blob/master/README.md,7,2,/PabloSnchz/factorio-blueprint-visualizer/blob/master/drawing_settings_documentation.md,6,6,/PabloSnchz/factorio-blueprint-visualizer/blob/master/examples/Rocket_Ship_1.jpg,4,4,/PabloSnchz/factorio-blueprint-visualizer/tree/master/examples,4,3,/PabloSnchz/factorio-blueprint-visualizer/blob/master/examples/Rocket_Ship_1_Visualization.png,2,2,/PabloSnchz/factorio-blueprint-visualizer/tree/master/test_blueprints,2,2,/PabloSnchz/factorio-blueprint-visualizer/blob/master/examples/example_25.svg,1,1,/PabloSnchz/factorio-blueprint-visualizer/blob/master/examples/example_31.svg,1,1,/PabloSnchz/factorio-blueprint-visualizer/blob/master/LICENSE,1,1
2025-04-24,/PabloSnchz/factorio-blueprint-visualizer,68,55,/PabloSnchz/factorio-blueprint-visualizer/blob/master/README.md,9,3,/PabloSnchz/factorio-blueprint-visualizer/blob/master/drawing_settings_documentation.md,8,8,/PabloSnchz/factorio-blueprint-visualizer/blob/master/examples/Rocket_Ship_1.jpg,5,5,/PabloSnchz/factorio-blueprint-visualizer/tree/master/examples,5,4,/PabloSnchz/factorio-blueprint-visualizer/blob/master/examples/Rocket_Ship_1_Visualization.png,3,3,/PabloSnchz/factorio-blueprint-visualizer/tree/master/test_blueprints,2,2,/PabloSnchz/factorio-blueprint-visualizer/blob/master/examples/example_25.svg,1,1,/PabloSnchz/factorio-blueprint-visualizer/blob/master/examples/example_31.svg,1,1,/PabloSnchz/factorio-blueprint-visualizer/blob/master/LICENSE,1,1
2025-04-25,/PabloSnchz/factorio-blueprint-visualizer,68,52,/PabloSnchz/factorio-blueprint-visualizer/blob/master/README.md,10,3,/PabloSnchz/factorio-blueprint-visualizer/blob/master/drawing_settings_documentation.md,8,8,/PabloSnchz/factorio-blueprint-visualizer/blob/master/examples/Rocket_Ship_1.jpg,5,5,/PabloSnchz/factorio-blueprint-visualizer/tree/master/examples,5,4,/PabloSnchz/factorio-blueprint-visualizer/blob/master/examples/Rocket_Ship_1_Visualization.png,3,3,/PabloSnchz/factorio-blueprint-visualizer/tree/master/test_blueprints,2,2,/PabloSnchz/factorio-blueprint-visualizer/blob/master/examples/example_25.svg,1,1,/PabloSnchz/factorio-blueprint-visualizer/blob/master/examples/example_31.svg,1,1,/PabloSnchz/factorio-blueprint-visualizer/blob/master/examples/random_0077.svg,1,1
2025-04-26,/PabloSnchz/factorio-blueprint-visualizer,68,51,/PabloSnchz/factorio-blueprint-visualizer/blob/master/README.md,11,3,/PabloSnchz/factorio-blueprint-visualizer/blob/master/drawing_settings_documentation.md,10,10,/PabloSnchz/factorio-blueprint-visualizer/blob/master/examples/Rocket_Ship_1.jpg,7,6,/PabloSnchz/factorio-blueprint-visualizer/blob/master/examples/Rocket_Ship_1_Visualization.png,6,4,/PabloSnchz/factorio-blueprint-visualizer/tree/master/examples,5,4,/PabloSnchz/factorio-blueprint-visualizer/blob/master/examples/example_25.svg,2,2,/PabloSnchz/factorio-blueprint-visualizer/blob/master/examples/example_31.svg,2,2,/PabloSnchz/factorio-blueprint-visualizer/blob/master/examples/random_0077.svg,2,2,/PabloSnchz/factorio-blueprint-visualizer/blob/master/test_blueprints/Belts.jpg,2,2
2025-04-27,/PabloSnchz/factorio-blueprint-visualizer,68,51,/PabloSnchz/factorio-blueprint-visualizer/blob/master/README.md,12,4,/PabloSnchz/factorio-blueprint-visualizer/blob/master/drawing_settings_documentation.md,10,10,/PabloSnchz/factorio-blueprint-visualizer/blob/master/examples/Rocket_Ship_1.jpg,7,6,/PabloSnchz/factorio-blueprint-visualizer/blob/master/examples/Rocket_Ship_1_Visualization.png,6,4,/PabloSnchz/factorio-blueprint-visualizer/tree/master/examples,5,4,/PabloSnchz/factorio-blueprint-visualizer/blob/master/examples/example_25.svg,2,2,/PabloSnchz/factorio-blueprint-visualizer/blob/master/examples/example_31.svg,2,2,/PabloSnchz/factorio-blueprint-visualizer/blob/master/examples/random_0077.svg,2,2,/PabloSnchz/factorio-blueprint-visualizer/blob/master/test_blueprints/Belts.jpg,2,2
2025-04-28,/PabloSnchz/factorio-blueprint-visualizer,68,51,/PabloSnchz/factorio-blueprint-visualizer/blob/master/README.md,12,4,/PabloSnchz/factorio-blueprint-visualizer/blob/master/drawing_settings_documentation.md,10,10,/PabloSnchz/factorio-blueprint-visualizer/blob/master/examples/Rocket_Ship_1.jpg,7,6,/PabloSnchz/factorio-blueprint-visualizer/blob/master/examples/Rocket_Ship_1_Visualization.png,6,4,/PabloSnchz/factorio-blueprint-visualizer/tree/master/examples,5,4,/PabloSnchz/factorio-blueprint-visualizer/blob/master/examples/example_25.svg,2,2,/PabloSnchz/factorio-blueprint-visualizer/blob/master/examples/example_31.svg,2,2,/PabloSnchz/factorio-blueprint-visualizer/blob/master/examples/random_0077.svg,2,2,/PabloSnchz/factorio-blueprint-visualizer/blob/master/test_blueprints/Belts.jpg,2,2
2025-04-29,/PabloSnchz/factorio-blueprint-visualizer,71,52,/PabloSnchz/factorio-blueprint-visualizer/blob/master/README.md,13,4,/PabloSnchz/factorio-blueprint-visualizer/blob/master/drawing_settings_documentation.md,10,10,/PabloSnchz/factorio-blueprint-visualizer/blob/master/examples/Rocket_Ship_1.jpg,7,6,/PabloSnchz/factorio-blueprint-visualizer/blob/master/examples/Rocket_Ship_1_Visualization.png,6,4,/PabloSnchz/factorio-blueprint-visualizer/tree/master/examples,5,4,/PabloSnchz/factorio-blueprint-visualizer/blob/master/examples/example_25.svg,2,2,/PabloSnchz/factorio-blueprint-visualizer/blob/master/examples/example_31.svg,2,2,/PabloSnchz/factorio-blueprint-visualizer/blob/master/examples/random_0077.svg,2,2,/PabloSnchz/factorio-blueprint-visualizer/blob/master/test_blueprints/Belts.jpg,2,2
2025-04-30,/PabloSnchz/factorio-blueprint-visualizer,70,53,/PabloSnchz/factorio-blueprint-visualizer/blob/master/README.md,13,4,/PabloSnchz/factorio-blueprint-visualizer/blob/master/drawing_settings_documentation.md,10,10,/PabloSnchz/factorio-blueprint-visualizer/blob/master/examples/Rocket_Ship_1.jpg,7,6,/PabloSnchz/factorio-blueprint-visualizer/blob/master/examples/Rocket_Ship_1_Visualization.png,6,4,/PabloSnchz/factorio-blueprint-visualizer/tree/master/examples,5,4,/PabloSnchz/factorio-blueprint-visualizer/blob/master/examples/example_25.svg,2,2,/PabloSnchz/factorio-blueprint-visualizer/blob/master/examples/example_31.svg,2,2,/PabloSnchz/factorio-blueprint-visualizer/blob/master/examples/random_0077.svg,2,2,/PabloSnchz/factorio-blueprint-visualizer/blob/master/test_blueprints/Belts.jpg,2,2
2025-05-01,/PabloSnchz/factorio-blueprint-visualizer,71,53,/PabloSnchz/factorio-blueprint-visualizer/blob/master/README.md,13,4,/PabloSnchz/factorio-blueprint-visualizer/blob/master/drawing_settings_documentation.md,11,11,/PabloSnchz/factorio-blueprint-visualizer/blob/master/examples/Rocket_Ship_1.jpg,8,7,/PabloSnchz/factorio-blueprint-visualizer/blob/master/examples/Rocket_Ship_1_Visualization.png,5,3,/PabloSnchz/factorio-blueprint-visualizer/tree/master/examples,4,4,/PabloSnchz/factorio-blueprint-visualizer/blob/master/examples/example_12.svg,2,2,/PabloSnchz/factorio-blueprint-visualizer/blob/master/examples/example_25.svg,2,2,/PabloSnchz/factorio-blueprint-visualizer/blob/master/examples/random_0077.svg,2,2,/PabloSnchz/factorio-blueprint-visualizer/blob/master/test_blueprints/Belts.jpg,2,2
2025-05-02,/PabloSnchz/factorio-blueprint-visualizer,70,52,/PabloSnchz/factorio-blueprint-visualizer/blob/master/README.md,12,4,/PabloSnchz/factorio-blueprint-visualizer/blob/master/drawing_settings_documentation.md,11,11,/PabloSnchz/factorio-blueprint-visualizer/blob/master/examples/Rocket_Ship_1.jpg,8,7,/PabloSnchz/factorio-blueprint-visualizer/blob/master/examples/Rocket_Ship_1_Visualization.png,5,3,/PabloSnchz/factorio-blueprint-visualizer/tree/master/examples,4,4,/PabloSnchz/factorio-blueprint-visualizer/blob/master/examples/example_12.svg,2,2,/PabloSnchz/factorio-blueprint-visualizer/blob/master/examples/example_25.svg,2,2,/PabloSnchz/factorio-blueprint-visualizer/blob/master/examples/random_0077.svg,2,2,/PabloSnchz/factorio-blueprint-visualizer/blob/master/test_blueprints/Belts.jpg,2,2
2025-05-03,/PabloSnchz/factorio-blueprint-visualizer,71,50,/PabloSnchz/factorio-blueprint-visualizer/blob/master/README.md,11,3,/PabloSnchz/factorio-blueprint-visualizer/blob/master/drawing_settings_documentation.md,10,10,/PabloSnchz/factorio-blueprint-visualizer/blob/master/examples/Rocket_Ship_1.jpg,7,6,/PabloSnchz/factorio-blueprint-visualizer/blob/master/examples/Rocket_Ship_1_Visualization.png,5,3,/PabloSnchz/factorio-blueprint-visualizer/tree/master/examples,3,3,/PabloSnchz/factorio-blueprint-visualizer/blob/master/examples/example_12.svg,2,2,/PabloSnchz/factorio-blueprint-visualizer/blob/master/examples/example_25.svg,2,2,/PabloSnchz/factorio-blueprint-visualizer/blob/master/examples/random_0077.svg,2,2,/PabloSnchz/factorio-blueprint-visualizer/blob/master/examples/example_00.svg,2,1
2025-05-04,/PabloSnchz/factorio-blueprint-visualizer,76,51,/PabloSnchz/factorio-blueprint-visualizer/blob/master/drawing_settings_documentation.md,9,9,/PabloSnchz/factorio-blueprint-visualizer/blob/master/README.md,8,3,/PabloSnchz/factorio-blueprint-visualizer/blob/master/examples/Rocket_Ship_1.jpg,6,5,/PabloSnchz/factorio-blueprint-visualizer/blob/master/examples/Rocket_Ship_1_Visualization.png,4,2,/PabloSnchz/factorio-blueprint-visualizer/tree/master/examples,3,3,/PabloSnchz/factorio-blueprint-visualizer/blob/master/examples/example_03.svg,2,2,/PabloSnchz/factorio-blueprint-visualizer/blob/master/examples/example_12.svg,2,2,/PabloSnchz/factorio-blueprint-visualizer/blob/master/examples/random_0077.svg,2,2,/PabloSnchz/factorio-blueprint-visualizer/tree/master/scripts,2,2
2025-05-05,/PabloSnchz/factorio-blueprint-visualizer,82,58,/PabloSnchz/factorio-blueprint-visualizer/blob/master/drawing_settings_documentation.md,11,10,/PabloSnchz/factorio-blueprint-visualizer/blob/master/README.md,7,3,/PabloSnchz/factorio-blueprint-visualizer/blob/master/examples/Rocket_Ship_1.jpg,6,5,/PabloSnchz/factorio-blueprint-visualizer/blob/master/examples/random_0077.svg,5,3,/PabloSnchz/factorio-blueprint-visualizer/blob/master/examples/Rocket_Ship_1_Visualization.png,4,2,/PabloSnchz/factorio-blueprint-visualizer/tree/master/examples,3,3,/PabloSnchz/factorio-blueprint-visualizer/blob/master/examples/example_03.svg,2,2,/PabloSnchz/factorio-blueprint-visualizer/blob/master/examples/example_12.svg,2,2,/PabloSnchz/factorio-blueprint-visualizer/blob/master/examples/example_23.svg,2,2
2025-05-06,/PabloSnchz/factorio-blueprint-visualizer,80,58,/PabloSnchz/factorio-blueprint-visualizer/blob/master/drawing_settings_documentation.md,10,9,/PabloSnchz/factorio-blueprint-visualizer/blob/master/examples/Rocket_Ship_1.jpg,6,5,/PabloSnchz/factorio-blueprint-visualizer/blob/master/README.md,6,3,/PabloSnchz/factorio-blueprint-visualizer/blob/master/examples/random_0077.svg,5,3,/PabloSnchz/factorio-blueprint-visualizer/blob/master/examples/Rocket_Ship_1_Visualization.png,4,2,/PabloSnchz/factorio-blueprint-visualizer/tree/master/examples,3,3,/PabloSnchz/factorio-blueprint-visualizer/blob/master/examples/example_03.svg,2,2,/PabloSnchz/factorio-blueprint-visualizer/blob/master/examples/example_12.svg,2,2,/PabloSnchz/factorio-blueprint-visualizer/blob/master/examples/example_23.svg,2,2
2025-05-07,/PabloSnchz/factorio-blueprint-visualizer,70,53,/PabloSnchz/factorio-blueprint-visualizer/blob/master/drawing_settings_documentation.md,8,7,/PabloSnchz/factorio-blueprint-visualizer/blob/master/examples/Rocket_Ship_1.jpg,5,4,/PabloSnchz/factorio-blueprint-visualizer/blob/master/examples/random_0077.svg,5,3,/PabloSnchz/factorio-blueprint-visualizer/blob/master/README.md,4,2,/PabloSnchz/factorio-blueprint-visualizer/blob/master/examples/Rocket_Ship_1_Visualization.png,3,1,/PabloSnchz/factorio-blueprint-visualizer/blob/master/examples/example_03.svg,2,2,/PabloSnchz/factorio-blueprint-visualizer/blob/master/examples/example_12.svg,2,2,/PabloSnchz/factorio-blueprint-visualizer/blob/master/examples/example_23.svg,2,2,/PabloSnchz/factorio-blueprint-visualizer/tree/master/examples,2,2
2025-05-08,/PabloSnchz/factorio-blueprint-visualizer,65,52,/PabloSnchz/factorio-blueprint-visualizer/blob/master/drawing_settings_documentation.md,8,7,/PabloSnchz/factorio-blueprint-visualizer/blob/master/examples/Rocket_Ship_1.jpg,5,4,/PabloSnchz/factorio-blueprint-visualizer/blob/master/examples/random_0077.svg,4,2,/PabloSnchz/factorio-blueprint-visualizer/blob/master/README.md,3,2,/PabloSnchz/factorio-blueprint-visualizer/blob/master/examples/Rocket_Ship_1_Visualization.png,3,1,/PabloSnchz/factorio-blueprint-visualizer/blob/master/examples/example_03.svg,2,2,/PabloSnchz/factorio-blueprint-visualizer/blob/master/examples/example_12.svg,2,2,/PabloSnchz/factorio-blueprint-visualizer/blob/master/examples/example_23.svg,2,2,/PabloSnchz/factorio-blueprint-visualizer/tree/master/examples,2,2
2025-05-09,/PabloSnchz/factorio-blueprint-visualizer,63,51,/PabloSnchz/factorio-blueprint-visualizer/blob/master/drawing_settings_documentation.md,6,5,/PabloSnchz/factorio-blueprint-visualizer/blob/master/examples/Rocket_Ship_1.jpg,3,3,/PabloSnchz/factorio-blueprint-visualizer/blob/master/examples/random_0077.svg,3,1,/PabloSnchz/factorio-blueprint-visualizer/blob/master/README.md,2,2,/PabloSnchz/factorio-blueprint-visualizer/tree/master/examples,2,2,/PabloSnchz/factorio-blueprint-visualizer/tree/master/scripts,2,2,/PabloSnchz/factorio-blueprint-visualizer/actions,1,1,/PabloSnchz/factorio-blueprint-visualizer/blame/master/examples/random_0077.svg,1,1,/PabloSnchz/factorio-blueprint-visualizer/blob/master/examples/example_03.svg,1,1
2025-05-10,/PabloSnchz/factorio-blueprint-visualizer,65,51,/PabloSnchz/factorio-blueprint-visualizer/blob/master/drawing_settings_documentation.md,9,7,/PabloSnchz/factorio-blueprint-visualizer/blob/master/examples/Rocket_Ship_1.jpg,3,3,/PabloSnchz/factorio-blueprint-visualizer/blob/master/examples/random_0077.svg,3,1,/PabloSnchz/factorio-blueprint-visualizer/blob/master/README.md,2,2,/PabloSnchz/factorio-blueprint-visualizer/tree/master/examples,2,2,/PabloSnchz/factorio-blueprint-visualizer/tree/master/scripts,2,2,/PabloSnchz/factorio-blueprint-visualizer/actions,1,1,/PabloSnchz/factorio-blueprint-visualizer/blame/master/examples/random_0077.svg,1,1,/PabloSnchz/factorio-blueprint-visualizer/blob/master/examples/example_03.svg,1,1
2025-05-11,/PabloSnchz/factorio-blueprint-visualizer,70,56,/PabloSnchz/factorio-blueprint-visualizer/blob/master/drawing_settings_documentation.md,10,8,/PabloSnchz/factorio-blueprint-visualizer/blob/master/examples/Rocket_Ship_1.jpg,4,4,/PabloSnchz/factorio-blueprint-visualizer/blob/master/examples/random_0077.svg,3,1,/PabloSnchz/factorio-blueprint-visualizer/blob/master/README.md,2,2,/PabloSnchz/factorio-blueprint-visualizer/tree/master/examples,2,2,/PabloSnchz/factorio-blueprint-visualizer/tree/master/scripts,2,2,/PabloSnchz/factorio-blueprint-visualizer/tree/master/website,2,2,/PabloSnchz/factorio-blueprint-visualizer/actions,1,1,/PabloSnchz/factorio-blueprint-visualizer/blame/master/examples/random_0077.svg,1,1
2025-05-12,/PabloSnchz/factorio-blueprint-visualizer,69,55,/PabloSnchz/factorio-blueprint-visualizer/blob/master/drawing_settings_documentation.md,10,8,/PabloSnchz/factorio-blueprint-visualizer/blob/master/examples/Rocket_Ship_1.jpg,5,5,/PabloSnchz/factorio-blueprint-visualizer/blob/master/examples/random_0077.svg,3,1,/PabloSnchz/factorio-blueprint-visualizer/tree/master/examples,2,2,/PabloSnchz/factorio-blueprint-visualizer/tree/master/scripts,2,2,/PabloSnchz/factorio-blueprint-visualizer/tree/master/website,2,2,/PabloSnchz/factorio-blueprint-visualizer/actions,1,1,/PabloSnchz/factorio-blueprint-visualizer/blame/master/examples/random_0077.svg,1,1,/PabloSnchz/factorio-blueprint-visualizer/blob/master/examples/example_03.svg,1,1
2025-05-13,/PabloSnchz/factorio-blueprint-visualizer,69,54,/PabloSnchz/factorio-blueprint-visualizer/blob/master/drawing_settings_documentation.md,9,7,/PabloSnchz/factorio-blueprint-visualizer/blob/master/examples/Rocket_Ship_1.jpg,5,5,/PabloSnchz/factorio-blueprint-visualizer/blob/master/examples/random_0077.svg,4,2,/PabloSnchz/factorio-blueprint-visualizer/tree/master/examples,2,2,/PabloSnchz/factorio-blueprint-visualizer/tree/master/scripts,2,2,/PabloSnchz/factorio-blueprint-visualizer/tree/master/website,2,2,/PabloSnchz/factorio-blueprint-visualizer/actions,1,1,/PabloSnchz/factorio-blueprint-visualizer/blame/master/examples/random_0077.svg,1,1,/PabloSnchz/factorio-blueprint-visualizer/blob/master/examples/example_03.svg,1,1
2025-05-14,/PabloSnchz/factorio-blueprint-visualizer,66,51,/PabloSnchz/factorio-blueprint-visualizer/blob/master/drawing_settings_documentation.md,8,6,/PabloSnchz/factorio-blueprint-visualizer/blob/master/examples/Rocket_Ship_1.jpg,4,4,/PabloSnchz/factorio-blueprint-visualizer/blob/master/examples/random_0077.svg,4,2,/PabloSnchz/factorio-blueprint-visualizer/tree/master/website,2,2,/PabloSnchz/factorio-blueprint-visualizer/actions,1,1,/PabloSnchz/factorio-blueprint-visualizer/blame/master/examples/random_0077.svg,1,1,/PabloSnchz/factorio-blueprint-visualizer/blob/master/examples/example_03.svg,1,1,/PabloSnchz/factorio-blueprint-visualizer/blob/master/examples/example_23.svg,1,1,/PabloSnchz/factorio-blueprint-visualizer/blob/master/examples/Rocket_Ship_1_Visualization.png,1,1
2025-05-15,/PabloSnchz/factorio-blueprint-visualizer,67,51,/PabloSnchz/factorio-blueprint-visualizer/blob/master/drawing_settings_documentation.md,9,6,/PabloSnchz/factorio-blueprint-visualizer/blob/master/examples/Rocket_Ship_1.jpg,4,4,/PabloSnchz/factorio-blueprint-visualizer/blob/master/examples/random_0077.svg,4,2,/PabloSnchz/factorio-blueprint-visualizer/issues,2,2,/PabloSnchz/factorio-blueprint-visualizer/tree/master/website,2,2,/PabloSnchz/factorio-blueprint-visualizer/actions,1,1,/PabloSnchz/factorio-blueprint-visualizer/blame/master/examples/random_0077.svg,1,1,/PabloSnchz/factorio-blueprint-visualizer/blob/master/examples/example_03.svg,1,1,/PabloSnchz/factorio-blueprint-visualizer/blob/master/examples/example_23.svg,1,1
2025-05-16,/PabloSnchz/factorio-blueprint-visualizer,65,50,/PabloSnchz/factorio-blueprint-visualizer/blob/master/drawing_settings_documentation.md,8,5,/PabloSnchz/factorio-blueprint-visualizer/blob/master/examples/Rocket_Ship_1.jpg,4,4,/PabloSnchz/factorio-blueprint-visualizer/blob/master/examples/random_0077.svg,4,2,/PabloSnchz/factorio-blueprint-visualizer/tree/master/website,2,2,/PabloSnchz/factorio-blueprint-visualizer/blame/master/examples/random_0077.svg,1,1,/PabloSnchz/factorio-blueprint-visualizer/blob/master/examples/example_03.svg,1,1,/PabloSnchz/factorio-blueprint-visualizer/blob/master/examples/example_23.svg,1,1,/PabloSnchz/factorio-blueprint-visualizer/blob/master/examples/Rocket_Ship_1_Visualization.png,1,1,/PabloSnchz/factorio-blueprint-visualizer/blob/master/README.md,1,1
2025-05-17,/PabloSnchz/factorio-blueprint-visualizer,57,48,/PabloSnchz/factorio-blueprint-visualizer/blob/master/drawing_settings_documentation.md,8,5,/PabloSnchz/factorio-blueprint-visualizer/blob/master/examples/random_0077.svg,4,2,/PabloSnchz/factorio-blueprint-visualizer/blob/master/examples/Rocket_Ship_1.jpg,3,3,/PabloSnchz/factorio-blueprint-visualizer/blame/master/examples/random_0077.svg,1,1,/PabloSnchz/factorio-blueprint-visualizer/blob/master/examples/example_23.svg,1,1,/PabloSnchz/factorio-blueprint-visualizer/blob/master/examples/Rocket_Ship_1_Visualization.png,1,1,/PabloSnchz/factorio-blueprint-visualizer/blob/master/README.md,1,1,/PabloSnchz/factorio-blueprint-visualizer/commit/bc107c99be432e1fa31a7691ec7c707f3bad0bb9,1,1,/PabloSnchz/factorio-blueprint-visualizer/deployments,1,1
2025-05-18,/PabloSnchz/factorio-blueprint-visualizer,52,44,/PabloSnchz/factorio-blueprint-visualizer/blob/master/drawing_settings_documentation.md,6,4,/PabloSnchz/factorio-blueprint-visualizer/blob/master/examples/Rocket_Ship_1.jpg,3,3,/PabloSnchz/factorio-blueprint-visualizer/blob/master/examples/random_0077.svg,1,1,/PabloSnchz/factorio-blueprint-visualizer/blob/master/examples/Rocket_Ship_1_Visualization.png,1,1,/PabloSnchz/factorio-blueprint-visualizer/blob/master/README.md,1,1,/PabloSnchz/factorio-blueprint-visualizer/commit/bc107c99be432e1fa31a7691ec7c707f3bad0bb9,1,1,/PabloSnchz/factorio-blueprint-visualizer/deployments,1,1,/PabloSnchz/factorio-blueprint-visualizer/deployments/github-pages,1,1,/PabloSnchz/factorio-blueprint-visualizer/issues,1,1
2025-05-19,/PabloSnchz/factorio-blueprint-visualizer,49,41,/PabloSnchz/factorio-blueprint-visualizer/blob/master/drawing_settings_documentation.md,6,4,/PabloSnchz/factorio-blueprint-visualizer/blob/master/examples/Rocket_Ship_1.jpg,2,2,/PabloSnchz/factorio-blueprint-visualizer/blob/master/examples/random_0077.svg,1,1,/PabloSnchz/factorio-blueprint-visualizer/blob/master/examples/Rocket_Ship_1_Visualization.png,1,1,/PabloSnchz/factorio-blueprint-visualizer/blob/master/README.md,1,1,/PabloSnchz/factorio-blueprint-visualizer/issues,1,1,/PabloSnchz/factorio-blueprint-visualizer/tree/master/website,1,1,,,,,,
2025-05-20,/PabloSnchz/factorio-blueprint-visualizer,50,42,/PabloSnchz/factorio-blueprint-visualizer/blob/master/drawing_settings_documentation.md,7,5,/PabloSnchz/factorio-blueprint-visualizer/blob/master/examples/Rocket_Ship_1.jpg,2,2,/PabloSnchz/factorio-blueprint-visualizer/blob/master/examples/random_0077.svg,1,1,/PabloSnchz/factorio-blueprint-visualizer/blob/master/examples/Rocket_Ship_1_Visualization.png,1,1,/PabloSnchz/factorio-blueprint-visualizer/blob/master/README.md,1,1,/PabloSnchz/factorio-blueprint-visualizer/issues,1,1,/PabloSnchz/factorio-blueprint-visualizer/tree/master/website,1,1,,,,,,
2025-05-21,/PabloSnchz/factorio-blueprint-visualizer,50,42,/PabloSnchz/factorio-blueprint-visualizer/blob/master/drawing_settings_documentation.md,8,6,/PabloSnchz/factorio-blueprint-visualizer/blob/master/examples/Rocket_Ship_1.jpg,2,2,/PabloSnchz/factorio-blueprint-visualizer/blob/master/examples/random_0077.svg,1,1,/PabloSnchz/factorio-blueprint-visualizer/blob/master/examples/Rocket_Ship_1_Visualization.png,1,1,/PabloSnchz/factorio-blueprint-visualizer/blob/master/README.md,1,1,/PabloSnchz/factorio-blueprint-visualizer/issues,1,1,/PabloSnchz/factorio-blueprint-visualizer/tree/master,1,1,/PabloSnchz/factorio-blueprint-visualizer/tree/master/test_blueprints,1,1,/PabloSnchz/factorio-blueprint-visualizer/tree/master/website,1,1
2025-05-22,/PabloSnchz/factorio-blueprint-visualizer,50,45,/PabloSnchz/factorio-blueprint-visualizer/blob/master/drawing_settings_documentation.md,10,8,/PabloSnchz/factorio-blueprint-visualizer/blob/master/examples/Rocket_Ship_1.jpg,2,2,/PabloSnchz/factorio-blueprint-visualizer/blob/master/examples/random_0077.svg,1,1,/PabloSnchz/factorio-blueprint-visualizer/blob/master/examples/Rocket_Ship_1_Visualization.png,1,1,/PabloSnchz/factorio-blueprint-visualizer/blob/master/README.md,1,1,/PabloSnchz/factorio-blueprint-visualizer/issues,1,1,/PabloSnchz/factorio-blueprint-visualizer/tree/master,1,1,/PabloSnchz/factorio-blueprint-visualizer/tree/master/test_blueprints,1,1,/PabloSnchz/factorio-blueprint-visualizer/tree/master/website,1,1
2025-05-23,/PabloSnchz/factorio-blueprint-visualizer,45,41,/PabloSnchz/factorio-blueprint-visualizer/blob/master/drawing_settings_documentation.md,8,7,/PabloSnchz/factorio-blueprint-visualizer/blob/master/examples/Rocket_Ship_1.jpg,2,2,/PabloSnchz/factorio-blueprint-visualizer/blob/master/examples/random_0077.svg,1,1,/PabloSnchz/factorio-blueprint-visualizer/blob/master/examples/Rocket_Ship_1_Visualization.png,1,1,/PabloSnchz/factorio-blueprint-visualizer/issues,1,1,/PabloSnchz/factorio-blueprint-visualizer/tree/master,1,1,/PabloSnchz/factorio-blueprint-visualizer/tree/master/test_blueprints,1,1,/PabloSnchz/factorio-blueprint-visualizer/tree/master/website,1,1,,,
2025-05-24,/PabloSnchz/factorio-blueprint-visualizer,40,36,/PabloSnchz/factorio-blueprint-visualizer/blob/master/drawing_settings_documentation.md,7,6,/PabloSnchz/factorio-blueprint-visualizer/blob/master/examples/random_0077.svg,1,1,/PabloSnchz/factorio-blueprint-visualizer/blob/master/examples/Rocket_Ship_1.jpg,1,1,/PabloSnchz/factorio-blueprint-visualizer/blob/master/examples/Rocket_Ship_1_Visualization.png,1,1,/PabloSnchz/factorio-blueprint-visualizer/issues,1,1,/PabloSnchz/factorio-blueprint-visualizer/tree/master,1,1,/PabloSnchz/factorio-blueprint-visualizer/tree/master/test_blueprints,1,1,,,,,,
2025-05-25,/PabloSnchz/factorio-blueprint-visualizer,40,37,/PabloSnchz/factorio-blueprint-visualizer/blob/master/drawing_settings_documentation.md,7,6,/PabloSnchz/factorio-blueprint-visualizer/blob/master/examples/random_0077.svg,1,1,/PabloSnchz/factorio-blueprint-visualizer/blob/master/examples/Rocket_Ship_1_Visualization.png,1,1,/PabloSnchz/factorio-blueprint-visualizer/issues,1,1,/PabloSnchz/factorio-blueprint-visualizer/tree/master,1,1,/PabloSnchz/factorio-blueprint-visualizer/tree/master/test_blueprints,1,1,,,,,,,,,
2025-05-26,/PabloSnchz/factorio-blueprint-visualizer,40,36,/PabloSnchz/factorio-blueprint-visualizer/blob/master/drawing_settings_documentation.md,7,6,/PabloSnchz/factorio-blueprint-visualizer/blob/master/examples/example_00.svg,1,1,/PabloSnchz/factorio-blueprint-visualizer/blob/master/examples/Rocket_Ship_1.jpg,1,1,/PabloSnchz/factorio-blueprint-visualizer/issues,1,1,/PabloSnchz/factorio-blueprint-visualizer/tree/master,1,1,/PabloSnchz/factorio-blueprint-visualizer/tree/master/test_blueprints,1,1,,,,,,,,,
2025-05-27,/PabloSnchz/factorio-blueprint-visualizer,39,33,/PabloSnchz/factorio-blueprint-visualizer/blob/master/drawing_settings_documentation.md,8,7,/PabloSnchz/factorio-blueprint-visualizer/blob/master/examples/example_00.svg,1,1,/PabloSnchz/factorio-blueprint-visualizer/blob/master/examples/Rocket_Ship_1.jpg,1,1,/PabloSnchz/factorio-blueprint-visualizer/issues,1,1,/PabloSnchz/factorio-blueprint-visualizer/tree/master,1,1,/PabloSnchz/factorio-blueprint-visualizer/tree/master/test_blueprints,1,1,,,,,,,,,
2025-05-28,/PabloSnchz/factorio-blueprint-visualizer,41,35,/PabloSnchz/factorio-blueprint-visualizer/blob/master/drawing_settings_documentation.md,7,7,/PabloSnchz/factorio-blueprint-visualizer/blob/master/examples/Rocket_Ship_1.jpg,2,2,/PabloSnchz/factorio-blueprint-visualizer/blob/master/examples/example_00.svg,1,1,/PabloSnchz/factorio-blueprint-visualizer/issues,1,1,/PabloSnchz/factorio-blueprint-visualizer/tree/master,1,1,/PabloSnchz/factorio-blueprint-visualizer/tree/master/test_blueprints,1,1,,,,,,,,,
2025-05-29,/PabloSnchz/factorio-blueprint-visualizer,40,35,/PabloSnchz/factorio-blueprint-visualizer/blob/master/drawing_settings_documentation.md,10,10,/PabloSnchz/factorio-blueprint-visualizer/blob/master/examples/Rocket_Ship_1.jpg,2,2,/PabloSnchz/factorio-blueprint-visualizer/blob/master/examples/example_00.svg,1,1,/PabloSnchz/factorio-blueprint-visualizer/issues,1,1,/PabloSnchz/factorio-blueprint-visualizer/tree/master,1,1,/PabloSnchz/factorio-blueprint-visualizer/tree/master/test_blueprints,1,1,,,,,,,,,
2025-05-30,/PabloSnchz/factorio-blueprint-visualizer,41,36,/PabloSnchz/factorio-blueprint-visualizer/blob/master/drawing_settings_documentation.md,11,11,/PabloSnchz/factorio-blueprint-visualizer/blob/master/examples/Rocket_Ship_1.jpg,2,2,/PabloSnchz/factorio-blueprint-visualizer/blob/master/examples/example_00.svg,1,1,/PabloSnchz/factorio-blueprint-visualizer/issues,1,1,/PabloSnchz/factorio-blueprint-visualizer/tree/master,1,1,/PabloSnchz/factorio-blueprint-visualizer/tree/master/test_blueprints,1,1,,,,,,,,,
2025-05-31,/PabloSnchz/factorio-blueprint-visualizer,44,37,/PabloSnchz/factorio-blueprint-visualizer/blob/master/drawing_settings_documentation.md,11,11,/PabloSnchz/factorio-blueprint-visualizer/blob/master/examples/Rocket_Ship_1.jpg,2,2,/PabloSnchz/factorio-blueprint-visualizer/issues,2,2,/PabloSnchz/factorio-blueprint-visualizer/blob/master/examples/example_00.svg,1,1,/PabloSnchz/factorio-blueprint-visualizer/tree/master,1,1,/PabloSnchz/factorio-blueprint-visualizer/tree/master/test_blueprints,1,1,,,,,,,,,
2025-06-01,/PabloSnchz/factorio-blueprint-visualizer,49,39,/PabloSnchz/factorio-blueprint-visualizer/blob/master/drawing_settings_documentation.md,15,12,/PabloSnchz/factorio-blueprint-visualizer/blob/master/examples/Rocket_Ship_1.jpg,2,2,/PabloSnchz/factorio-blueprint-visualizer/issues,2,2,/PabloSnchz/factorio-blueprint-visualizer/blob/master/examples/example_00.svg,1,1,/PabloSnchz/factorio-blueprint-visualizer/blob/master/README.md,1,1,/PabloSnchz/factorio-blueprint-visualizer/tree/master,1,1,/PabloSnchz/factorio-blueprint-visualizer/tree/master/test_blueprints,1,1,,,,,,
2025-06-02,/PabloSnchz/factorio-blueprint-visualizer,55,39,/PabloSnchz/factorio-blueprint-visualizer/blob/master/drawing_settings_documentation.md,19,14,/PabloSnchz/factorio-blueprint-visualizer/blob/master/examples/Rocket_Ship_1.jpg,2,2,/PabloSnchz/factorio-blueprint-visualizer/issues,2,2,/PabloSnchz/factorio-blueprint-visualizer/tree/master,2,2,/PabloSnchz/factorio-blueprint-visualizer/blob/master/drawingSettings.js,1,1,/PabloSnchz/factorio-blueprint-visualizer/blob/master/examples/example_00.svg,1,1,/PabloSnchz/factorio-blueprint-visualizer/blob/master/README.md,1,1,/PabloSnchz/factorio-blueprint-visualizer/tree/master/examples,1,1,/PabloSnchz/factorio-blueprint-visualizer/tree/master/scripts,1,1
2025-06-03,/PabloSnchz/factorio-blueprint-visualizer,58,41,/PabloSnchz/factorio-blueprint-visualizer/blob/master/drawing_settings_documentation.md,18,13,/PabloSnchz/factorio-blueprint-visualizer/blob/master/examples/Rocket_Ship_1.jpg,2,2,/PabloSnchz/factorio-blueprint-visualizer/issues,2,2,/PabloSnchz/factorio-blueprint-visualizer/blob/master/drawingSettings.js,1,1,/PabloSnchz/factorio-blueprint-visualizer/blob/master/examples/example_00.svg,1,1,/PabloSnchz/factorio-blueprint-visualizer/blob/master/README.md,1,1,/PabloSnchz/factorio-blueprint-visualizer/tree/master,1,1,/PabloSnchz/factorio-blueprint-visualizer/tree/master/examples,1,1,/PabloSnchz/factorio-blueprint-visualizer/tree/master/scripts,1,1
2025-06-04,/PabloSnchz/factorio-blueprint-visualizer,62,41,/PabloSnchz/factorio-blueprint-visualizer/blob/master/drawing_settings_documentation.md,16,11,/PabloSnchz/factorio-blueprint-visualizer/blob/master/examples/Rocket_Ship_1.jpg,2,2,/PabloSnchz/factorio-blueprint-visualizer/issues,2,2,/PabloSnchz/factorio-blueprint-visualizer/blob/master/drawingSettings.js,1,1,/PabloSnchz/factorio-blueprint-visualizer/blob/master/examples/example_00.svg,1,1,/PabloSnchz/factorio-blueprint-visualizer/blob/master/index.html,1,1,/PabloSnchz/factorio-blueprint-visualizer/blob/master/README.md,1,1,/PabloSnchz/factorio-blueprint-visualizer/tree/master,1,1,/PabloSnchz/factorio-blueprint-visualizer/tree/master/examples,1,1
2025-06-05,/PabloSnchz/factorio-blueprint-visualizer,66,45,/PabloSnchz/factorio-blueprint-visualizer/blob/master/drawing_settings_documentation.md,15,10,/PabloSnchz/factorio-blueprint-visualizer/blob/master/examples/Rocket_Ship_1.jpg,2,2,/PabloSnchz/factorio-blueprint-visualizer/issues,2,2,/PabloSnchz/factorio-blueprint-visualizer/blob/master/drawingSettings.js,1,1,/PabloSnchz/factorio-blueprint-visualizer/blob/master/examples/example_00.svg,1,1,/PabloSnchz/factorio-blueprint-visualizer/blob/master/index.html,1,1,/PabloSnchz/factorio-blueprint-visualizer/blob/master/README.md,1,1,/PabloSnchz/factorio-blueprint-visualizer/tree/master,1,1,/PabloSnchz/factorio-blueprint-visualizer/tree/master/examples,1,1
2025-06-06,/PabloSnchz/factorio-blueprint-visualizer,74,48,/PabloSnchz/factorio-blueprint-visualizer/blob/master/drawing_settings_documentation.md,16,11,/PabloSnchz/factorio-blueprint-visualizer/blob/master/examples/Rocket_Ship_1.jpg,2,2,/PabloSnchz/factorio-blueprint-visualizer/issues,2,2,/PabloSnchz/factorio-blueprint-visualizer/blob/master/drawingSettings.js,1,1,/PabloSnchz/factorio-blueprint-visualizer/blob/master/examples/example_00.svg,1,1,/PabloSnchz/factorio-blueprint-visualizer/blob/master/index.html,1,1,/PabloSnchz/factorio-blueprint-visualizer/blob/master/README.md,1,1,/PabloSnchz/factorio-blueprint-visualizer/tree/master,1,1,/PabloSnchz/factorio-blueprint-visualizer/tree/master/examples,1,1
2025-06-07,/PabloSnchz/factorio-blueprint-visualizer,78,51,/PabloSnchz/factorio-blueprint-visualizer/blob/master/drawing_settings_documentation.md,17,12,/PabloSnchz/factorio-blueprint-visualizer/blob/master/examples/Rocket_Ship_1.jpg,2,2,/PabloSnchz/factorio-blueprint-visualizer/issues,2,2,/PabloSnchz/factorio-blueprint-visualizer/blob/master/drawingSettings.js,1,1,/PabloSnchz/factorio-blueprint-visualizer/blob/master/examples/example_00.svg,1,1,/PabloSnchz/factorio-blueprint-visualizer/blob/master/index.html,1,1,/PabloSnchz/factorio-blueprint-visualizer/blob/master/README.md,1,1,/PabloSnchz/factorio-blueprint-visualizer/tree/master,1,1,/PabloSnchz/factorio-blueprint-visualizer/tree/master/examples,1,1
2025-06-08,/PabloSnchz/factorio-blueprint-visualizer,76,51,/PabloSnchz/factorio-blueprint-visualizer/blob/master/drawing_settings_documentation.md,18,13,/PabloSnchz/factorio-blueprint-visualizer/blob/master/README.md,2,2,/PabloSnchz/factorio-blueprint-visualizer/issues,2,2,/PabloSnchz/factorio-blueprint-visualizer/blob/master/drawingSettings.js,1,1,/PabloSnchz/factorio-blueprint-visualizer/blob/master/examples/Rocket_Ship_1.jpg,1,1,/PabloSnchz/factorio-blueprint-visualizer/blob/master/index.html,1,1,/PabloSnchz/factorio-blueprint-visualizer/tree/master,1,1,/PabloSnchz/factorio-blueprint-visualizer/tree/master/examples,1,1,/PabloSnchz/factorio-blueprint-visualizer/tree/master/scripts,1,1
2025-06-09,/PabloSnchz/factorio-blueprint-visualizer,73,51,/PabloSnchz/factorio-blueprint-visualizer/blob/master/drawing_settings_documentation.md,17,12,/PabloSnchz/factorio-blueprint-visualizer/blob/master/README.md,2,2,/PabloSnchz/factorio-blueprint-visualizer/issues,2,2,/PabloSnchz/factorio-blueprint-visualizer/blob/master/drawingSettings.js,1,1,/PabloSnchz/factorio-blueprint-visualizer/blob/master/examples/Rocket_Ship_1.jpg,1,1,/PabloSnchz/factorio-blueprint-visualizer/blob/master/index.html,1,1,/PabloSnchz/factorio-blueprint-visualizer/tree/master,1,1,/PabloSnchz/factorio-blueprint-visualizer/tree/master/examples,1,1,/PabloSnchz/factorio-blueprint-visualizer/tree/master/scripts,1,1
2025-06-10,/PabloSnchz/factorio-blueprint-visualizer,72,50,/PabloSnchz/factorio-blueprint-visualizer/blob/master/drawing_settings_documentation.md,16,11,/PabloSnchz/factorio-blueprint-visualizer/blob/master/README.md,2,2,/PabloSnchz/factorio-blueprint-visualizer/blob/master/drawingSettings.js,1,1,/PabloSnchz/factorio-blueprint-visualizer/blob/master/index.html,1,1,/PabloSnchz/factorio-blueprint-visualizer/issues,1,1,/PabloSnchz/factorio-blueprint-visualizer/tree/master,1,1,/PabloSnchz/factorio-blueprint-visualizer/tree/master/examples,1,1,/PabloSnchz/factorio-blueprint-visualizer/tree/master/scripts,1,1,/PabloSnchz/factorio-blueprint-visualizer/tree/master/website,1,1
2025-06-11,/PabloSnchz/factorio-blueprint-visualizer,69,48,/PabloSnchz/factorio-blueprint-visualizer/blob/master/drawing_settings_documentation.md,14,9,/PabloSnchz/factorio-blueprint-visualizer/blob/master/README.md,2,2,/PabloSnchz/factorio-blueprint-visualizer/blob/master/drawingSettings.js,1,1,/PabloSnchz/factorio-blueprint-visualizer/blob/master/index.html,1,1,/PabloSnchz/factorio-blueprint-visualizer/issues,1,1,/PabloSnchz/factorio-blueprint-visualizer/tree/master,1,1,/PabloSnchz/factorio-blueprint-visualizer/tree/master/examples,1,1,/PabloSnchz/factorio-blueprint-visualizer/tree/master/scripts,1,1,/PabloSnchz/factorio-blueprint-visualizer/tree/master/website,1,1
2025-06-12,/PabloSnchz/factorio-blueprint-visualizer,69,48,/PabloSnchz/factorio-blueprint-visualizer/blob/master/drawing_settings_documentation.md,14,9,/PabloSnchz/factorio-blueprint-visualizer/blob/master/README.md,2,2,/PabloSnchz/factorio-blueprint-visualizer/blob/master/drawingSettings.js,1,1,/PabloSnchz/factorio-blueprint-visualizer/blob/master/index.html,1,1,/PabloSnchz/factorio-blueprint-visualizer/issues,1,1,/PabloSnchz/factorio-blueprint-visualizer/tree/master,1,1,/PabloSnchz/factorio-blueprint-visualizer/tree/master/examples,1,1,/PabloSnchz/factorio-blueprint-visualizer/tree/master/scripts,1,1,/PabloSnchz/factorio-blueprint-visualizer/tree/master/website,1,1
2025-06-13,/PabloSnchz/factorio-blueprint-visualizer,68,48,/PabloSnchz/factorio-blueprint-visualizer/blob/master/drawing_settings_documentation.md,14,9,/PabloSnchz/factorio-blueprint-visualizer/blob/master/README.md,2,2,/PabloSnchz/factorio-blueprint-visualizer/blob/master/drawingSettings.js,1,1,/PabloSnchz/factorio-blueprint-visualizer/blob/master/index.html,1,1,/PabloSnchz/factorio-blueprint-visualizer/tree/master,1,1,/PabloSnchz/factorio-blueprint-visualizer/tree/master/examples,1,1,/PabloSnchz/factorio-blueprint-visualizer/tree/master/scripts,1,1,/PabloSnchz/factorio-blueprint-visualizer/tree/master/website,1,1,,,
2025-06-14,/PabloSnchz/factorio-blueprint-visualizer,63,46,/PabloSnchz/factorio-blueprint-visualizer/blob/master/drawing_settings_documentation.md,10,8,/PabloSnchz/factorio-blueprint-visualizer/blob/master/drawingSettings.js,1,1,/PabloSnchz/factorio-blueprint-visualizer/blob/master/index.html,1,1,/PabloSnchz/factorio-blueprint-visualizer/blob/master/README.md,1,1,/PabloSnchz/factorio-blueprint-visualizer/tree/master,1,1,/PabloSnchz/factorio-blueprint-visualizer/tree/master/examples,1,1,/PabloSnchz/factorio-blueprint-visualizer/tree/master/scripts,1,1,/PabloSnchz/factorio-blueprint-visualizer/tree/master/website,1,1,,,
2025-06-15,/PabloSnchz/factorio-blueprint-visualizer,55,44,/PabloSnchz/factorio-blueprint-visualizer/blob/master/drawing_settings_documentation.md,5,5,/PabloSnchz/factorio-blueprint-visualizer/blob/master/index.html,1,1,/PabloSnchz/factorio-blueprint-visualizer/blob/master/README.md,1,1,/PabloSnchz/factorio-blueprint-visualizer/issues,1,1,/PabloSnchz/factorio-blueprint-visualizer/pulls,1,1,/PabloSnchz/factorio-blueprint-visualizer/tree/master/website,1,1,,,,,,,,,
2025-06-16,/PabloSnchz/factorio-blueprint-visualizer,54,40,/PabloSnchz/factorio-blueprint-visualizer/blob/master/drawing_settings_documentation.md,7,7,/PabloSnchz/factorio-blueprint-visualizer/blob/master/index.html,1,1,/PabloSnchz/factorio-blueprint-visualizer/blob/master/README.md,1,1,/PabloSnchz/factorio-blueprint-visualizer/issues,1,1,/PabloSnchz/factorio-blueprint-visualizer/pulls,1,1,/PabloSnchz/factorio-blueprint-visualizer/tree/master/examples,1,1,/PabloSnchz/factorio-blueprint-visualizer/tree/master/website,1,1,,,,,,
2025-06-17,/PabloSnchz/factorio-blueprint-visualizer,57,43,/PabloSnchz/factorio-blueprint-visualizer/blob/master/drawing_settings_documentation.md,8,8,/PabloSnchz/factorio-blueprint-visualizer/blob/master/README.md,1,1,/PabloSnchz/factorio-blueprint-visualizer/issues,1,1,/PabloSnchz/factorio-blueprint-visualizer/pulls,1,1,/PabloSnchz/factorio-blueprint-visualizer/tree/master/examples,1,1,/PabloSnchz/factorio-blueprint-visualizer/tree/master/website,1,1,,,,,,,,,
2025-06-18,/PabloSnchz/factorio-blueprint-visualizer,58,42,/PabloSnchz/factorio-blueprint-visualizer/blob/master/drawing_settings_documentation.md,8,8,/PabloSnchz/factorio-blueprint-visualizer/blob/master/README.md,1,1,/PabloSnchz/factorio-blueprint-visualizer/issues,1,1,/PabloSnchz/factorio-blueprint-visualizer/pulls,1,1,/PabloSnchz/factorio-blueprint-visualizer/tree/master/examples,1,1,,,,,,,,,,,,
2025-06-19,/PabloSnchz/factorio-blueprint-visualizer,53,41,/PabloSnchz/factorio-blueprint-visualizer/blob/master/drawing_settings_documentation.md,7,7,/PabloSnchz/factorio-blueprint-visualizer/blob/master/README.md,1,1,/PabloSnchz/factorio-blueprint-visualizer/issues,1,1,/PabloSnchz/factorio-blueprint-visualizer/pulls,1,1,/PabloSnchz/factorio-blueprint-visualizer/tree/master/examples,1,1,,,,,,,,,,,,
2025-06-20,/PabloSnchz/factorio-blueprint-visualizer,50,38,/PabloSnchz/factorio-blueprint-visualizer/blob/master/drawing_settings_documentation.md,6,6,/PabloSnchz/factorio-blueprint-visualizer/blob/master/README.md,1,1,/PabloSnchz/factorio-blueprint-visualizer/issues,1,1,/PabloSnchz/factorio-blueprint-visualizer/pulls,1,1,/PabloSnchz/factorio-blueprint-visualizer/tree/master/examples,1,1,,,,,,,,,,,,
2025-06-21,/PabloSnchz/factorio-blueprint-visualizer,56,40,/PabloSnchz/factorio-blueprint-visualizer/blob/master/drawing_settings_documentation.md,7,6,/PabloSnchz/factorio-blueprint-visualizer/tree/master/examples,2,2,/PabloSnchz/factorio-blueprint-visualizer/actions,1,1,/PabloSnchz/factorio-blueprint-visualizer/activity,1,1,/PabloSnchz/factorio-blueprint-visualizer/blob/master/examples/Rocket_Ship_1.jpg,1,1,/PabloSnchz/factorio-blueprint-visualizer/branches,1,1,/PabloSnchz/factorio-blueprint-visualizer/forks,1,1,/PabloSnchz/factorio-blueprint-visualizer/issues,1,1,/PabloSnchz/factorio-blueprint-visualizer/pulls,1,1
2025-06-22,/PabloSnchz/factorio-blueprint-visualizer,59,43,/PabloSnchz/factorio-blueprint-visualizer/blob/master/drawing_settings_documentation.md,7,6,/PabloSnchz/factorio-blueprint-visualizer/tree/master/examples,2,2,/PabloSnchz/factorio-blueprint-visualizer/actions,1,1,/PabloSnchz/factorio-blueprint-visualizer/activity,1,1,/PabloSnchz/factorio-blueprint-visualizer/blob/master/examples/Rocket_Ship_1.jpg,1,1,/PabloSnchz/factorio-blueprint-visualizer/blob/master/LICENSE,1,1,/PabloSnchz/factorio-blueprint-visualizer/branches,1,1,/PabloSnchz/factorio-blueprint-visualizer/forks,1,1,/PabloSnchz/factorio-blueprint-visualizer/issues,1,1
2025-06-23,/PabloSnchz/factorio-blueprint-visualizer,56,41,/PabloSnchz/factorio-blueprint-visualizer/blob/master/drawing_settings_documentation.md,7,6,/PabloSnchz/factorio-blueprint-visualizer/tree/master/examples,2,2,/PabloSnchz/factorio-blueprint-visualizer/actions,1,1,/PabloSnchz/factorio-blueprint-visualizer/activity,1,1,/PabloSnchz/factorio-blueprint-visualizer/blob/master/examples/Rocket_Ship_1.jpg,1,1,/PabloSnchz/factorio-blueprint-visualizer/blob/master/factorioBlueprintVisualizer/visualizer.py,1,1,/PabloSnchz/factorio-blueprint-visualizer/blob/master/LICENSE,1,1,/PabloSnchz/factorio-blueprint-visualizer/branches,1,1,/PabloSnchz/factorio-blueprint-visualizer/forks,1,1
2025-06-24,/PabloSnchz/factorio-blueprint-visualizer,59,43,/PabloSnchz/factorio-blueprint-visualizer/blob/master/drawing_settings_documentation.md,8,6,/PabloSnchz/factorio-blueprint-visualizer/blob/master/examples/Rocket_Ship_1.jpg,2,2,/PabloSnchz/factorio-blueprint-visualizer/tree/master/examples,2,2,/PabloSnchz/factorio-blueprint-visualizer/actions,1,1,/PabloSnchz/factorio-blueprint-visualizer/activity,1,1,/PabloSnchz/factorio-blueprint-visualizer/blob/master/factorioBlueprintVisualizer/visualizer.py,1,1,/PabloSnchz/factorio-blueprint-visualizer/blob/master/LICENSE,1,1,/PabloSnchz/factorio-blueprint-visualizer/branches,1,1,/PabloSnchz/factorio-blueprint-visualizer/forks,1,1
2025-06-25,/PabloSnchz/factorio-blueprint-visualizer,61,45,/PabloSnchz/factorio-blueprint-visualizer/blob/master/drawing_settings_documentation.md,8,6,/PabloSnchz/factorio-blueprint-visualizer/blob/master/examples/Rocket_Ship_1.jpg,2,2,/PabloSnchz/factorio-blueprint-visualizer/tree/master/examples,2,2,/PabloSnchz/factorio-blueprint-visualizer/actions,1,1,/PabloSnchz/factorio-blueprint-visualizer/activity,1,1,/PabloSnchz/factorio-blueprint-visualizer/blob/master/factorioBlueprintVisualizer/visualizer.py,1,1,/PabloSnchz/factorio-blueprint-visualizer/blob/master/LICENSE,1,1,/PabloSnchz/factorio-blueprint-visualizer/branches,1,1,/PabloSnchz/factorio-blueprint-visualizer/forks,1,1
2025-06-26,/PabloSnchz/factorio-blueprint-visualizer,55,40,/PabloSnchz/factorio-blueprint-visualizer/blob/master/drawing_settings_documentation.md,9,7,/PabloSnchz/factorio-blueprint-visualizer/blob/master/examples/Rocket_Ship_1.jpg,2,2,/PabloSnchz/factorio-blueprint-visualizer/tree/master/examples,2,2,/PabloSnchz/factorio-blueprint-visualizer/actions,1,1,/PabloSnchz/factorio-blueprint-visualizer/activity,1,1,/PabloSnchz/factorio-blueprint-visualizer/blob/master/factorioBlueprintVisualizer/visualizer.py,1,1,/PabloSnchz/factorio-blueprint-visualizer/blob/master/LICENSE,1,1,/PabloSnchz/factorio-blueprint-visualizer/branches,1,1,/PabloSnchz/factorio-blueprint-visualizer/forks,1,1
2025-06-27,/PabloSnchz/factorio-blueprint-visualizer,57,42,/PabloSnchz/factorio-blueprint-visualizer/blob/master/drawing_settings_documentation.md,9,7,/PabloSnchz/factorio-blueprint-visualizer/blob/master/examples/Rocket_Ship_1.jpg,2,2,/PabloSnchz/factorio-blueprint-visualizer/tree/master/examples,2,2,/PabloSnchz/factorio-blueprint-visualizer/actions,1,1,/PabloSnchz/factorio-blueprint-visualizer/activity,1,1,/PabloSnchz/factorio-blueprint-visualizer/blob/master/examples/example_25.svg,1,1,/PabloSnchz/factorio-blueprint-visualizer/blob/master/factorioBlueprintVisualizer/visualizer.py,1,1,/PabloSnchz/factorio-blueprint-visualizer/blob/master/LICENSE,1,1,/PabloSnchz/factorio-blueprint-visualizer/branches,1,1
2025-06-28,/PabloSnchz/factorio-blueprint-visualizer,66,47,/PabloSnchz/factorio-blueprint-visualizer/blob/master/drawing_settings_documentation.md,9,7,/PabloSnchz/factorio-blueprint-visualizer/blob/master/examples/Rocket_Ship_1.jpg,2,2,/PabloSnchz/factorio-blueprint-visualizer/tree/master/examples,2,2,/PabloSnchz/factorio-blueprint-visualizer/actions,1,1,/PabloSnchz/factorio-blueprint-visualizer/activity,1,1,/PabloSnchz/factorio-blueprint-visualizer/blob/master/examples/example_25.svg,1,1,/PabloSnchz/factorio-blueprint-visualizer/blob/master/factorioBlueprintVisualizer/visualizer.py,1,1,/PabloSnchz/factorio-blueprint-visualizer/blob/master/LICENSE,1,1,/PabloSnchz/factorio-blueprint-visualizer/branches,1,1
2025-06-29,/PabloSnchz/factorio-blueprint-visualizer,68,51,/PabloSnchz/factorio-blueprint-visualizer/blob/master/drawing_settings_documentation.md,10,7,/PabloSnchz/factorio-blueprint-visualizer/blob/master/examples/Rocket_Ship_1.jpg,2,2,/PabloSnchz/factorio-blueprint-visualizer/tree/master/scripts,2,2,/PabloSnchz/factorio-blueprint-visualizer/tree/master/test_blueprints,2,2,/PabloSnchz/factorio-blueprint-visualizer/actions,1,1,/PabloSnchz/factorio-blueprint-visualizer/activity,1,1,/PabloSnchz/factorio-blueprint-visualizer/blob/master/examples/example_25.svg,1,1,/PabloSnchz/factorio-blueprint-visualizer/blob/master/factorioBlueprintVisualizer/visualizer.py,1,1,/PabloSnchz/factorio-blueprint-visualizer/blob/master/LICENSE,1,1
2025-06-30,/PabloSnchz/factorio-blueprint-visualizer,58,45,/PabloSnchz/factorio-blueprint-visualizer/blob/master/drawing_settings_documentation.md,10,8,/PabloSnchz/factorio-blueprint-visualizer/blob/master/examples/Rocket_Ship_1.jpg,2,2,/PabloSnchz/factorio-blueprint-visualizer/tree/master/scripts,2,2,/PabloSnchz/factorio-blueprint-visualizer/tree/master/test_blueprints,2,2,/PabloSnchz/factorio-blueprint-visualizer/actions,1,1,/PabloSnchz/factorio-blueprint-visualizer/activity,1,1,/PabloSnchz/factorio-blueprint-visualizer/blob/master/examples/example_25.svg,1,1,/PabloSnchz/factorio-blueprint-visualizer/blob/master/factorioBlueprintVisualizer/visualizer.py,1,1,/PabloSnchz/factorio-blueprint-visualizer/blob/master/LICENSE,1,1
2025-07-01,/PabloSnchz/factorio-blueprint-visualizer,57,44,/PabloSnchz/factorio-blueprint-visualizer/blob/master/drawing_settings_documentation.md,10,8,/PabloSnchz/factorio-blueprint-visualizer/blob/master/examples/Rocket_Ship_1.jpg,2,2,/PabloSnchz/factorio-blueprint-visualizer/tree/master/scripts,2,2,/PabloSnchz/factorio-blueprint-visualizer/tree/master/test_blueprints,2,2,/PabloSnchz/factorio-blueprint-visualizer/actions,1,1,/PabloSnchz/factorio-blueprint-visualizer/activity,1,1,/PabloSnchz/factorio-blueprint-visualizer/blob/master/examples/example_25.svg,1,1,/PabloSnchz/factorio-blueprint-visualizer/blob/master/factorioBlueprintVisualizer/visualizer.py,1,1,/PabloSnchz/factorio-blueprint-visualizer/blob/master/LICENSE,1,1
2025-07-02,/PabloSnchz/factorio-blueprint-visualizer,55,43,/PabloSnchz/factorio-blueprint-visualizer/blob/master/drawing_settings_documentation.md,10,8,/PabloSnchz/factorio-blueprint-visualizer/blob/master/examples/Rocket_Ship_1.jpg,2,2,/PabloSnchz/factorio-blueprint-visualizer/tree/master/scripts,2,2,/PabloSnchz/factorio-blueprint-visualizer/tree/master/test_blueprints,2,2,/PabloSnchz/factorio-blueprint-visualizer/actions,1,1,/PabloSnchz/factorio-blueprint-visualizer/activity,1,1,/PabloSnchz/factorio-blueprint-visualizer/blob/master/examples/example_25.svg,1,1,/PabloSnchz/factorio-blueprint-visualizer/blob/master/factorioBlueprintVisualizer/visualizer.py,1,1,/PabloSnchz/factorio-blueprint-visualizer/blob/master/LICENSE,1,1
2025-07-03,/PabloSnchz/factorio-blueprint-visualizer,53,42,/PabloSnchz/factorio-blueprint-visualizer/blob/master/drawing_settings_documentation.md,10,8,/PabloSnchz/factorio-blueprint-visualizer/blob/master/examples/Rocket_Ship_1.jpg,2,2,/PabloSnchz/factorio-blueprint-visualizer/tree/master/scripts,2,2,/PabloSnchz/factorio-blueprint-visualizer/tree/master/test_blueprints,2,2,/PabloSnchz/factorio-blueprint-visualizer/actions,1,1,/PabloSnchz/factorio-blueprint-visualizer/activity,1,1,/PabloSnchz/factorio-blueprint-visualizer/blob/master/examples/example_25.svg,1,1,/PabloSnchz/factorio-blueprint-visualizer/blob/master/factorioBlueprintVisualizer/visualizer.py,1,1,/PabloSnchz/factorio-blueprint-visualizer/blob/master/LICENSE,1,1
2025-07-04,/PabloSnchz/factorio-blueprint-visualizer,47,36,/PabloSnchz/factorio-blueprint-visualizer/blob/master/drawing_settings_documentation.md,10,8,/PabloSnchz/factorio-blueprint-visualizer/blob/master/examples/example_25.svg,1,1,/PabloSnchz/factorio-blueprint-visualizer/blob/master/examples/Rocket_Ship_1.jpg,1,1,/PabloSnchz/factorio-blueprint-visualizer/blob/master/factorioBlueprintVisualizer/visualizer.py,1,1,/PabloSnchz/factorio-blueprint-visualizer/blob/master/LICENSE,1,1,/PabloSnchz/factorio-blueprint-visualizer/blob/master/README.md,1,1,/PabloSnchz/factorio-blueprint-visualizer/blob/master/scripts/download_factorio_raw_data.py,1,1,/PabloSnchz/factorio-blueprint-visualizer/pulls,1,1,/PabloSnchz/factorio-blueprint-visualizer/tree/master,1,1
2025-07-05,/PabloSnchz/factorio-blueprint-visualizer,46,34,/PabloSnchz/factorio-blueprint-visualizer/blob/master/drawing_settings_documentation.md,11,9,/PabloSnchz/factorio-blueprint-visualizer/blob/master/examples/example_25.svg,1,1,/PabloSnchz/factorio-blueprint-visualizer/blob/master/examples/Rocket_Ship_1.jpg,1,1,/PabloSnchz/factorio-blueprint-visualizer/blob/master/factorioBlueprintVisualizer/visualizer.py,1,1,/PabloSnchz/factorio-blueprint-visualizer/blob/master/README.md,1,1,/PabloSnchz/factorio-blueprint-visualizer/blob/master/scripts/download_factorio_raw_data.py,1,1,/PabloSnchz/factorio-blueprint-visualizer/pulls,1,1,/PabloSnchz/factorio-blueprint-visualizer/tree/master,1,1,/PabloSnchz/factorio-blueprint-visualizer/tree/master/scripts,1,1
2025-07-06,/PabloSnchz/factorio-blueprint-visualizer,45,32,/PabloSnchz/factorio-blueprint-visualizer/blob/master/drawing_settings_documentation.md,11,9,/PabloSnchz/factorio-blueprint-visualizer/blob/master/examples/example_25.svg,1,1,/PabloSnchz/factorio-blueprint-visualizer/blob/master/examples/Rocket_Ship_1.jpg,1,1,/PabloSnchz/factorio-blueprint-visualizer/blob/master/README.md,1,1,/PabloSnchz/factorio-blueprint-visualizer/blob/master/scripts/download_factorio_raw_data.py,1,1,/PabloSnchz/factorio-blueprint-visualizer/pulls,1,1,/PabloSnchz/factorio-blueprint-visualizer/tree/master,1,1,/PabloSnchz/factorio-blueprint-visualizer/tree/master/scripts,1,1,/PabloSnchz/factorio-blueprint-visualizer/tree/master/test_blueprints,1,1
2025-07-07,/PabloSnchz/factorio-blueprint-visualizer,41,29,/PabloSnchz/factorio-blueprint-visualizer/blob/master/drawing_settings_documentation.md,9,8,/PabloSnchz/factorio-blueprint-visualizer/tree/master/test_blueprints,2,2,/PabloSnchz/factorio-blueprint-visualizer/blob/master/examples/example_25.svg,1,1,/PabloSnchz/factorio-blueprint-visualizer/blob/master/README.md,1,1,/PabloSnchz/factorio-blueprint-visualizer/blob/master/scripts/download_factorio_raw_data.py,1,1,/PabloSnchz/factorio-blueprint-visualizer/blob/master/test_blueprints/Belts.jpg,1,1,/PabloSnchz/factorio-blueprint-visualizer/pulls,1,1,/PabloSnchz/factorio-blueprint-visualizer/tree/master,1,1,/PabloSnchz/factorio-blueprint-visualizer/tree/master/scripts,1,1
2025-07-08,/PabloSnchz/factorio-blueprint-visualizer,48,32,/PabloSnchz/factorio-blueprint-visualizer/blob/master/drawing_settings_documentation.md,10,9,/PabloSnchz/factorio-blueprint-visualizer/tree/master/test_blueprints,2,2,/PabloSnchz/factorio-blueprint-visualizer/blob/master/examples/example_25.svg,1,1,/PabloSnchz/factorio-blueprint-visualizer/blob/master/examples/random_0077.svg,1,1,/PabloSnchz/factorio-blueprint-visualizer/blob/master/examples/Rocket_Ship_1_Visualization.png,1,1,/PabloSnchz/factorio-blueprint-visualizer/blob/master/README.md,1,1,/PabloSnchz/factorio-blueprint-visualizer/blob/master/scripts/download_factorio_raw_data.py,1,1,/PabloSnchz/factorio-blueprint-visualizer/blob/master/test_blueprints/Belts.jpg,1,1,/PabloSnchz/factorio-blueprint-visualizer/pulls,1,1
2025-07-09,/PabloSnchz/factorio-blueprint-visualizer,55,38,/PabloSnchz/factorio-blueprint-visualizer/blob/master/drawing_settings_documentation.md,10,9,/PabloSnchz/factorio-blueprint-visualizer/blob/master/examples/Rocket_Ship_1_Visualization.png,2,2,/PabloSnchz/factorio-blueprint-visualizer/tree/master/test_blueprints,2,2,/PabloSnchz/factorio-blueprint-visualizer/blob/master/examples/example_25.svg,1,1,/PabloSnchz/factorio-blueprint-visualizer/blob/master/examples/random_0077.svg,1,1,/PabloSnchz/factorio-blueprint-visualizer/blob/master/examples/Rocket_Ship_1.jpg,1,1,/PabloSnchz/factorio-blueprint-visualizer/blob/master/README.md,1,1,/PabloSnchz/factorio-blueprint-visualizer/blob/master/scripts/download_factorio_raw_data.py,1,1,/PabloSnchz/factorio-blueprint-visualizer/blob/master/test_blueprints/Belts.jpg,1,1
2025-07-10,/PabloSnchz/factorio-blueprint-visualizer,61,40,/PabloSnchz/factorio-blueprint-visualizer/blob/master/drawing_settings_documentation.md,11,10,/PabloSnchz/factorio-blueprint-visualizer/tree/master/scripts,7,3,/PabloSnchz/factorio-blueprint-visualizer/blob/master/scripts/download_factorio_raw_data.py,5,3,/PabloSnchz/factorio-blueprint-visualizer/blob/master/scripts/get_items.py,4,2,/PabloSnchz/factorio-blueprint-visualizer/tree/master,4,2,/PabloSnchz/factorio-blueprint-visualizer/tree/master/test_blueprints,3,3,/PabloSnchz/factorio-blueprint-visualizer/blob/master/examples/Rocket_Ship_1_Visualization.png,2,2,/PabloSnchz/factorio-blueprint-visualizer/blob/master/test_blueprints/Belts.jpg,2,2,/PabloSnchz/factorio-blueprint-visualizer/blob/bc107c99be432e1fa31a7691ec7c707f3bad0bb9/website/entityProperties.js,1,1
2025-07-11,/PabloSnchz/factorio-blueprint-visualizer,52,36,/PabloSnchz/factorio-blueprint-visualizer/blob/master/drawing_settings_documentation.md,11,10,/PabloSnchz/factorio-blueprint-visualizer/tree/master/scripts,7,3,/PabloSnchz/factorio-blueprint-visualizer/blob/master/scripts/download_factorio_raw_data.py,5,3,/PabloSnchz/factorio-blueprint-visualizer/blob/master/scripts/get_items.py,4,2,/PabloSnchz/factorio-blueprint-visualizer/tree/master,4,2,/PabloSnchz/factorio-blueprint-visualizer/tree/master/test_blueprints,3,3,/PabloSnchz/factorio-blueprint-visualizer/blob/master/examples/Rocket_Ship_1_Visualization.png,2,2,/PabloSnchz/factorio-blueprint-visualizer/blob/master/test_blueprints/Belts.jpg,2,2,/PabloSnchz/factorio-blueprint-visualizer/blob/bc107c99be432e1fa31a7691ec7c707f3bad0bb9/website/entityProperties.js,1,1
2025-07-12,/PabloSnchz/factorio-blueprint-visualizer,50,35,/PabloSnchz/factorio-blueprint-visualizer/blob/master/drawing_settings_documentation.md,9,9,/PabloSnchz/factorio-blueprint-visualizer/tree/master/scripts,6,2,/PabloSnchz/factorio-blueprint-visualizer/blob/master/scripts/download_factorio_raw_data.py,4,2,/PabloSnchz/factorio-blueprint-visualizer/blob/master/scripts/get_items.py,4,2,/PabloSnchz/factorio-blueprint-visualizer/tree/master,3,1,/PabloSnchz/factorio-blueprint-visualizer/blob/master/examples/Rocket_Ship_1.jpg,2,2,/PabloSnchz/factorio-blueprint-visualizer/blob/master/examples/Rocket_Ship_1_Visualization.png,2,2,/PabloSnchz/factorio-blueprint-visualizer/blob/master/test_blueprints/Belts.jpg,2,2,/PabloSnchz/factorio-blueprint-visualizer/tree/master/test_blueprints,2,2
2025-07-13,/PabloSnchz/factorio-blueprint-visualizer,54,37,/PabloSnchz/factorio-blueprint-visualizer/blob/master/drawing_settings_documentation.md,8,8,/PabloSnchz/factorio-blueprint-visualizer/tree/master/scripts,6,2,/PabloSnchz/factorio-blueprint-visualizer/blob/master/scripts/download_factorio_raw_data.py,4,2,/PabloSnchz/factorio-blueprint-visualizer/blob/master/scripts/get_items.py,4,2,/PabloSnchz/factorio-blueprint-visualizer/tree/master,3,1,/PabloSnchz/factorio-blueprint-visualizer/blob/master/examples/Rocket_Ship_1.jpg,2,2,/PabloSnchz/factorio-blueprint-visualizer/blob/master/examples/Rocket_Ship_1_Visualization.png,2,2,/PabloSnchz/factorio-blueprint-visualizer/blob/master/test_blueprints/Belts.jpg,2,2,/PabloSnchz/factorio-blueprint-visualizer/tree/master/test_blueprints,2,2
2025-07-14,/PabloSnchz/factorio-blueprint-visualizer,53,37,/PabloSnchz/factorio-blueprint-visualizer/blob/master/drawing_settings_documentation.md,9,9,/PabloSnchz/factorio-blueprint-visualizer/tree/master/scripts,6,2,/PabloSnchz/factorio-blueprint-visualizer/blob/master/scripts/download_factorio_raw_data.py,4,2,/PabloSnchz/factorio-blueprint-visualizer/blob/master/scripts/get_items.py,4,2,/PabloSnchz/factorio-blueprint-visualizer/tree/master,3,1,/PabloSnchz/factorio-blueprint-visualizer/blob/master/examples/Rocket_Ship_1.jpg,2,2,/PabloSnchz/factorio-blueprint-visualizer/blob/master/examples/Rocket_Ship_1_Visualization.png,2,2,/PabloSnchz/factorio-blueprint-visualizer/blob/master/test_blueprints/Belts.jpg,2,2,/PabloSnchz/factorio-blueprint-visualizer/tree/master/test_blueprints,2,2
2025-07-15,/PabloSnchz/factorio-blueprint-visualizer,54,38,/PabloSnchz/factorio-blueprint-visualizer/blob/master/drawing_settings_documentation.md,10,10,/PabloSnchz/factorio-blueprint-visualizer/tree/master/scripts,6,2,/PabloSnchz/factorio-blueprint-visualizer/blob/master/scripts/download_factorio_raw_data.py,4,2,/PabloSnchz/factorio-blueprint-visualizer/blob/master/scripts/get_items.py,4,2,/PabloSnchz/factorio-blueprint-visualizer/tree/master,3,1,/PabloSnchz/factorio-blueprint-visualizer/blob/master/examples/Rocket_Ship_1.jpg,2,2,/PabloSnchz/factorio-blueprint-visualizer/blob/master/examples/Rocket_Ship_1_Visualization.png,2,2,/PabloSnchz/factorio-blueprint-visualizer/blob/master/test_blueprints/Belts.jpg,2,2,/PabloSnchz/factorio-blueprint-visualizer/tree/master/test_blueprints,2,2
2025-07-16,/PabloSnchz/factorio-blueprint-visualizer,58,41,/PabloSnchz/factorio-blueprint-visualizer/blob/master/drawing_settings_documentation.md,10,10,/PabloSnchz/factorio-blueprint-visualizer/tree/master/scripts,6,2,/PabloSnchz/factorio-blueprint-visualizer/blob/master/scripts/download_factorio_raw_data.py,4,2,/PabloSnchz/factorio-blueprint-visualizer/blob/master/scripts/get_items.py,4,2,/PabloSnchz/factorio-blueprint-visualizer/tree/master,3,1,/PabloSnchz/factorio-blueprint-visualizer/blob/master/examples/Rocket_Ship_1.jpg,2,2,/PabloSnchz/factorio-blueprint-visualizer/blob/master/examples/Rocket_Ship_1_Visualization.png,2,2,/PabloSnchz/factorio-blueprint-visualizer/blob/master/test_blueprints/Belts.jpg,2,2,/PabloSnchz/factorio-blueprint-visualizer/tree/master/test_blueprints,2,2
2025-07-17,/PabloSnchz/factorio-blueprint-visualizer,62,44,/PabloSnchz/factorio-blueprint-visualizer/blob/master/drawing_settings_documentation.md,8,8,/PabloSnchz/factorio-blueprint-visualizer/tree/master/scripts,6,2,/PabloSnchz/factorio-blueprint-visualizer/blob/master/scripts/download_factorio_raw_data.py,4,2,/PabloSnchz/factorio-blueprint-visualizer/blob/master/scripts/get_items.py,4,2,/PabloSnchz/factorio-blueprint-visualizer/tree/master,3,1,/PabloSnchz/factorio-blueprint-visualizer/blob/master/examples/Rocket_Ship_1.jpg,2,2,/PabloSnchz/factorio-blueprint-visualizer/blob/master/examples/Rocket_Ship_1_Visualization.png,2,2,/PabloSnchz/factorio-blueprint-visualizer/blob/master/test_blueprints/Belts.jpg,2,2,/PabloSnchz/factorio-blueprint-visualizer/tree/master/test_blueprints,2,2
2025-07-18,/PabloSnchz/factorio-blueprint-visualizer,62,44,/PabloSnchz/factorio-blueprint-visualizer/blob/master/drawing_settings_documentation.md,7,7,/PabloSnchz/factorio-blueprint-visualizer/tree/master/scripts,6,2,/PabloSnchz/factorio-blueprint-visualizer/blob/master/scripts/download_factorio_raw_data.py,4,2,/PabloSnchz/factorio-blueprint-visualizer/blob/master/scripts/get_items.py,4,2,/PabloSnchz/factorio-blueprint-visualizer/tree/master,3,1,/PabloSnchz/factorio-blueprint-visualizer/blob/master/examples/Rocket_Ship_1.jpg,2,2,/PabloSnchz/factorio-blueprint-visualizer/blob/master/examples/Rocket_Ship_1_Visualization.png,2,2,/PabloSnchz/factorio-blueprint-visualizer/blob/master/test_blueprints/Belts.jpg,2,2,/PabloSnchz/factorio-blueprint-visualizer/tree/master/test_blueprints,2,2
2025-07-19,/PabloSnchz/factorio-blueprint-visualizer,66,48,/PabloSnchz/factorio-blueprint-visualizer/blob/master/drawing_settings_documentation.md,8,8,/PabloSnchz/factorio-blueprint-visualizer/tree/master/scripts,6,2,/PabloSnchz/factorio-blueprint-visualizer/blob/master/scripts/download_factorio_raw_data.py,4,2,/PabloSnchz/factorio-blueprint-visualizer/blob/master/scripts/get_items.py,4,2,/PabloSnchz/factorio-blueprint-visualizer/tree/master,3,1,/PabloSnchz/factorio-blueprint-visualizer/blob/master/examples/Rocket_Ship_1.jpg,2,2,/PabloSnchz/factorio-blueprint-visualizer/blob/master/examples/Rocket_Ship_1_Visualization.png,2,2,/PabloSnchz/factorio-blueprint-visualizer/blob/master/test_blueprints/Belts.jpg,2,2,/PabloSnchz/factorio-blueprint-visualizer/tree/master/test_blueprints,2,2
2025-07-20,/PabloSnchz/factorio-blueprint-visualizer,70,49,/PabloSnchz/factorio-blueprint-visualizer/blob/master/drawing_settings_documentation.md,9,9,/PabloSnchz/factorio-blueprint-visualizer/tree/master/scripts,6,2,/PabloSnchz/factorio-blueprint-visualizer/blob/master/scripts/download_factorio_raw_data.py,4,2,/PabloSnchz/factorio-blueprint-visualizer/blob/master/scripts/get_items.py,4,2,/PabloSnchz/factorio-blueprint-visualizer/tree/master,3,1,/PabloSnchz/factorio-blueprint-visualizer/blob/master/examples/Rocket_Ship_1.jpg,2,2,/PabloSnchz/factorio-blueprint-visualizer/blob/master/examples/Rocket_Ship_1_Visualization.png,2,2,/PabloSnchz/factorio-blueprint-visualizer/blob/bc107c99be432e1fa31a7691ec7c707f3bad0bb9/website/entityProperties.js,1,1,/PabloSnchz/factorio-blueprint-visualizer/blob/master/examples/example_25.svg,1,1
2025-07-21,/PabloSnchz/factorio-blueprint-visualizer,63,46,/PabloSnchz/factorio-blueprint-visualizer/blob/master/drawing_settings_documentation.md,7,7,/PabloSnchz/factorio-blueprint-visualizer/tree/master/scripts,6,2,/PabloSnchz/factorio-blueprint-visualizer/blob/master/scripts/download_factorio_raw_data.py,4,2,/PabloSnchz/factorio-blueprint-visualizer/blob/master/scripts/get_items.py,4,2,/PabloSnchz/factorio-blueprint-visualizer/tree/master,3,1,/PabloSnchz/factorio-blueprint-visualizer/blob/master/examples/Rocket_Ship_1.jpg,2,2,/PabloSnchz/factorio-blueprint-visualizer/blob/bc107c99be432e1fa31a7691ec7c707f3bad0bb9/website/entityProperties.js,1,1,/PabloSnchz/factorio-blueprint-visualizer/blob/master/examples/example_25.svg,1,1,/PabloSnchz/factorio-blueprint-visualizer/blob/master/examples/Rocket_Ship_1_Visualization.png,1,1
2025-07-22,/PabloSnchz/factorio-blueprint-visualizer,64,42,/PabloSnchz/factorio-blueprint-visualizer/blob/master/drawing_settings_documentation.md,6,6,/PabloSnchz/factorio-blueprint-visualizer/tree/master/scripts,6,2,/PabloSnchz/factorio-blueprint-visualizer/blob/master/scripts/download_factorio_raw_data.py,4,2,/PabloSnchz/factorio-blueprint-visualizer/blob/master/scripts/get_items.py,4,2,/PabloSnchz/factorio-blueprint-visualizer/tree/master,3,1,/PabloSnchz/factorio-blueprint-visualizer/blob/bc107c99be432e1fa31a7691ec7c707f3bad0bb9/website/entityProperties.js,1,1,/PabloSnchz/factorio-blueprint-visualizer/blob/master/examples/example_25.svg,1,1,/PabloSnchz/factorio-blueprint-visualizer/blob/master/examples/Rocket_Ship_1.jpg,1,1,/PabloSnchz/factorio-blueprint-visualizer/blob/master/test_blueprints/Belts.jpg,1,1
2025-07-23,/PabloSnchz/factorio-blueprint-visualizer,56,37,/PabloSnchz/factorio-blueprint-visualizer/blob/master/drawing_settings_documentation.md,6,6,/PabloSnchz/factorio-blueprint-visualizer/blob/master/examples/Rocket_Ship_1.jpg,1,1,,,,,,,,,,,,,,,,,,,,,
2025-07-24,/PabloSnchz/factorio-blueprint-visualizer,56,36,/PabloSnchz/factorio-blueprint-visualizer/blob/master/drawing_settings_documentation.md,6,6,/PabloSnchz/factorio-blueprint-visualizer/blob/master/examples/Rocket_Ship_1.jpg,1,1,,,,,,,,,,,,,,,,,,,,,
2025-07-25,/PabloSnchz/factorio-blueprint-visualizer,56,36,/PabloSnchz/factorio-blueprint-visualizer/blob/master/drawing_settings_documentation.md,5,5,/PabloSnchz/factorio-blueprint-visualizer/blob/master/examples/Rocket_Ship_1.jpg,1,1,,,,,,,,,,,,,,,,,,,,,
2025-07-26,/PabloSnchz/factorio-blueprint-visualizer,57,38,/PabloSnchz/factorio-blueprint-visualizer/blob/master/drawing_settings_documentation.md,7,7,/PabloSnchz/factorio-blueprint-visualizer/blob/master/examples/Rocket_Ship_1.jpg,2,2,/PabloSnchz/factorio-blueprint-visualizer/tree/master,1,1,/PabloSnchz/factorio-blueprint-visualizer/tree/master/examples,1,1,/PabloSnchz/factorio-blueprint-visualizer/tree/master/website,1,1,,,,,,,,,,,,
2025-07-27,/PabloSnchz/factorio-blueprint-visualizer,59,40,/PabloSnchz/factorio-blueprint-visualizer/blob/master/drawing_settings_documentation.md,7,7,/PabloSnchz/factorio-blueprint-visualizer/blob/master/examples/Rocket_Ship_1.jpg,2,2,/PabloSnchz/factorio-blueprint-visualizer/tree/master,1,1,/PabloSnchz/factorio-blueprint-visualizer/tree/master/examples,1,1,/PabloSnchz/factorio-blueprint-visualizer/tree/master/website,1,1,,,,,,,,,,,,
2025-07-28,/PabloSnchz/factorio-blueprint-visualizer,56,38,/PabloSnchz/factorio-blueprint-visualizer/blob/master/drawing_settings_documentation.md,6,6,/PabloSnchz/factorio-blueprint-visualizer/blob/master/examples/Rocket_Ship_1.jpg,2,2,/PabloSnchz/factorio-blueprint-visualizer/tree/master,1,1,/PabloSnchz/factorio-blueprint-visualizer/tree/master/examples,1,1,/PabloSnchz/factorio-blueprint-visualizer/tree/master/website,1,1,,,,,,,,,,,,
2025-07-29,/PabloSnchz/factorio-blueprint-visualizer,53,36,/PabloSnchz/factorio-blueprint-visualizer/blob/master/drawing_settings_documentation.md,8,8,/PabloSnchz/factorio-blueprint-visualizer/blob/master/examples/Rocket_Ship_1.jpg,2,2,/PabloSnchz/factorio-blueprint-visualizer/tree/master,1,1,/PabloSnchz/factorio-blueprint-visualizer/tree/master/examples,1,1,/PabloSnchz/factorio-blueprint-visualizer/tree/master/website,1,1,,,,,,,,,,,,
2025-07-30,/PabloSnchz/factorio-blueprint-visualizer,60,41,/PabloSnchz/factorio-blueprint-visualizer/blob/master/drawing_settings_documentation.md,9,9,/PabloSnchz/factorio-blueprint-visualizer/blob/master/examples/Rocket_Ship_1.jpg,4,4,/PabloSnchz/factorio-blueprint-visualizer/tree/master/examples,2,2,/PabloSnchz/factorio-blueprint-visualizer/tree/master/website,2,2,/PabloSnchz/factorio-blueprint-visualizer/blob/master/examples/Rocket_Ship_1_Visualization.png,1,1,/PabloSnchz/factorio-blueprint-visualizer/blob/master/index.html,1,1,/PabloSnchz/factorio-blueprint-visualizer/tree/master,1,1,,,,,,
2025-07-31,/PabloSnchz/factorio-blueprint-visualizer,58,40,/PabloSnchz/factorio-blueprint-visualizer/blob/master/drawing_settings_documentation.md,9,9,/PabloSnchz/factorio-blueprint-visualizer/blob/master/examples/Rocket_Ship_1.jpg,4,4,/PabloSnchz/factorio-blueprint-visualizer/tree/master/examples,2,2,/PabloSnchz/factorio-blueprint-visualizer/tree/master/website,2,2,/PabloSnchz/factorio-blueprint-visualizer/blob/master/examples/Rocket_Ship_1_Visualization.png,1,1,/PabloSnchz/factorio-blueprint-visualizer/blob/master/index.html,1,1,/PabloSnchz/factorio-blueprint-visualizer/tree/master,1,1,,,,,,
2025-08-01,/PabloSnchz/factorio-blueprint-visualizer,55,38,/PabloSnchz/factorio-blueprint-visualizer/blob/master/drawing_settings_documentation.md,8,8,/PabloSnchz/factorio-blueprint-visualizer/blob/master/examples/Rocket_Ship_1.jpg,4,4,/PabloSnchz/factorio-blueprint-visualizer/tree/master/examples,2,2,/PabloSnchz/factorio-blueprint-visualizer/tree/master/website,2,2,/PabloSnchz/factorio-blueprint-visualizer/blob/master/examples/Rocket_Ship_1_Visualization.png,1,1,/PabloSnchz/factorio-blueprint-visualizer/blob/master/index.html,1,1,/PabloSnchz/factorio-blueprint-visualizer/tree/master,1,1,,,,,,
2025-08-02,/PabloSnchz/factorio-blueprint-visualizer,55,40,/PabloSnchz/factorio-blueprint-visualizer/blob/master/drawing_settings_documentation.md,8,8,/PabloSnchz/factorio-blueprint-visualizer/blob/master/examples/Rocket_Ship_1.jpg,5,5,/PabloSnchz/factorio-blueprint-visualizer/tree/master/examples,2,2,/PabloSnchz/factorio-blueprint-visualizer/tree/master/website,2,2,/PabloSnchz/factorio-blueprint-visualizer/blob/master/examples/Rocket_Ship_1_Visualization.png,1,1,/PabloSnchz/factorio-blueprint-visualizer/blob/master/index.html,1,1,/PabloSnchz/factorio-blueprint-visualizer/tree/master,1,1,,,,,,
2025-08-03,/PabloSnchz/factorio-blueprint-visualizer,51,36,/PabloSnchz/factorio-blueprint-visualizer/blob/master/drawing_settings_documentation.md,8,8,/PabloSnchz/factorio-blueprint-visualizer/blob/master/examples/Rocket_Ship_1.jpg,5,5,/PabloSnchz/factorio-blueprint-visualizer/tree/master/examples,2,2,/PabloSnchz/factorio-blueprint-visualizer/tree/master/website,2,2,/PabloSnchz/factorio-blueprint-visualizer/blob/master/examples/Rocket_Ship_1_Visualization.png,1,1,/PabloSnchz/factorio-blueprint-visualizer/blob/master/index.html,1,1,/PabloSnchz/factorio-blueprint-visualizer/tree/master,1,1,,,,,,
2025-08-04,/PabloSnchz/factorio-blueprint-visualizer,46,36,/PabloSnchz/factorio-blueprint-visualizer/blob/master/drawing_settings_documentation.md,9,9,/PabloSnchz/factorio-blueprint-visualizer/blob/master/examples/Rocket_Ship_1.jpg,6,6,/PabloSnchz/factorio-blueprint-visualizer/tree/master/examples,2,2,/PabloSnchz/factorio-blueprint-visualizer/tree/master/website,2,2,/PabloSnchz/factorio-blueprint-visualizer/blob/master/examples/Rocket_Ship_1_Visualization.png,1,1,/PabloSnchz/factorio-blueprint-visualizer/blob/master/index.html,1,1,/PabloSnchz/factorio-blueprint-visualizer/tree/master,1,1,,,,,,
2025-08-05,/PabloSnchz/factorio-blueprint-visualizer,52,40,/PabloSnchz/factorio-blueprint-visualizer/blob/master/drawing_settings_documentation.md,8,8,/PabloSnchz/factorio-blueprint-visualizer/blob/master/examples/Rocket_Ship_1.jpg,6,6,/PabloSnchz/factorio-blueprint-visualizer/tree/master/examples,2,2,/PabloSnchz/factorio-blueprint-visualizer/tree/master/website,2,2,/PabloSnchz/factorio-blueprint-visualizer/blob/master/examples/Rocket_Ship_1_Visualization.png,1,1,/PabloSnchz/factorio-blueprint-visualizer/blob/master/index.html,1,1,/PabloSnchz/factorio-blueprint-visualizer/tree/master,1,1,,,,,,
2025-08-06,/PabloSnchz/factorio-blueprint-visualizer,57,44,/PabloSnchz/factorio-blueprint-visualizer/blob/master/drawing_settings_documentation.md,8,8,/PabloSnchz/factorio-blueprint-visualizer/blob/master/examples/Rocket_Ship_1.jpg,6,6,/PabloSnchz/factorio-blueprint-visualizer/tree/master/examples,2,2,/PabloSnchz/factorio-blueprint-visualizer/tree/master/website,2,2,/PabloSnchz/factorio-blueprint-visualizer/blob/master/examples/Rocket_Ship_1_Visualization.png,1,1,/PabloSnchz/factorio-blueprint-visualizer/blob/master/index.html,1,1,/PabloSnchz/factorio-blueprint-visualizer/tree/master,1,1,,,,,,
2025-08-07,/PabloSnchz/factorio-blueprint-visualizer,55,43,/PabloSnchz/factorio-blueprint-visualizer/blob/master/drawing_settings_documentation.md,8,8,/PabloSnchz/factorio-blueprint-visualizer/blob/master/examples/Rocket_Ship_1.jpg,5,5,/PabloSnchz/factorio-blueprint-visualizer/tree/master/examples,2,2,/PabloSnchz/factorio-blueprint-visualizer/tree/master/website,2,2,/PabloSnchz/factorio-blueprint-visualizer/blob/master/examples/Rocket_Ship_1_Visualization.png,1,1,/PabloSnchz/factorio-blueprint-visualizer/blob/master/index.html,1,1,/PabloSnchz/factorio-blueprint-visualizer/tree/master,1,1,,,,,,
2025-08-08,/PabloSnchz/factorio-blueprint-visualizer,51,40,/PabloSnchz/factorio-blueprint-visualizer/blob/master/drawing_settings_documentation.md,6,6,/PabloSnchz/factorio-blueprint-visualizer/blob/master/examples/Rocket_Ship_1.jpg,4,4,/PabloSnchz/factorio-blueprint-visualizer/blob/master/examples/Rocket_Ship_1_Visualization.png,1,1,/PabloSnchz/factorio-blueprint-visualizer/blob/master/index.html,1,1,/PabloSnchz/factorio-blueprint-visualizer/tree/master/examples,1,1,/PabloSnchz/factorio-blueprint-visualizer/tree/master/website,1,1,,,,,,,,,
2025-08-09,/PabloSnchz/factorio-blueprint-visualizer,50,38,/PabloSnchz/factorio-blueprint-visualizer/blob/master/drawing_settings_documentation.md,5,5,/PabloSnchz/factorio-blueprint-visualizer/blob/master/examples/Rocket_Ship_1.jpg,5,5,/PabloSnchz/factorio-blueprint-visualizer/blob/master/examples/example_21.svg,1,1,/PabloSnchz/factorio-blueprint-visualizer/blob/master/examples/example_25.svg,1,1,/PabloSnchz/factorio-blueprint-visualizer/blob/master/examples/Rocket_Ship_1_Visualization.png,1,1,/PabloSnchz/factorio-blueprint-visualizer/blob/master/index.html,1,1,/PabloSnchz/factorio-blueprint-visualizer/commit/c218c2b419f0923791970dafcefb02409286c335,1,1,/PabloSnchz/factorio-blueprint-visualizer/tree/master/examples,1,1,/PabloSnchz/factorio-blueprint-visualizer/tree/master/website,1,1
2025-08-10,/PabloSnchz/factorio-blueprint-visualizer,51,39,/PabloSnchz/factorio-blueprint-visualizer/blob/master/drawing_settings_documentation.md,5,5,/PabloSnchz/factorio-blueprint-visualizer/blob/master/examples/Rocket_Ship_1.jpg,5,5,/PabloSnchz/factorio-blueprint-visualizer/blob/master/examples/example_21.svg,1,1,/PabloSnchz/factorio-blueprint-visualizer/blob/master/examples/example_25.svg,1,1,/PabloSnchz/factorio-blueprint-visualizer/blob/master/examples/Rocket_Ship_1_Visualization.png,1,1,/PabloSnchz/factorio-blueprint-visualizer/blob/master/index.html,1,1,/PabloSnchz/factorio-blueprint-visualizer/commit/c218c2b419f0923791970dafcefb02409286c335,1,1,/PabloSnchz/factorio-blueprint-visualizer/tree/master/examples,1,1,/PabloSnchz/factorio-blueprint-visualizer/tree/master/website,1,1
2025-08-11,/PabloSnchz/factorio-blueprint-visualizer,51,39,/PabloSnchz/factorio-blueprint-visualizer/blob/master/examples/Rocket_Ship_1.jpg,5,5,/PabloSnchz/factorio-blueprint-visualizer/blob/master/drawing_settings_documentation.md,3,3,/PabloSnchz/factorio-blueprint-visualizer/blob/master/examples/example_21.svg,1,1,/PabloSnchz/factorio-blueprint-visualizer/blob/master/examples/example_25.svg,1,1,/PabloSnchz/factorio-blueprint-visualizer/blob/master/examples/Rocket_Ship_1_Visualization.png,1,1,/PabloSnchz/factorio-blueprint-visualizer/blob/master/index.html,1,1,/PabloSnchz/factorio-blueprint-visualizer/commit/c218c2b419f0923791970dafcefb02409286c335,1,1,/PabloSnchz/factorio-blueprint-visualizer/tree/master/examples,1,1,/PabloSnchz/factorio-blueprint-visualizer/tree/master/website,1,1
2025-08-12,/PabloSnchz/factorio-blueprint-visualizer,41,31,/PabloSnchz/factorio-blueprint-visualizer/blob/master/examples/Rocket_Ship_1.jpg,3,3,/PabloSnchz/factorio-blueprint-visualizer/blob/master/drawing_settings_documentation.md,2,2,/PabloSnchz/factorio-blueprint-visualizer/blob/master/examples/example_21.svg,1,1,/PabloSnchz/factorio-blueprint-visualizer/blob/master/examples/example_25.svg,1,1,/PabloSnchz/factorio-blueprint-visualizer/commit/c218c2b419f0923791970dafcefb02409286c335,1,1,,,,,,,,,,,,
2025-08-13,/PabloSnchz/factorio-blueprint-visualizer,46,35,/PabloSnchz/factorio-blueprint-visualizer/blob/master/drawing_settings_documentation.md,3,3,/PabloSnchz/factorio-blueprint-visualizer/blob/master/examples/Rocket_Ship_1.jpg,3,3,/PabloSnchz/factorio-blueprint-visualizer/blob/master/examples/example_21.svg,1,1,/PabloSnchz/factorio-blueprint-visualizer/blob/master/examples/example_25.svg,1,1,/PabloSnchz/factorio-blueprint-visualizer/commit/c218c2b419f0923791970dafcefb02409286c335,1,1,,,,,,,,,,,,
2025-08-14,/PabloSnchz/factorio-blueprint-visualizer,46,34,/PabloSnchz/factorio-blueprint-visualizer/blob/master/drawing_settings_documentation.md,4,4,/PabloSnchz/factorio-blueprint-visualizer/blob/master/examples/Rocket_Ship_1.jpg,3,3,/PabloSnchz/factorio-blueprint-visualizer/blob/master/examples/example_21.svg,1,1,/PabloSnchz/factorio-blueprint-visualizer/blob/master/examples/example_25.svg,1,1,/PabloSnchz/factorio-blueprint-visualizer/commit/c218c2b419f0923791970dafcefb02409286c335,1,1,,,,,,,,,,,,
2025-08-15,/PabloSnchz/factorio-blueprint-visualizer,41,30,/PabloSnchz/factorio-blueprint-visualizer/blob/master/drawing_settings_documentation.md,3,3,/PabloSnchz/factorio-blueprint-visualizer/blob/master/examples/Rocket_Ship_1.jpg,2,2,/PabloSnchz/factorio-blueprint-visualizer/blob/master/examples/example_21.svg,1,1,/PabloSnchz/factorio-blueprint-visualizer/blob/master/examples/example_25.svg,1,1,/PabloSnchz/factorio-blueprint-visualizer/commit/c218c2b419f0923791970dafcefb02409286c335,1,1,,,,,,,,,,,,
2025-08-16,/PabloSnchz/factorio-blueprint-visualizer,41,30,/PabloSnchz/factorio-blueprint-visualizer/blob/master/drawing_settings_documentation.md,3,3,/PabloSnchz/factorio-blueprint-visualizer/blob/master/examples/Rocket_Ship_1.jpg,2,2,/PabloSnchz/factorio-blueprint-visualizer/blob/master/examples/example_21.svg,1,1,/PabloSnchz/factorio-blueprint-visualizer/blob/master/examples/example_25.svg,1,1,/PabloSnchz/factorio-blueprint-visualizer/commit/c218c2b419f0923791970dafcefb02409286c335,1,1,,,,,,,,,,,,
2025-08-17,/PabloSnchz/factorio-blueprint-visualizer,37,27,/PabloSnchz/factorio-blueprint-visualizer/blob/master/drawing_settings_documentation.md,2,2,/PabloSnchz/factorio-blueprint-visualizer/blob/master/examples/example_21.svg,1,1,/PabloSnchz/factorio-blueprint-visualizer/blob/master/examples/example_25.svg,1,1,/PabloSnchz/factorio-blueprint-visualizer/blob/master/examples/Rocket_Ship_1.jpg,1,1,/PabloSnchz/factorio-blueprint-visualizer/commit/c218c2b419f0923791970dafcefb02409286c335,1,1,,,,,,,,,,,,
2025-08-18,/PabloSnchz/factorio-blueprint-visualizer,30,22,/PabloSnchz/factorio-blueprint-visualizer/blob/master/drawing_settings_documentation.md,2,2,/PabloSnchz/factorio-blueprint-visualizer/blob/master/examples/example_21.svg,1,1,/PabloSnchz/factorio-blueprint-visualizer/blob/master/examples/example_25.svg,1,1,/PabloSnchz/factorio-blueprint-visualizer/blob/master/examples/Rocket_Ship_1.jpg,1,1,/PabloSnchz/factorio-blueprint-visualizer/commit/c218c2b419f0923791970dafcefb02409286c335,1,1,,,,,,,,,,,,
2025-08-19,/PabloSnchz/factorio-blueprint-visualizer,23,17,/PabloSnchz/factorio-blueprint-visualizer/blob/master/drawing_settings_documentation.md,2,2,/PabloSnchz/factorio-blueprint-visualizer/blob/master/examples/example_21.svg,1,1,/PabloSnchz/factorio-blueprint-visualizer/blob/master/examples/example_25.svg,1,1,/PabloSnchz/factorio-blueprint-visualizer/blob/master/examples/Rocket_Ship_1.jpg,1,1,/PabloSnchz/factorio-blueprint-visualizer/commit/c218c2b419f0923791970dafcefb02409286c335,1,1,,,,,,,,,,,,
2025-08-20,/PabloSnchz/factorio-blueprint-visualizer,20,15,/PabloSnchz/factorio-blueprint-visualizer/blob/master/drawing_settings_documentation.md,2,2,/PabloSnchz/factorio-blueprint-visualizer/blob/master/examples/example_21.svg,1,1,/PabloSnchz/factorio-blueprint-visualizer/blob/master/examples/example_25.svg,1,1,/PabloSnchz/factorio-blueprint-visualizer/blob/master/examples/Rocket_Ship_1.jpg,1,1,/PabloSnchz/factorio-blueprint-visualizer/commit/c218c2b419f0923791970dafcefb02409286c335,1,1,,,,,,,,,,,,
2025-08-21,/PabloSnchz/factorio-blueprint-visualizer,18,13,/PabloSnchz/factorio-blueprint-visualizer/blob/master/drawing_settings_documentation.md,2,2,/PabloSnchz/factorio-blueprint-visualizer/blob/master/examples/example_21.svg,1,1,/PabloSnchz/factorio-blueprint-visualizer/blob/master/examples/example_25.svg,1,1,/PabloSnchz/factorio-blueprint-visualizer/blob/master/examples/Rocket_Ship_1.jpg,1,1,/PabloSnchz/factorio-blueprint-visualizer/commit/c218c2b419f0923791970dafcefb02409286c335,1,1,,,,,,,,,,,,
2025-08-22,/PabloSnchz/factorio-blueprint-visualizer,14,10,/PabloSnchz/factorio-blueprint-visualizer/blob/master/drawing_settings_documentation.md,2,2,,,,,,,,,,,,,,,,,,,,,,,,
2025-08-23,/PabloSnchz/factorio-blueprint-visualizer,13,9,/PabloSnchz/factorio-blueprint-visualizer/blob/master/drawing_settings_documentation.md,2,2,,,,,,,,,,,,,,,,,,,,,,,,
2025-08-24,/PabloSnchz/factorio-blueprint-visualizer,10,7,/PabloSnchz/factorio-blueprint-visualizer/blob/master/drawing_settings_documentation.md,2,2,,,,,,,,,,,,,,,,,,,,,,,,
2025-08-25,/PabloSnchz/factorio-blueprint-visualizer,7,6,/PabloSnchz/factorio-blueprint-visualizer/blob/master/drawing_settings_documentation.md,2,2,,,,,,,,,,,,,,,,,,,,,,,,
2025-08-26,/PabloSnchz/factorio-blueprint-visualizer,2,2,/PabloSnchz/factorio-blueprint-visualizer/blob/master/drawing_settings_documentation.md,1,1,,,,,,,,,,,,,,,,,,,,,,,,
2025-08-29,/PabloSnchz/factorio-blueprint-visualizer,4,4,,,,,,,,,,,,,,,,,,,,,,,,,,,
2025-08-30,/PabloSnchz/factorio-blueprint-visualizer,4,4,,,,,,,,,,,,,,,,,,,,,,,,,,,
2025-08-31,/PabloSnchz/factorio-blueprint-visualizer,4,4,,,,,,,,,,,,,,,,,,,,,,,,,,,
2025-09-01,/PabloSnchz/factorio-blueprint-visualizer,4,4,,,,,,,,,,,,,,,,,,,,,,,,,,,
2025-09-02,/PabloSnchz/factorio-blueprint-visualizer,4,4,,,,,,,,,,,,,,,,,,,,,,,,,,,
2025-09-03,/PabloSnchz/factorio-blueprint-visualizer,4,4,,,,,,,,,,,,,,,,,,,,,,,,,,,
2025-09-04,/PabloSnchz/factorio-blueprint-visualizer,4,4,,,,,,,,,,,,,,,,,,,,,,,,,,,
2025-09-05,/PabloSnchz/factorio-blueprint-visualizer,4,4,,,,,,,,,,,,,,,,,,,,,,,,,,,
2025-09-06,/PabloSnchz/factorio-blueprint-visualizer,3,3,,,,,,,,,,,,,,,,,,,,,,,,,,,
2025-09-07,/PabloSnchz/factorio-blueprint-visualizer,3,3,,,,,,,,,,,,,,,,,,,,,,,,,,,
2025-09-08,/PabloSnchz/factorio-blueprint-visualizer,4,4,,,,,,,,,,,,,,,,,,,,,,,,,,,
2025-09-09,/PabloSnchz/factorio-blueprint-visualizer,3,3,,,,,,,,,,,,,,,,,,,,,,,,,,,
2025-09-10,/PabloSnchz/factorio-blueprint-visualizer,3,3,,,,,,,,,,,,,,,,,,,,,,,,,,,
2025-12-23,/PabloSnchz/factorio-blueprint-visualizer,48,40,/PabloSnchz/factorio-blueprint-visualizer/blob/master/drawing_settings_documentation.md,12,10,/PabloSnchz/factorio-blueprint-visualizer/pulls,3,3,/PabloSnchz/factorio-blueprint-visualizer/actions,1,1,/PabloSnchz/factorio-blueprint-visualizer/blob/master/examples/Rocket_Ship_1.jpg,1,1,/PabloSnchz/factorio-blueprint-visualizer/blob/master/examples/example_25.svg,1,1,/PabloSnchz/factorio-blueprint-visualizer/blob/master/test_blueprints/Heatpipes.jpg,1,1,/PabloSnchz/factorio-blueprint-visualizer/issues,1,1,/PabloSnchz/factorio-blueprint-visualizer/tree/master/test_blueprints,1,1,,,
2025-12-24,/PabloSnchz/factorio-blueprint-visualizer,47,40,/PabloSnchz/factorio-blueprint-visualizer/blob/master/drawing_settings_documentation.md,12,10,/PabloSnchz/factorio-blueprint-visualizer/pulls,3,3,/PabloSnchz/factorio-blueprint-visualizer/actions,1,1,/PabloSnchz/factorio-blueprint-visualizer/blob/master/examples/Rocket_Ship_1.jpg,1,1,/PabloSnchz/factorio-blueprint-visualizer/blob/master/examples/example_25.svg,1,1,/PabloSnchz/factorio-blueprint-visualizer/blob/master/test_blueprints/Heatpipes.jpg,1,1,/PabloSnchz/factorio-blueprint-visualizer/issues,1,1,/PabloSnchz/factorio-blueprint-visualizer/tree/master/test_blueprints,1,1,,,
2025-12-25,/PabloSnchz/factorio-blueprint-visualizer,42,36,/PabloSnchz/factorio-blueprint-visualizer/blob/master/drawing_settings_documentation.md,13,11,/PabloSnchz/factorio-blueprint-visualizer/pulls,2,2,/PabloSnchz/factorio-blueprint-visualizer/actions,1,1,/PabloSnchz/factorio-blueprint-visualizer/blob/master/examples/Rocket_Ship_1.jpg,1,1,/PabloSnchz/factorio-blueprint-visualizer/blob/master/examples/example_25.svg,1,1,/PabloSnchz/factorio-blueprint-visualizer/blob/master/test_blueprints/Heatpipes.jpg,1,1,/PabloSnchz/factorio-blueprint-visualizer/issues,1,1,/PabloSnchz/factorio-blueprint-visualizer/tree/master/test_blueprints,1,1,,,
2025-12-26,/PabloSnchz/factorio-blueprint-visualizer,42,36,/PabloSnchz/factorio-blueprint-visualizer/blob/master/drawing_settings_documentation.md,12,10,/PabloSnchz/factorio-blueprint-visualizer/pulls,2,2,/PabloSnchz/factorio-blueprint-visualizer/actions,1,1,/PabloSnchz/factorio-blueprint-visualizer/blob/master/examples/Rocket_Ship_1.jpg,1,1,/PabloSnchz/factorio-blueprint-visualizer/blob/master/examples/example_25.svg,1,1,/PabloSnchz/factorio-blueprint-visualizer/blob/master/test_blueprints/Heatpipes.jpg,1,1,/PabloSnchz/factorio-blueprint-visualizer/issues,1,1,/PabloSnchz/factorio-blueprint-visualizer/tree/master/test_blueprints,1,1,,,
2025-12-27,/PabloSnchz/factorio-blueprint-visualizer,42,34,/PabloSnchz/factorio-blueprint-visualizer/blob/master/drawing_settings_documentation.md,9,9,/PabloSnchz/factorio-blueprint-visualizer/pulls,2,2,/PabloSnchz/factorio-blueprint-visualizer/actions,1,1,/PabloSnchz/factorio-blueprint-visualizer/blob/master/examples/Rocket_Ship_1.jpg,1,1,/PabloSnchz/factorio-blueprint-visualizer/blob/master/examples/example_25.svg,1,1,/PabloSnchz/factorio-blueprint-visualizer/blob/master/test_blueprints/Heatpipes.jpg,1,1,/PabloSnchz/factorio-blueprint-visualizer/issues,1,1,/PabloSnchz/factorio-blueprint-visualizer/tree/master/test_blueprints,1,1,,,
2025-12-28,/PabloSnchz/factorio-blueprint-visualizer,43,35,/PabloSnchz/factorio-blueprint-visualizer/blob/master/drawing_settings_documentation.md,9,9,/PabloSnchz/factorio-blueprint-visualizer/pulls,2,2,/PabloSnchz/factorio-blueprint-visualizer/actions,1,1,/PabloSnchz/factorio-blueprint-visualizer/blob/master/examples/Rocket_Ship_1.jpg,1,1,/PabloSnchz/factorio-blueprint-visualizer/blob/master/examples/Rocket_Ship_1_Visualization.png,1,1,/PabloSnchz/factorio-blueprint-visualizer/blob/master/examples/example_25.svg,1,1,/PabloSnchz/factorio-blueprint-visualizer/blob/master/test_blueprints/Heatpipes.jpg,1,1,/PabloSnchz/factorio-blueprint-visualizer/issues,1,1,/PabloSnchz/factorio-blueprint-visualizer/tree/master/test_blueprints,1,1
2025-12-29,/PabloSnchz/factorio-blueprint-visualizer,42,35,/PabloSnchz/factorio-blueprint-visualizer/blob/master/drawing_settings_documentation.md,11,11,/PabloSnchz/factorio-blueprint-visualizer/blob/master/examples/Rocket_Ship_1.jpg,1,1,/PabloSnchz/factorio-blueprint-visualizer/blob/master/examples/Rocket_Ship_1_Visualization.png,1,1,/PabloSnchz/factorio-blueprint-visualizer/blob/master/examples/example_25.svg,1,1,,,,,,,,,,,,,,,
2025-12-30,/PabloSnchz/factorio-blueprint-visualizer,44,38,/PabloSnchz/factorio-blueprint-visualizer/blob/master/drawing_settings_documentation.md,13,13,/PabloSnchz/factorio-blueprint-visualizer/blob/master/examples/Rocket_Ship_1_Visualization.png,1,1,/PabloSnchz/factorio-blueprint-visualizer/blob/master/examples/example_25.svg,1,1,,,,,,,,,,,,,,,,,,
2025-12-31,/PabloSnchz/factorio-blueprint-visualizer,41,35,/PabloSnchz/factorio-blueprint-visualizer/blob/master/drawing_settings_documentation.md,12,12,/PabloSnchz/factorio-blueprint-visualizer/issues,2,2,/PabloSnchz/factorio-blueprint-visualizer/blob/master/examples/Rocket_Ship_1_Visualization.png,1,1,/PabloSnchz/factorio-blueprint-visualizer/blob/master/examples/example_25.svg,1,1,,,,,,,,,,,,,,,
2026-01-01,/PabloSnchz/factorio-blueprint-visualizer,37,33,/PabloSnchz/factorio-blueprint-visualizer/blob/master/drawing_settings_documentation.md,11,11,/PabloSnchz/factorio-blueprint-visualizer/issues,2,2,/PabloSnchz/factorio-blueprint-visualizer/blob/master/examples/Rocket_Ship_1_Visualization.png,1,1,/PabloSnchz/factorio-blueprint-visualizer/blob/master/examples/example_25.svg,1,1,,,,,,,,,,,,,,,
2026-01-02,/PabloSnchz/factorio-blueprint-visualizer,36,31,/PabloSnchz/factorio-blueprint-visualizer/blob/master/drawing_settings_documentation.md,11,11,/PabloSnchz/factorio-blueprint-visualizer/issues,3,3,/PabloSnchz/factorio-blueprint-visualizer/blob/master/examples/Rocket_Ship_1_Visualization.png,1,1,/PabloSnchz/factorio-blueprint-visualizer/blob/master/examples/example_25.svg,1,1,,,,,,,,,,,,,,,
2026-01-03,/PabloSnchz/factorio-blueprint-visualizer,35,30,/PabloSnchz/factorio-blueprint-visualizer/blob/master/drawing_settings_documentation.md,12,12,/PabloSnchz/factorio-blueprint-visualizer/issues,3,3,/PabloSnchz/factorio-blueprint-visualizer/blob/master/examples/Rocket_Ship_1_Visualization.png,1,1,/PabloSnchz/factorio-blueprint-visualizer/blob/master/examples/example_25.svg,1,1,,,,,,,,,,,,,,,
2026-01-04,/PabloSnchz/factorio-blueprint-visualizer,38,33,/PabloSnchz/factorio-blueprint-visualizer/blob/master/drawing_settings_documentation.md,13,13,/PabloSnchz/factorio-blueprint-visualizer/issues,3,3,/PabloSnchz/factorio-blueprint-visualizer/blob/master/examples/Rocket_Ship_1_Visualization.png,1,1,,,,,,,,,,,,,,,,,,
2026-01-05,/PabloSnchz/factorio-blueprint-visualizer,39,34,/PabloSnchz/factorio-blueprint-visualizer/blob/master/drawing_settings_documentation.md,12,12,/PabloSnchz/factorio-blueprint-visualizer/issues,3,3,/PabloSnchz/factorio-blueprint-visualizer/blob/master/examples/Rocket_Ship_1_Visualization.png,1,1,,,,,,,,,,,,,,,,,,
2026-01-06,/PabloSnchz/factorio-blueprint-visualizer,37,33,/PabloSnchz/factorio-blueprint-visualizer/blob/master/drawing_settings_documentation.md,12,12,/PabloSnchz/factorio-blueprint-visualizer/issues,3,3,/PabloSnchz/factorio-blueprint-visualizer/blob/master/examples/Rocket_Ship_1_Visualization.png,1,1,,,,,,,,,,,,,,,,,,
2026-01-07,/PabloSnchz/factorio-blueprint-visualizer,34,30,/PabloSnchz/factorio-blueprint-visualizer/blob/master/drawing_settings_documentation.md,12,12,/PabloSnchz/factorio-blueprint-visualizer/issues,3,3,/PabloSnchz/factorio-blueprint-visualizer/blob/master/examples/Rocket_Ship_1_Visualization.png,1,1,,,,,,,,,,,,,,,,,,
2026-01-08,/PabloSnchz/factorio-blueprint-visualizer,36,32,/PabloSnchz/factorio-blueprint-visualizer/blob/master/drawing_settings_documentation.md,12,12,/PabloSnchz/factorio-blueprint-visualizer/issues,3,3,/PabloSnchz/factorio-blueprint-visualizer/blob/master/examples/Rocket_Ship_1_Visualization.png,1,1,,,,,,,,,,,,,,,,,,
2026-01-09,/PabloSnchz/factorio-blueprint-visualizer,39,35,/PabloSnchz/factorio-blueprint-visualizer/blob/master/drawing_settings_documentation.md,13,13,/PabloSnchz/factorio-blueprint-visualizer/issues,4,4,/PabloSnchz/factorio-blueprint-visualizer/blob/master/examples/Rocket_Ship_1_Visualization.png,1,1,/PabloSnchz/factorio-blueprint-visualizer/commit/60fc880e7be58e486830cd19ca0f0df453d15363,1,1,,,,,,,,,,,,,,,
2026-01-10,/PabloSnchz/factorio-blueprint-visualizer,37,35,/PabloSnchz/factorio-blueprint-visualizer/blob/master/drawing_settings_documentation.md,13,13,/PabloSnchz/factorio-blueprint-visualizer/issues,4,4,/PabloSnchz/factorio-blueprint-visualizer/blob/master/examples/Rocket_Ship_1_Visualization.png,1,1,/PabloSnchz/factorio-blueprint-visualizer/commit/60fc880e7be58e486830cd19ca0f0df453d15363,1,1,,,,,,,,,,,,,,,
2026-01-11,/PabloSnchz/factorio-blueprint-visualizer,39,36,/PabloSnchz/factorio-blueprint-visualizer/blob/master/drawing_settings_documentation.md,12,12,/PabloSnchz/factorio-blueprint-visualizer/issues,4,4,/PabloSnchz/factorio-blueprint-visualizer/commit/60fc880e7be58e486830cd19ca0f0df453d15363,1,1,,,,,,,,,,,,,,,,,,
2026-01-12,/PabloSnchz/factorio-blueprint-visualizer,36,35,/PabloSnchz/factorio-blueprint-visualizer/blob/master/drawing_settings_documentation.md,9,9,/PabloSnchz/factorio-blueprint-visualizer/issues,4,4,/PabloSnchz/factorio-blueprint-visualizer/blob/master/examples/Rocket_Ship_1.jpg,1,1,/PabloSnchz/factorio-blueprint-visualizer/commit/60fc880e7be58e486830cd19ca0f0df453d15363,1,1,,,,,,,,,,,,,,,
2026-01-13,/PabloSnchz/factorio-blueprint-visualizer,36,35,/PabloSnchz/factorio-blueprint-visualizer/blob/master/drawing_settings_documentation.md,7,7,/PabloSnchz/factorio-blueprint-visualizer/issues,4,4,/PabloSnchz/factorio-blueprint-visualizer/blob/master/examples/Rocket_Ship_1.jpg,1,1,/PabloSnchz/factorio-blueprint-visualizer/commit/60fc880e7be58e486830cd19ca0f0df453d15363,1,1,/PabloSnchz/factorio-blueprint-visualizer/tree/master/scripts,1,1,,,,,,,,,,,,
2026-01-14,/PabloSnchz/factorio-blueprint-visualizer,36,35,/PabloSnchz/factorio-blueprint-visualizer/blob/master/drawing_settings_documentation.md,7,7,/PabloSnchz/factorio-blueprint-visualizer/issues,2,2,/PabloSnchz/factorio-blueprint-visualizer/blob/master/examples/Rocket_Ship_1.jpg,1,1,/PabloSnchz/factorio-blueprint-visualizer/commit/60fc880e7be58e486830cd19ca0f0df453d15363,1,1,/PabloSnchz/factorio-blueprint-visualizer/tree/master/scripts,1,1,,,,,,,,,,,,
2026-01-15,/PabloSnchz/factorio-blueprint-visualizer,37,36,/PabloSnchz/factorio-blueprint-visualizer/blob/master/drawing_settings_documentation.md,7,7,/PabloSnchz/factorio-blueprint-visualizer/issues,2,2,/PabloSnchz/factorio-blueprint-visualizer/blob/master/examples/Rocket_Ship_1.jpg,1,1,/PabloSnchz/factorio-blueprint-visualizer/commit/60fc880e7be58e486830cd19ca0f0df453d15363,1,1,/PabloSnchz/factorio-blueprint-visualizer/tree/master/scripts,1,1,,,,,,,,,,,,
2026-01-16,/PabloSnchz/factorio-blueprint-visualizer,37,36,/PabloSnchz/factorio-blueprint-visualizer/blob/master/drawing_settings_documentation.md,11,10,/PabloSnchz/factorio-blueprint-visualizer/blob/master/examples/Rocket_Ship_1.jpg,1,1,/PabloSnchz/factorio-blueprint-visualizer/commit/60fc880e7be58e486830cd19ca0f0df453d15363,1,1,/PabloSnchz/factorio-blueprint-visualizer/issues,1,1,/PabloSnchz/factorio-blueprint-visualizer/tree/master/scripts,1,1,,,,,,,,,,,,
2026-01-17,/PabloSnchz/factorio-blueprint-visualizer,35,34,/PabloSnchz/factorio-blueprint-visualizer/blob/master/drawing_settings_documentation.md,10,9,/PabloSnchz/factorio-blueprint-visualizer/blob/master/examples/Rocket_Ship_1.jpg,1,1,/PabloSnchz/factorio-blueprint-visualizer/commit/60fc880e7be58e486830cd19ca0f0df453d15363,1,1,/PabloSnchz/factorio-blueprint-visualizer/issues,1,1,/PabloSnchz/factorio-blueprint-visualizer/tree/master/scripts,1,1,,,,,,,,,,,,
2026-01-18,/PabloSnchz/factorio-blueprint-visualizer,35,34,/PabloSnchz/factorio-blueprint-visualizer/blob/master/drawing_settings_documentation.md,9,8,/PabloSnchz/factorio-blueprint-visualizer/blob/master/examples/Rocket_Ship_1.jpg,1,1,/PabloSnchz/factorio-blueprint-visualizer/commit/60fc880e7be58e486830cd19ca0f0df453d15363,1,1,/PabloSnchz/factorio-blueprint-visualizer/issues,1,1,/PabloSnchz/factorio-blueprint-visualizer/tree/master/scripts,1,1,,,,,,,,,,,,
2026-01-19,/PabloSnchz/factorio-blueprint-visualizer,42,38,/PabloSnchz/factorio-blueprint-visualizer/blob/master/drawing_settings_documentation.md,11,10,/PabloSnchz/factorio-blueprint-visualizer/blob/master/examples/Rocket_Ship_1.jpg,1,1,/PabloSnchz/factorio-blueprint-visualizer/commit/60fc880e7be58e486830cd19ca0f0df453d15363,1,1,/PabloSnchz/factorio-blueprint-visualizer/issues,1,1,/PabloSnchz/factorio-blueprint-visualizer/tree/master/scripts,1,1,,,,,,,,,,,,
2026-01-20,/PabloSnchz/factorio-blueprint-visualizer,46,41,/PabloSnchz/factorio-blueprint-visualizer/blob/master/drawing_settings_documentation.md,11,10,/PabloSnchz/factorio-blueprint-visualizer/blob/master/examples/Rocket_Ship_1.jpg,1,1,/PabloSnchz/factorio-blueprint-visualizer/commit/60fc880e7be58e486830cd19ca0f0df453d15363,1,1,/PabloSnchz/factorio-blueprint-visualizer/issues,1,1,/PabloSnchz/factorio-blueprint-visualizer/tree/master/scripts,1,1,/PabloSnchz/factorio-blueprint-visualizer/tree/master/website,1,1,,,,,,,,,
2026-01-21,/PabloSnchz/factorio-blueprint-visualizer,48,43,/PabloSnchz/factorio-blueprint-visualizer/blob/master/drawing_settings_documentation.md,13,11,/PabloSnchz/factorio-blueprint-visualizer/blob/master/examples/Rocket_Ship_1.jpg,1,1,/PabloSnchz/factorio-blueprint-visualizer/commit/60fc880e7be58e486830cd19ca0f0df453d15363,1,1,/PabloSnchz/factorio-blueprint-visualizer/issues,1,1,/PabloSnchz/factorio-blueprint-visualizer/tree/master/scripts,1,1,/PabloSnchz/factorio-blueprint-visualizer/tree/master/website,1,1,,,,,,,,,
2026-01-22,/PabloSnchz/factorio-blueprint-visualizer,46,41,/PabloSnchz/factorio-blueprint-visualizer/blob/master/drawing_settings_documentation.md,12,10,/PabloSnchz/factorio-blueprint-visualizer/blob/master/examples/Rocket_Ship_1.jpg,1,1,/PabloSnchz/factorio-blueprint-visualizer/blob/master/examples/example_25.svg,1,1,/PabloSnchz/factorio-blueprint-visualizer/commit/60fc880e7be58e486830cd19ca0f0df453d15363,1,1,/PabloSnchz/factorio-blueprint-visualizer/commit/dca8ecbd09f17b2cb04a96e5cf0b4e05423e1573,1,1,/PabloSnchz/factorio-blueprint-visualizer/issues,1,1,/PabloSnchz/factorio-blueprint-visualizer/tree/master/scripts,1,1,/PabloSnchz/factorio-blueprint-visualizer/tree/master/website,1,1,,,
2026-01-23,/PabloSnchz/factorio-blueprint-visualizer,43,38,/PabloSnchz/factorio-blueprint-visualizer/blob/master/drawing_settings_documentation.md,12,10,/PabloSnchz/factorio-blueprint-visualizer/blob/master/examples/Rocket_Ship_1.jpg,1,1,/PabloSnchz/factorio-blueprint-visualizer/blob/master/examples/example_25.svg,1,1,/PabloSnchz/factorio-blueprint-visualizer/commit/dca8ecbd09f17b2cb04a96e5cf0b4e05423e1573,1,1,/PabloSnchz/factorio-blueprint-visualizer/tree/master/scripts,1,1,/PabloSnchz/factorio-blueprint-visualizer/tree/master/website,1,1,,,,,,,,,
2026-01-24,/PabloSnchz/factorio-blueprint-visualizer,41,36,/PabloSnchz/factorio-blueprint-visualizer/blob/master/drawing_settings_documentation.md,12,10,/PabloSnchz/factorio-blueprint-visualizer/blob/master/examples/Rocket_Ship_1.jpg,1,1,/PabloSnchz/factorio-blueprint-visualizer/blob/master/examples/example_25.svg,1,1,/PabloSnchz/factorio-blueprint-visualizer/commit/dca8ecbd09f17b2cb04a96e5cf0b4e05423e1573,1,1,/PabloSnchz/factorio-blueprint-visualizer/tree/master/scripts,1,1,/PabloSnchz/factorio-blueprint-visualizer/tree/master/website,1,1,,,,,,,,,
2026-01-25,/PabloSnchz/factorio-blueprint-visualizer,44,39,/PabloSnchz/factorio-blueprint-visualizer/blob/master/drawing_settings_documentation.md,13,11,/PabloSnchz/factorio-blueprint-visualizer/blob/master/examples/Rocket_Ship_1.jpg,1,1,/PabloSnchz/factorio-blueprint-visualizer/blob/master/examples/example_25.svg,1,1,/PabloSnchz/factorio-blueprint-visualizer/commit/dca8ecbd09f17b2cb04a96e5cf0b4e05423e1573,1,1,/PabloSnchz/factorio-blueprint-visualizer/tree/master/scripts,1,1,/PabloSnchz/factorio-blueprint-visualizer/tree/master/website,1,1,,,,,,,,,
2026-01-26,/PabloSnchz/factorio-blueprint-visualizer,45,40,/PabloSnchz/factorio-blueprint-visualizer/blob/master/drawing_settings_documentation.md,14,12,/PabloSnchz/factorio-blueprint-visualizer/blob/master/examples/example_25.svg,1,1,/PabloSnchz/factorio-blueprint-visualizer/commit/af6ca0bb7fa858d36a1a6bd750d95453ade12067,1,1,/PabloSnchz/factorio-blueprint-visualizer/commit/dca8ecbd09f17b2cb04a96e5cf0b4e05423e1573,1,1,/PabloSnchz/factorio-blueprint-visualizer/tree/master/scripts,1,1,/PabloSnchz/factorio-blueprint-visualizer/tree/master/website,1,1,,,,,,,,,
2026-01-27,/PabloSnchz/factorio-blueprint-visualizer,44,39,/PabloSnchz/factorio-blueprint-visualizer/blob/master/drawing_settings_documentation.md,14,12,/PabloSnchz/factorio-blueprint-visualizer/blob/master/examples/example_25.svg,1,1,/PabloSnchz/factorio-blueprint-visualizer/commit/af6ca0bb7fa858d36a1a6bd750d95453ade12067,1,1,/PabloSnchz/factorio-blueprint-visualizer/commit/dca8ecbd09f17b2cb04a96e5cf0b4e05423e1573,1,1,/PabloSnchz/factorio-blueprint-visualizer/tree/master/website,1,1,,,,,,,,,,,,
2026-01-28,/PabloSnchz/factorio-blueprint-visualizer,50,43,/PabloSnchz/factorio-blueprint-visualizer/blob/master/drawing_settings_documentation.md,14,12,/PabloSnchz/factorio-blueprint-visualizer/tree/master,4,1,/PabloSnchz/factorio-blueprint-visualizer/tree/master/website,3,2,/PabloSnchz/factorio-blueprint-visualizer/blob/master/examples/Rocket_Ship_1.jpg,2,2,/PabloSnchz/factorio-blueprint-visualizer/tree/master/examples,2,1,/PabloSnchz/factorio-blueprint-visualizer/tree/master/test_blueprints,2,1,/PabloSnchz/factorio-blueprint-visualizer/blob/master/README.md,1,1,/PabloSnchz/factorio-blueprint-visualizer/blob/master/examples/example_25.svg,1,1,/PabloSnchz/factorio-blueprint-visualizer/blob/master/website/blueprintVisualizer.js,1,1
2026-01-29,/PabloSnchz/factorio-blueprint-visualizer,52,44,/PabloSnchz/factorio-blueprint-visualizer/blob/master/drawing_settings_documentation.md,16,14,/PabloSnchz/factorio-blueprint-visualizer/tree/master,4,1,/PabloSnchz/factorio-blueprint-visualizer/tree/master/website,3,2,/PabloSnchz/factorio-blueprint-visualizer/blob/master/examples/Rocket_Ship_1.jpg,2,2,/PabloSnchz/factorio-blueprint-visualizer/tree/master/examples,2,1,/PabloSnchz/factorio-blueprint-visualizer/tree/master/test_blueprints,2,1,/PabloSnchz/factorio-blueprint-visualizer/blob/master/README.md,1,1,/PabloSnchz/factorio-blueprint-visualizer/blob/master/examples/example_25.svg,1,1,/PabloSnchz/factorio-blueprint-visualizer/blob/master/website/blueprintVisualizer.js,1,1
2026-01-30,/PabloSnchz/factorio-blueprint-visualizer,58,50,/PabloSnchz/factorio-blueprint-visualizer/blob/master/drawing_settings_documentation.md,12,11,/PabloSnchz/factorio-blueprint-visualizer/tree/master,4,1,/PabloSnchz/factorio-blueprint-visualizer/tree/master/website,3,2,/PabloSnchz/factorio-blueprint-visualizer/blob/master/examples/Rocket_Ship_1.jpg,2,2,/PabloSnchz/factorio-blueprint-visualizer/tree/master/examples,2,1,/PabloSnchz/factorio-blueprint-visualizer/tree/master/test_blueprints,2,1,/PabloSnchz/factorio-blueprint-visualizer/blob/master/README.md,1,1,/PabloSnchz/factorio-blueprint-visualizer/blob/master/examples/example_25.svg,1,1,/PabloSnchz/factorio-blueprint-visualizer/blob/master/website/blueprintVisualizer.js,1,1
2026-01-31,/PabloSnchz/factorio-blueprint-visualizer,64,56,/PabloSnchz/factorio-blueprint-visualizer/blob/master/drawing_settings_documentation.md,11,10,/PabloSnchz/factorio-blueprint-visualizer/tree/master,4,1,/PabloSnchz/factorio-blueprint-visualizer/tree/master/website,3,2,/PabloSnchz/factorio-blueprint-visualizer/blob/master/examples/Rocket_Ship_1.jpg,2,2,/PabloSnchz/factorio-blueprint-visualizer/tree/master/examples,2,1,/PabloSnchz/factorio-blueprint-visualizer/tree/master/test_blueprints,2,1,/PabloSnchz/factorio-blueprint-visualizer/blob/master/README.md,1,1,/PabloSnchz/factorio-blueprint-visualizer/blob/master/examples/example_25.svg,1,1,/PabloSnchz/factorio-blueprint-visualizer/blob/master/website/blueprintVisualizer.js,1,1
2026-02-01,/PabloSnchz/factorio-blueprint-visualizer,65,56,/PabloSnchz/factorio-blueprint-visualizer/blob/master/drawing_settings_documentation.md,12,11,/PabloSnchz/factorio-blueprint-visualizer/tree/master,4,1,/PabloSnchz/factorio-blueprint-visualizer/tree/master/website,3,2,/PabloSnchz/factorio-blueprint-visualizer/blob/master/examples/Rocket_Ship_1.jpg,2,2,/PabloSnchz/factorio-blueprint-visualizer/tree/master/examples,2,1,/PabloSnchz/factorio-blueprint-visualizer/tree/master/test_blueprints,2,1,/PabloSnchz/factorio-blueprint-visualizer/blob/master/README.md,1,1,/PabloSnchz/factorio-blueprint-visualizer/blob/master/examples/example_25.svg,1,1,/PabloSnchz/factorio-blueprint-visualizer/blob/master/website/blueprintVisualizer.js,1,1
2026-02-02,/PabloSnchz/factorio-blueprint-visualizer,58,52,/PabloSnchz/factorio-blueprint-visualizer/blob/master/drawing_settings_documentation.md,11,10,/PabloSnchz/factorio-blueprint-visualizer/tree/master,6,2,/PabloSnchz/factorio-blueprint-visualizer/tree/master/examples,3,2,/PabloSnchz/factorio-blueprint-visualizer/tree/master/website,3,2,/PabloSnchz/factorio-blueprint-visualizer/blob/master/examples/Rocket_Ship_1.jpg,2,2,/PabloSnchz/factorio-blueprint-visualizer/tree/master/test_blueprints,2,1,/PabloSnchz/factorio-blueprint-visualizer/blob/master/README.md,1,1,/PabloSnchz/factorio-blueprint-visualizer/blob/master/examples/example_25.svg,1,1,/PabloSnchz/factorio-blueprint-visualizer/blob/master/website/blueprintVisualizer.js,1,1
2026-02-03,/PabloSnchz/factorio-blueprint-visualizer,54,49,/PabloSnchz/factorio-blueprint-visualizer/blob/master/drawing_settings_documentation.md,10,9,/PabloSnchz/factorio-blueprint-visualizer/tree/master,7,2,/PabloSnchz/factorio-blueprint-visualizer/tree/master/examples,3,2,/PabloSnchz/factorio-blueprint-visualizer/blob/master/examples/Rocket_Ship_1.jpg,2,2,/PabloSnchz/factorio-blueprint-visualizer/tree/master/test_blueprints,2,1,/PabloSnchz/factorio-blueprint-visualizer/tree/master/website,2,1,/PabloSnchz/factorio-blueprint-visualizer/blob/master/README.md,1,1,/PabloSnchz/factorio-blueprint-visualizer/blob/master/examples/example_25.svg,1,1,/PabloSnchz/factorio-blueprint-visualizer/blob/master/website/blueprintVisualizer.js,1,1
2026-02-04,/PabloSnchz/factorio-blueprint-visualizer,56,50,/PabloSnchz/factorio-blueprint-visualizer/blob/master/drawing_settings_documentation.md,8,8,/PabloSnchz/factorio-blueprint-visualizer/tree/master,7,2,/PabloSnchz/factorio-blueprint-visualizer/blob/master/examples/Rocket_Ship_1.jpg,3,3,/PabloSnchz/factorio-blueprint-visualizer/tree/master/examples,3,2,/PabloSnchz/factorio-blueprint-visualizer/tree/master/test_blueprints,2,1,/PabloSnchz/factorio-blueprint-visualizer/tree/master/website,2,1,/PabloSnchz/factorio-blueprint-visualizer/blob/master/README.md,1,1,/PabloSnchz/factorio-blueprint-visualizer/blob/master/examples/example_25.svg,1,1,/PabloSnchz/factorio-blueprint-visualizer/blob/master/website/blueprintVisualizer.js,1,1
2026-02-05,/PabloSnchz/factorio-blueprint-visualizer,58,51,/PabloSnchz/factorio-blueprint-visualizer/blob/master/drawing_settings_documentation.md,8,8,/PabloSnchz/factorio-blueprint-visualizer/tree/master,7,2,/PabloSnchz/factorio-blueprint-visualizer/blob/master/examples/Rocket_Ship_1.jpg,3,3,/PabloSnchz/factorio-blueprint-visualizer/tree/master/examples,3,2,/PabloSnchz/factorio-blueprint-visualizer/tree/master/test_blueprints,2,1,/PabloSnchz/factorio-blueprint-visualizer/tree/master/website,2,1,/PabloSnchz/factorio-blueprint-visualizer/blob/master/README.md,1,1,/PabloSnchz/factorio-blueprint-visualizer/blob/master/examples/example_12.svg,1,1,/PabloSnchz/factorio-blueprint-visualizer/blob/master/website/blueprintVisualizer.js,1,1
2026-02-06,/PabloSnchz/factorio-blueprint-visualizer,58,51,/PabloSnchz/factorio-blueprint-visualizer/blob/master/drawing_settings_documentation.md,8,8,/PabloSnchz/factorio-blueprint-visualizer/tree/master,7,2,/PabloSnchz/factorio-blueprint-visualizer/blob/master/examples/Rocket_Ship_1.jpg,3,3,/PabloSnchz/factorio-blueprint-visualizer/tree/master/examples,3,2,/PabloSnchz/factorio-blueprint-visualizer/tree/master/test_blueprints,2,1,/PabloSnchz/factorio-blueprint-visualizer/tree/master/website,2,1,/PabloSnchz/factorio-blueprint-visualizer/blob/master/README.md,1,1,/PabloSnchz/factorio-blueprint-visualizer/blob/master/examples/example_12.svg,1,1,/PabloSnchz/factorio-blueprint-visualizer/blob/master/website/blueprintVisualizer.js,1,1
2026-02-07,/PabloSnchz/factorio-blueprint-visualizer,59,52,/PabloSnchz/factorio-blueprint-visualizer/blob/master/drawing_settings_documentation.md,9,9,/PabloSnchz/factorio-blueprint-visualizer/tree/master,7,2,/PabloSnchz/factorio-blueprint-visualizer/blob/master/examples/Rocket_Ship_1.jpg,3,3,/PabloSnchz/factorio-blueprint-visualizer/tree/master/examples,3,2,/PabloSnchz/factorio-blueprint-visualizer/tree/master/test_blueprints,2,1,/PabloSnchz/factorio-blueprint-visualizer/tree/master/website,2,1,/PabloSnchz/factorio-blueprint-visualizer/blob/master/README.md,1,1,/PabloSnchz/factorio-blueprint-visualizer/blob/master/examples/example_12.svg,1,1,/PabloSnchz/factorio-blueprint-visualizer/blob/master/website/blueprintVisualizer.js,1,1
2026-02-08,/PabloSnchz/factorio-blueprint-visualizer,60,53,/PabloSnchz/factorio-blueprint-visualizer/blob/master/drawing_settings_documentation.md,11,10,/PabloSnchz/factorio-blueprint-visualizer/tree/master,7,2,/PabloSnchz/factorio-blueprint-visualizer/blob/master/examples/Rocket_Ship_1.jpg,3,3,/PabloSnchz/factorio-blueprint-visualizer/tree/master/examples,3,2,/PabloSnchz/factorio-blueprint-visualizer/tree/master/test_blueprints,2,1,/PabloSnchz/factorio-blueprint-visualizer/tree/master/website,2,1,/PabloSnchz/factorio-blueprint-visualizer/blob/master/README.md,1,1,/PabloSnchz/factorio-blueprint-visualizer/blob/master/examples/example_12.svg,1,1,/PabloSnchz/factorio-blueprint-visualizer/blob/master/website/blueprintVisualizer.js,1,1
2026-02-09,/PabloSnchz/factorio-blueprint-visualizer,64,54,/PabloSnchz/factorio-blueprint-visualizer/blob/master/drawing_settings_documentation.md,11,10,/PabloSnchz/factorio-blueprint-visualizer/tree/master,8,3,/PabloSnchz/factorio-blueprint-visualizer/blob/master/examples/Rocket_Ship_1.jpg,5,5,/PabloSnchz/factorio-blueprint-visualizer/tree/master/examples,4,3,/PabloSnchz/factorio-blueprint-visualizer/tree/master/website,4,2,/PabloSnchz/factorio-blueprint-visualizer/blob/master/website/blueprintVisualizer.js,2,2,/PabloSnchz/factorio-blueprint-visualizer/tree/master/test_blueprints,2,1,/PabloSnchz/factorio-blueprint-visualizer/blob/master/README.md,1,1,/PabloSnchz/factorio-blueprint-visualizer/blob/master/examples/example_12.svg,1,1
2026-02-10,/PabloSnchz/factorio-blueprint-visualizer,64,53,/PabloSnchz/factorio-blueprint-visualizer/blob/master/drawing_settings_documentation.md,11,10,/PabloSnchz/factorio-blueprint-visualizer/tree/master,8,3,/PabloSnchz/factorio-blueprint-visualizer/blob/master/examples/Rocket_Ship_1.jpg,6,6,/PabloSnchz/factorio-blueprint-visualizer/tree/master/examples,4,3,/PabloSnchz/factorio-blueprint-visualizer/tree/master/website,4,2,/PabloSnchz/factorio-blueprint-visualizer/blob/master/website/blueprintVisualizer.js,2,2,/PabloSnchz/factorio-blueprint-visualizer/tree/master/test_blueprints,2,1,/PabloSnchz/factorio-blueprint-visualizer/blob/master/README.md,1,1,/PabloSnchz/factorio-blueprint-visualizer/blob/master/examples/example_12.svg,1,1
2026-02-11,/PabloSnchz/factorio-blueprint-visualizer,62,54,/PabloSnchz/factorio-blueprint-visualizer/blob/master/drawing_settings_documentation.md,12,11,/PabloSnchz/factorio-blueprint-visualizer/blob/master/examples/Rocket_Ship_1.jpg,5,5,/PabloSnchz/factorio-blueprint-visualizer/tree/master,4,2,/PabloSnchz/factorio-blueprint-visualizer/tree/master/examples,2,2,/PabloSnchz/factorio-blueprint-visualizer/blob/master/README.md,2,1,/PabloSnchz/factorio-blueprint-visualizer/tree/master/website,2,1,/PabloSnchz/factorio-blueprint-visualizer/blob/master/examples/Rocket_Ship_1_Visualization.png,1,1,/PabloSnchz/factorio-blueprint-visualizer/blob/master/examples/example_12.svg,1,1,/PabloSnchz/factorio-blueprint-visualizer/blob/master/website/blueprintVisualizer.js,1,1
2026-02-12,/PabloSnchz/factorio-blueprint-visualizer,60,52,/PabloSnchz/factorio-blueprint-visualizer/blob/master/drawing_settings_documentation.md,10,9,/PabloSnchz/factorio-blueprint-visualizer/blob/master/examples/Rocket_Ship_1.jpg,5,5,/PabloSnchz/factorio-blueprint-visualizer/tree/master,4,2,/PabloSnchz/factorio-blueprint-visualizer/tree/master/examples,2,2,/PabloSnchz/factorio-blueprint-visualizer/blob/master/README.md,2,1,/PabloSnchz/factorio-blueprint-visualizer/tree/master/website,2,1,/PabloSnchz/factorio-blueprint-visualizer/blob/master/examples/Rocket_Ship_1_Visualization.png,1,1,/PabloSnchz/factorio-blueprint-visualizer/blob/master/examples/example_12.svg,1,1,/PabloSnchz/factorio-blueprint-visualizer/blob/master/website/blueprintVisualizer.js,1,1
2026-02-13,/PabloSnchz/factorio-blueprint-visualizer,59,49,/PabloSnchz/factorio-blueprint-visualizer/blob/master/drawing_settings_documentation.md,12,11,/PabloSnchz/factorio-blueprint-visualizer/blob/master/examples/Rocket_Ship_1.jpg,6,6,/PabloSnchz/factorio-blueprint-visualizer/tree/master,4,2,/PabloSnchz/factorio-blueprint-visualizer/tree/master/examples,3,3,/PabloSnchz/factorio-blueprint-visualizer/tree/master/website,3,2,/PabloSnchz/factorio-blueprint-visualizer/blob/master/examples/Rocket_Ship_1_Visualization.png,2,2,/PabloSnchz/factorio-blueprint-visualizer/blob/master/README.md,2,1,/PabloSnchz/factorio-blueprint-visualizer/blob/master/examples/example_12.svg,1,1,/PabloSnchz/factorio-blueprint-visualizer/blob/master/examples/example_21.svg,1,1
2026-02-14,/PabloSnchz/factorio-blueprint-visualizer,57,46,/PabloSnchz/factorio-blueprint-visualizer/blob/master/drawing_settings_documentation.md,12,11,/PabloSnchz/factorio-blueprint-visualizer/blob/master/examples/Rocket_Ship_1.jpg,6,6,/PabloSnchz/factorio-blueprint-visualizer/tree/master,4,2,/PabloSnchz/factorio-blueprint-visualizer/tree/master/examples,3,3,/PabloSnchz/factorio-blueprint-visualizer/tree/master/website,3,2,/PabloSnchz/factorio-blueprint-visualizer/blob/master/examples/Rocket_Ship_1_Visualization.png,2,2,/PabloSnchz/factorio-blueprint-visualizer/blob/master/README.md,2,1,/PabloSnchz/factorio-blueprint-visualizer/blob/master/examples/example_12.svg,1,1,/PabloSnchz/factorio-blueprint-visualizer/blob/master/examples/example_21.svg,1,1
2026-02-15,/PabloSnchz/factorio-blueprint-visualizer,55,43,/PabloSnchz/factorio-blueprint-visualizer/blob/master/drawing_settings_documentation.md,10,9,/PabloSnchz/factorio-blueprint-visualizer/blob/master/examples/Rocket_Ship_1.jpg,6,6,/PabloSnchz/factorio-blueprint-visualizer/tree/master,4,2,/PabloSnchz/factorio-blueprint-visualizer/tree/master/examples,3,3,/PabloSnchz/factorio-blueprint-visualizer/tree/master/website,3,2,/PabloSnchz/factorio-blueprint-visualizer/blob/master/examples/Rocket_Ship_1_Visualization.png,2,2,/PabloSnchz/factorio-blueprint-visualizer/blob/master/README.md,2,1,/PabloSnchz/factorio-blueprint-visualizer/blob/master/examples/example_12.svg,1,1,/PabloSnchz/factorio-blueprint-visualizer/blob/master/examples/example_21.svg,1,1
2026-02-16,/PabloSnchz/factorio-blueprint-visualizer,57,44,/PabloSnchz/factorio-blueprint-visualizer/blob/master/drawing_settings_documentation.md,10,9,/PabloSnchz/factorio-blueprint-visualizer/blob/master/examples/Rocket_Ship_1.jpg,6,6,/PabloSnchz/factorio-blueprint-visualizer/tree/master/website,3,2,/PabloSnchz/factorio-blueprint-visualizer/blob/master/examples/Rocket_Ship_1_Visualization.png,2,2,/PabloSnchz/factorio-blueprint-visualizer/tree/master,2,2,/PabloSnchz/factorio-blueprint-visualizer/tree/master/examples,2,2,/PabloSnchz/factorio-blueprint-visualizer/blob/master/README.md,2,1,/PabloSnchz/factorio-blueprint-visualizer/blob/master/examples/example_12.svg,1,1,/PabloSnchz/factorio-blueprint-visualizer/blob/master/examples/example_21.svg,1,1
2026-02-17,/PabloSnchz/factorio-blueprint-visualizer,56,43,/PabloSnchz/factorio-blueprint-visualizer/blob/master/drawing_settings_documentation.md,10,9,/PabloSnchz/factorio-blueprint-visualizer/blob/master/examples/Rocket_Ship_1.jpg,6,6,/PabloSnchz/factorio-blueprint-visualizer/tree/master/website,3,2,/PabloSnchz/factorio-blueprint-visualizer/blob/master/examples/Rocket_Ship_1_Visualization.png,2,2,/PabloSnchz/factorio-blueprint-visualizer/tree/master/examples,2,2,/PabloSnchz/factorio-blueprint-visualizer/blob/master/README.md,2,1,/PabloSnchz/factorio-blueprint-visualizer/blob/master/examples/example_12.svg,1,1,/PabloSnchz/factorio-blueprint-visualizer/blob/master/examples/example_21.svg,1,1,/PabloSnchz/factorio-blueprint-visualizer/blob/master/examples/example_24.svg,1,1
2026-02-18,/PabloSnchz/factorio-blueprint-visualizer,54,42,/PabloSnchz/factorio-blueprint-visualizer/blob/master/drawing_settings_documentation.md,11,10,/PabloSnchz/factorio-blueprint-visualizer/blob/master/examples/Rocket_Ship_1.jpg,5,5,/PabloSnchz/factorio-blueprint-visualizer/tree/master/website,3,2,/PabloSnchz/factorio-blueprint-visualizer/blob/master/examples/Rocket_Ship_1_Visualization.png,2,2,/PabloSnchz/factorio-blueprint-visualizer/tree/master/examples,2,2,/PabloSnchz/factorio-blueprint-visualizer/blob/master/README.md,2,1,/PabloSnchz/factorio-blueprint-visualizer/blob/master/examples/example_12.svg,1,1,/PabloSnchz/factorio-blueprint-visualizer/blob/master/examples/example_21.svg,1,1,/PabloSnchz/factorio-blueprint-visualizer/blob/master/examples/example_24.svg,1,1
2026-02-19,/PabloSnchz/factorio-blueprint-visualizer,53,42,/PabloSnchz/factorio-blueprint-visualizer/blob/master/drawing_settings_documentation.md,11,10,/PabloSnchz/factorio-blueprint-visualizer/blob/master/examples/Rocket_Ship_1.jpg,5,5,/PabloSnchz/factorio-blueprint-visualizer/tree/master/website,3,2,/PabloSnchz/factorio-blueprint-visualizer/blob/master/examples/Rocket_Ship_1_Visualization.png,2,2,/PabloSnchz/factorio-blueprint-visualizer/tree/master/examples,2,2,/PabloSnchz/factorio-blueprint-visualizer/blob/master/README.md,2,1,/PabloSnchz/factorio-blueprint-visualizer/blob/master/examples/example_21.svg,1,1,/PabloSnchz/factorio-blueprint-visualizer/blob/master/examples/example_24.svg,1,1,/PabloSnchz/factorio-blueprint-visualizer/blob/master/website/blueprintVisualizer.js,1,1
2026-02-20,/PabloSnchz/factorio-blueprint-visualizer,58,48,/PabloSnchz/factorio-blueprint-visualizer/blob/master/drawing_settings_documentation.md,10,9,/PabloSnchz/factorio-blueprint-visualizer/blob/master/examples/Rocket_Ship_1.jpg,5,5,/PabloSnchz/factorio-blueprint-visualizer/tree/master/website,3,2,/PabloSnchz/factorio-blueprint-visualizer/blob/master/examples/Rocket_Ship_1_Visualization.png,2,2,/PabloSnchz/factorio-blueprint-visualizer/tree/master/examples,2,2,/PabloSnchz/factorio-blueprint-visualizer/blob/master/README.md,2,1,/PabloSnchz/factorio-blueprint-visualizer/blob/master/examples/example_21.svg,1,1,/PabloSnchz/factorio-blueprint-visualizer/blob/master/examples/example_24.svg,1,1,/PabloSnchz/factorio-blueprint-visualizer/blob/master/website/blueprintVisualizer.js,1,1
2026-02-21,/PabloSnchz/factorio-blueprint-visualizer,60,50,/PabloSnchz/factorio-blueprint-visualizer/blob/master/drawing_settings_documentation.md,9,8,/PabloSnchz/factorio-blueprint-visualizer/blob/master/examples/Rocket_Ship_1.jpg,5,5,/PabloSnchz/factorio-blueprint-visualizer/tree/master/website,3,2,/PabloSnchz/factorio-blueprint-visualizer/blob/master/examples/Rocket_Ship_1_Visualization.png,2,2,/PabloSnchz/factorio-blueprint-visualizer/tree/master/examples,2,2,/PabloSnchz/factorio-blueprint-visualizer/blob/master/README.md,2,1,/PabloSnchz/factorio-blueprint-visualizer/blob/master/examples/example_21.svg,1,1,/PabloSnchz/factorio-blueprint-visualizer/blob/master/examples/example_24.svg,1,1,/PabloSnchz/factorio-blueprint-visualizer/blob/master/website/blueprintVisualizer.js,1,1
2026-02-22,/PabloSnchz/factorio-blueprint-visualizer,54,44,/PabloSnchz/factorio-blueprint-visualizer/blob/master/drawing_settings_documentation.md,6,6,/PabloSnchz/factorio-blueprint-visualizer/blob/master/examples/Rocket_Ship_1.jpg,5,5,/PabloSnchz/factorio-blueprint-visualizer/tree/master/website,3,2,/PabloSnchz/factorio-blueprint-visualizer/blob/master/examples/Rocket_Ship_1_Visualization.png,2,2,/PabloSnchz/factorio-blueprint-visualizer/tree/master/examples,2,2,/PabloSnchz/factorio-blueprint-visualizer/blob/master/README.md,2,1,/PabloSnchz/factorio-blueprint-visualizer/blob/master/examples/example_21.svg,1,1,/PabloSnchz/factorio-blueprint-visualizer/blob/master/examples/example_24.svg,1,1,/PabloSnchz/factorio-blueprint-visualizer/blob/master/website/blueprintVisualizer.js,1,1
2026-02-23,/PabloSnchz/factorio-blueprint-visualizer,52,45,/PabloSnchz/factorio-blueprint-visualizer/blob/master/drawing_settings_documentation.md,7,7,/PabloSnchz/factorio-blueprint-visualizer/blob/master/examples/Rocket_Ship_1.jpg,3,3,/PabloSnchz/factorio-blueprint-visualizer/blob/master/examples/Rocket_Ship_1_Visualization.png,3,3,/PabloSnchz/factorio-blueprint-visualizer/tree/master/examples,2,2,/PabloSnchz/factorio-blueprint-visualizer/blob/master/README.md,2,1,/PabloSnchz/factorio-blueprint-visualizer/blob/master/examples/example_07.svg,1,1,/PabloSnchz/factorio-blueprint-visualizer/blob/master/examples/example_21.svg,1,1,/PabloSnchz/factorio-blueprint-visualizer/blob/master/examples/example_24.svg,1,1,/PabloSnchz/factorio-blueprint-visualizer/blob/master/examples/example_25.svg,1,1
2026-02-24,/PabloSnchz/factorio-blueprint-visualizer,52,45,/PabloSnchz/factorio-blueprint-visualizer/blob/master/drawing_settings_documentation.md,8,8,/PabloSnchz/factorio-blueprint-visualizer/blob/master/examples/Rocket_Ship_1_Visualization.png,3,3,/PabloSnchz/factorio-blueprint-visualizer/blob/master/examples/Rocket_Ship_1.jpg,2,2,/PabloSnchz/factorio-blueprint-visualizer/tree/master/examples,2,2,/PabloSnchz/factorio-blueprint-visualizer/blob/master/README.md,2,1,/PabloSnchz/factorio-blueprint-visualizer/blob/master/examples/example_07.svg,1,1,/PabloSnchz/factorio-blueprint-visualizer/blob/master/examples/example_21.svg,1,1,/PabloSnchz/factorio-blueprint-visualizer/blob/master/examples/example_24.svg,1,1,/PabloSnchz/factorio-blueprint-visualizer/blob/master/examples/example_25.svg,1,1
2026-02-25,/PabloSnchz/factorio-blueprint-visualizer,50,44,/PabloSnchz/factorio-blueprint-visualizer/blob/master/drawing_settings_documentation.md,7,7,/PabloSnchz/factorio-blueprint-visualizer/blob/master/examples/Rocket_Ship_1_Visualization.png,2,2,/PabloSnchz/factorio-blueprint-visualizer/pulls,2,2,/PabloSnchz/factorio-blueprint-visualizer/tree/master/examples,2,2,/PabloSnchz/factorio-blueprint-visualizer/blob/master/examples/Rocket_Ship_1.jpg,1,1,/PabloSnchz/factorio-blueprint-visualizer/blob/master/examples/example_07.svg,1,1,/PabloSnchz/factorio-blueprint-visualizer/blob/master/examples/example_21.svg,1,1,/PabloSnchz/factorio-blueprint-visualizer/blob/master/examples/example_24.svg,1,1,/PabloSnchz/factorio-blueprint-visualizer/blob/master/examples/example_25.svg,1,1
2026-02-26,/PabloSnchz/factorio-blueprint-visualizer,52,46,/PabloSnchz/factorio-blueprint-visualizer/blob/master/drawing_settings_documentation.md,7,7,/PabloSnchz/factorio-blueprint-visualizer/blob/master/examples/Rocket_Ship_1_Visualization.png,2,2,/PabloSnchz/factorio-blueprint-visualizer/pulls,2,2,/PabloSnchz/factorio-blueprint-visualizer/tree/master/examples,2,2,/PabloSnchz/factorio-blueprint-visualizer/blob/master/examples/Rocket_Ship_1.jpg,1,1,/PabloSnchz/factorio-blueprint-visualizer/blob/master/examples/example_07.svg,1,1,/PabloSnchz/factorio-blueprint-visualizer/blob/master/examples/example_21.svg,1,1,/PabloSnchz/factorio-blueprint-visualizer/blob/master/examples/example_24.svg,1,1,/PabloSnchz/factorio-blueprint-visualizer/blob/master/examples/example_25.svg,1,1
2026-02-27,/PabloSnchz/factorio-blueprint-visualizer,50,45,/PabloSnchz/factorio-blueprint-visualizer/blob/master/drawing_settings_documentation.md,5,5,/PabloSnchz/factorio-blueprint-visualizer/pulls,2,2,/PabloSnchz/factorio-blueprint-visualizer/blob/master/examples/Rocket_Ship_1_Visualization.png,1,1,/PabloSnchz/factorio-blueprint-visualizer/blob/master/examples/example_07.svg,1,1,/PabloSnchz/factorio-blueprint-visualizer/blob/master/examples/example_25.svg,1,1,/PabloSnchz/factorio-blueprint-visualizer/blob/master/test_blueprints/Belts.jpg,1,1,/PabloSnchz/factorio-blueprint-visualizer/blob/master/test_blueprints/Powerlines.jpg,1,1,/PabloSnchz/factorio-blueprint-visualizer/blob/master/test_blueprints/Rails.jpg,1,1,/PabloSnchz/factorio-blueprint-visualizer/blob/master/test_blueprints/Tiles 2.jpg,1,1
2026-02-28,/PabloSnchz/factorio-blueprint-visualizer,48,44,/PabloSnchz/factorio-blueprint-visualizer/blob/master/drawing_settings_documentation.md,5,5,/PabloSnchz/factorio-blueprint-visualizer/pulls,3,3,/PabloSnchz/factorio-blueprint-visualizer/blob/master/examples/Rocket_Ship_1_Visualization.png,1,1,/PabloSnchz/factorio-blueprint-visualizer/blob/master/examples/example_07.svg,1,1,/PabloSnchz/factorio-blueprint-visualizer/blob/master/examples/example_25.svg,1,1,/PabloSnchz/factorio-blueprint-visualizer/blob/master/test_blueprints/Belts.jpg,1,1,/PabloSnchz/factorio-blueprint-visualizer/blob/master/test_blueprints/Powerlines.jpg,1,1,/PabloSnchz/factorio-blueprint-visualizer/blob/master/test_blueprints/Rails.jpg,1,1,/PabloSnchz/factorio-blueprint-visualizer/blob/master/test_blueprints/Tiles 2.jpg,1,1
2026-03-01,/PabloSnchz/factorio-blueprint-visualizer,47,44,/PabloSnchz/factorio-blueprint-visualizer/blob/master/drawing_settings_documentation.md,6,6,/PabloSnchz/factorio-blueprint-visualizer/pulls,3,3,/PabloSnchz/factorio-blueprint-visualizer/blob/master/examples/Rocket_Ship_1_Visualization.png,1,1,/PabloSnchz/factorio-blueprint-visualizer/blob/master/examples/example_07.svg,1,1,/PabloSnchz/factorio-blueprint-visualizer/blob/master/examples/example_25.svg,1,1,/PabloSnchz/factorio-blueprint-visualizer/blob/master/test_blueprints/Belts.jpg,1,1,/PabloSnchz/factorio-blueprint-visualizer/blob/master/test_blueprints/Powerlines.jpg,1,1,/PabloSnchz/factorio-blueprint-visualizer/blob/master/test_blueprints/Rails.jpg,1,1,/PabloSnchz/factorio-blueprint-visualizer/blob/master/test_blueprints/Tiles 2.jpg,1,1
2026-03-02,/PabloSnchz/factorio-blueprint-visualizer,50,46,/PabloSnchz/factorio-blueprint-visualizer/blob/master/drawing_settings_documentation.md,8,6,/PabloSnchz/factorio-blueprint-visualizer/pulls,3,3,/PabloSnchz/factorio-blueprint-visualizer/blob/master/examples/Rocket_Ship_1_Visualization.png,1,1,/PabloSnchz/factorio-blueprint-visualizer/blob/master/examples/example_07.svg,1,1,/PabloSnchz/factorio-blueprint-visualizer/blob/master/examples/example_25.svg,1,1,/PabloSnchz/factorio-blueprint-visualizer/blob/master/test_blueprints/Belts.jpg,1,1,/PabloSnchz/factorio-blueprint-visualizer/blob/master/test_blueprints/Powerlines.jpg,1,1,/PabloSnchz/factorio-blueprint-visualizer/blob/master/test_blueprints/Rails.jpg,1,1,/PabloSnchz/factorio-blueprint-visualizer/blob/master/test_blueprints/Tiles 2.jpg,1,1
2026-03-03,/PabloSnchz/factorio-blueprint-visualizer,51,46,/PabloSnchz/factorio-blueprint-visualizer/blob/master/drawing_settings_documentation.md,9,7,/PabloSnchz/factorio-blueprint-visualizer/pulls,3,3,/PabloSnchz/factorio-blueprint-visualizer/tree/master/website,3,3,/PabloSnchz/factorio-blueprint-visualizer/blob/master/examples/Rocket_Ship_1_Visualization.png,1,1,/PabloSnchz/factorio-blueprint-visualizer/blob/master/examples/example_07.svg,1,1,/PabloSnchz/factorio-blueprint-visualizer/blob/master/examples/example_25.svg,1,1,/PabloSnchz/factorio-blueprint-visualizer/blob/master/test_blueprints/Belts.jpg,1,1,/PabloSnchz/factorio-blueprint-visualizer/blob/master/test_blueprints/Powerlines.jpg,1,1,/PabloSnchz/factorio-blueprint-visualizer/blob/master/test_blueprints/Rails.jpg,1,1
2026-03-04,/PabloSnchz/factorio-blueprint-visualizer,52,46,/PabloSnchz/factorio-blueprint-visualizer/blob/master/drawing_settings_documentation.md,8,6,/PabloSnchz/factorio-blueprint-visualizer/pulls,4,3,/PabloSnchz/factorio-blueprint-visualizer/tree/master/website,3,3,/PabloSnchz/factorio-blueprint-visualizer/blob/master/examples/Rocket_Ship_1_Visualization.png,1,1,/PabloSnchz/factorio-blueprint-visualizer/blob/master/examples/example_07.svg,1,1,/PabloSnchz/factorio-blueprint-visualizer/blob/master/examples/example_25.svg,1,1,/PabloSnchz/factorio-blueprint-visualizer/blob/master/test_blueprints/Belts.jpg,1,1,/PabloSnchz/factorio-blueprint-visualizer/blob/master/test_blueprints/Powerlines.jpg,1,1,/PabloSnchz/factorio-blueprint-visualizer/blob/master/test_blueprints/Rails.jpg,1,1
2026-03-05,/PabloSnchz/factorio-blueprint-visualizer,61,51,/PabloSnchz/factorio-blueprint-visualizer/blob/master/drawing_settings_documentation.md,8,6,/PabloSnchz/factorio-blueprint-visualizer/pulls,5,3,/PabloSnchz/factorio-blueprint-visualizer/tree/master/website,3,3,/PabloSnchz/factorio-blueprint-visualizer/blob/master/examples/Rocket_Ship_1_Visualization.png,1,1,/PabloSnchz/factorio-blueprint-visualizer/blob/master/examples/example_07.svg,1,1,/PabloSnchz/factorio-blueprint-visualizer/blob/master/examples/example_25.svg,1,1,/PabloSnchz/factorio-blueprint-visualizer/blob/master/test_blueprints/Belts.jpg,1,1,/PabloSnchz/factorio-blueprint-visualizer/blob/master/test_blueprints/Powerlines.jpg,1,1,/PabloSnchz/factorio-blueprint-visualizer/blob/master/test_blueprints/Rails.jpg,1,1
2026-03-06,/PabloSnchz/factorio-blueprint-visualizer,57,47,/PabloSnchz/factorio-blueprint-visualizer/blob/master/drawing_settings_documentation.md,8,6,/PabloSnchz/factorio-blueprint-visualizer/pulls,5,3,/PabloSnchz/factorio-blueprint-visualizer/tree/master/website,3,3,/PabloSnchz/factorio-blueprint-visualizer/blob/master/examples/Rocket_Ship_1_Visualization.png,1,1,/PabloSnchz/factorio-blueprint-visualizer/blob/master/examples/example_07.svg,1,1,/PabloSnchz/factorio-blueprint-visualizer/blob/master/examples/example_25.svg,1,1,/PabloSnchz/factorio-blueprint-visualizer/blob/master/test_blueprints/Belts.jpg,1,1,/PabloSnchz/factorio-blueprint-visualizer/blob/master/test_blueprints/Powerlines.jpg,1,1,/PabloSnchz/factorio-blueprint-visualizer/blob/master/test_blueprints/Rails.jpg,1,1
2026-03-07,/PabloSnchz/factorio-blueprint-visualizer,59,47,/PabloSnchz/factorio-blueprint-visualizer/blob/master/drawing_settings_documentation.md,9,7,/PabloSnchz/factorio-blueprint-visualizer/pulls,5,3,/PabloSnchz/factorio-blueprint-visualizer/tree/master/website,3,3,/PabloSnchz/factorio-blueprint-visualizer/blob/master/examples/Rocket_Ship_1_Visualization.png,1,1,/PabloSnchz/factorio-blueprint-visualizer/blob/master/examples/example_07.svg,1,1,/PabloSnchz/factorio-blueprint-visualizer/blob/master/examples/example_25.svg,1,1,/PabloSnchz/factorio-blueprint-visualizer/blob/master/test_blueprints/Belts.jpg,1,1,/PabloSnchz/factorio-blueprint-visualizer/blob/master/test_blueprints/Powerlines.jpg,1,1,/PabloSnchz/factorio-blueprint-visualizer/blob/master/test_blueprints/Rails.jpg,1,1
2026-03-08,/PabloSnchz/factorio-blueprint-visualizer,61,48,/PabloSnchz/factorio-blueprint-visualizer/blob/master/drawing_settings_documentation.md,9,7,/PabloSnchz/factorio-blueprint-visualizer/pulls,5,3,/PabloSnchz/factorio-blueprint-visualizer/tree/master/website,3,3,/PabloSnchz/factorio-blueprint-visualizer/issues,2,2,/PabloSnchz/factorio-blueprint-visualizer/blob/master/examples/Rocket_Ship_1_Visualization.png,1,1,/PabloSnchz/factorio-blueprint-visualizer/blob/master/examples/example_07.svg,1,1,/PabloSnchz/factorio-blueprint-visualizer/blob/master/examples/example_25.svg,1,1,/PabloSnchz/factorio-blueprint-visualizer/blob/master/test_blueprints/Belts.jpg,1,1,/PabloSnchz/factorio-blueprint-visualizer/blob/master/test_blueprints/Powerlines.jpg,1,1
2026-03-09,/PabloSnchz/factorio-blueprint-visualizer,61,45,/PabloSnchz/factorio-blueprint-visualizer/blob/master/drawing_settings_documentation.md,7,5,/PabloSnchz/factorio-blueprint-visualizer/pulls,5,3,/PabloSnchz/factorio-blueprint-visualizer/tree/master/website,3,3,/PabloSnchz/factorio-blueprint-visualizer/issues,2,2,/PabloSnchz/factorio-blueprint-visualizer/blob/master/website/blueprintVisualizer.js,1,1,/PabloSnchz/factorio-blueprint-visualizer/blob/master/website/drawingSettings.js,1,1,/PabloSnchz/factorio-blueprint-visualizer/fork,1,1,/PabloSnchz/factorio-blueprint-visualizer/labels,1,1,/PabloSnchz/factorio-blueprint-visualizer/pull/7,1,1
2026-03-10,/PabloSnchz/factorio-blueprint-visualizer,61,46,/PabloSnchz/factorio-blueprint-visualizer/blob/master/drawing_settings_documentation.md,8,6,/PabloSnchz/factorio-blueprint-visualizer/pulls,4,2,/PabloSnchz/factorio-blueprint-visualizer/tree/master/website,3,3,/PabloSnchz/factorio-blueprint-visualizer/issues,2,2,/PabloSnchz/factorio-blueprint-visualizer/blob/master/website/blueprintVisualizer.js,1,1,/PabloSnchz/factorio-blueprint-visualizer/blob/master/website/drawingSettings.js,1,1,/PabloSnchz/factorio-blueprint-visualizer/commit/95e2f440a0c72b73f72b84a3f97c5cdff3e94ff4,1,1,/PabloSnchz/factorio-blueprint-visualizer/fork,1,1,/PabloSnchz/factorio-blueprint-visualizer/labels,1,1
2026-03-11,/PabloSnchz/factorio-blueprint-visualizer,60,45,/PabloSnchz/factorio-blueprint-visualizer/blob/master/drawing_settings_documentation.md,8,6,/PabloSnchz/factorio-blueprint-visualizer/tree/master/website,3,3,/PabloSnchz/factorio-blueprint-visualizer/pulls,3,2,/PabloSnchz/factorio-blueprint-visualizer/issues,2,2,/PabloSnchz/factorio-blueprint-visualizer/blob/master/website/blueprintVisualizer.js,1,1,/PabloSnchz/factorio-blueprint-visualizer/blob/master/website/drawingSettings.js,1,1,/PabloSnchz/factorio-blueprint-visualizer/commit/95e2f440a0c72b73f72b84a3f97c5cdff3e94ff4,1,1,/PabloSnchz/factorio-blueprint-visualizer/fork,1,1,/PabloSnchz/factorio-blueprint-visualizer/labels,1,1
2026-03-12,/PabloSnchz/factorio-blueprint-visualizer,58,44,/PabloSnchz/factorio-blueprint-visualizer/blob/master/drawing_settings_documentation.md,9,7,/PabloSnchz/factorio-blueprint-visualizer/tree/master/website,3,3,/PabloSnchz/factorio-blueprint-visualizer/pulls,3,2,/PabloSnchz/factorio-blueprint-visualizer/issues,2,2,/PabloSnchz/factorio-blueprint-visualizer/blob/master/test_blueprints/test_blueprint_book.txt,1,1,/PabloSnchz/factorio-blueprint-visualizer/blob/master/website/blueprintVisualizer.js,1,1,/PabloSnchz/factorio-blueprint-visualizer/blob/master/website/drawingSettings.js,1,1,/PabloSnchz/factorio-blueprint-visualizer/commit/95e2f440a0c72b73f72b84a3f97c5cdff3e94ff4,1,1,/PabloSnchz/factorio-blueprint-visualizer/fork,1,1
2026-03-13,/PabloSnchz/factorio-blueprint-visualizer,58,44,/PabloSnchz/factorio-blueprint-visualizer/blob/master/drawing_settings_documentation.md,10,8,/PabloSnchz/factorio-blueprint-visualizer/pulls,6,3,/PabloSnchz/factorio-blueprint-visualizer/tree/master/website,3,3,/PabloSnchz/factorio-blueprint-visualizer/issues,2,2,/PabloSnchz/factorio-blueprint-visualizer/blob/master/test_blueprints/test_blueprint_book.txt,1,1,/PabloSnchz/factorio-blueprint-visualizer/blob/master/website/blueprintVisualizer.js,1,1,/PabloSnchz/factorio-blueprint-visualizer/blob/master/website/drawingSettings.js,1,1,/PabloSnchz/factorio-blueprint-visualizer/commit/95e2f440a0c72b73f72b84a3f97c5cdff3e94ff4,1,1,/PabloSnchz/factorio-blueprint-visualizer/fork,1,1
2026-03-14,/PabloSnchz/factorio-blueprint-visualizer,60,44,/PabloSnchz/factorio-blueprint-visualizer/blob/master/drawing_settings_documentation.md,11,9,/PabloSnchz/factorio-blueprint-visualizer/pulls,5,2,/PabloSnchz/factorio-blueprint-visualizer/issues,2,2,/PabloSnchz/factorio-blueprint-visualizer/tree/master/website,2,2,/PabloSnchz/factorio-blueprint-visualizer/commit/07e9ff6568a869bd93151e6ceda5776764cf5a13,2,1,/PabloSnchz/factorio-blueprint-visualizer/blob/master/setup.py,1,1,/PabloSnchz/factorio-blueprint-visualizer/blob/master/test_blueprints/test_blueprint_book.txt,1,1,/PabloSnchz/factorio-blueprint-visualizer/commit/95e2f440a0c72b73f72b84a3f97c5cdff3e94ff4,1,1,/PabloSnchz/factorio-blueprint-visualizer/fork,1,1
2026-03-15,/PabloSnchz/factorio-blueprint-visualizer,62,46,/PabloSnchz/factorio-blueprint-visualizer/blob/master/drawing_settings_documentation.md,11,9,/PabloSnchz/factorio-blueprint-visualizer/pulls,5,2,/PabloSnchz/factorio-blueprint-visualizer/issues,2,2,/PabloSnchz/factorio-blueprint-visualizer/tree/master/website,2,2,/PabloSnchz/factorio-blueprint-visualizer/commit/07e9ff6568a869bd93151e6ceda5776764cf5a13,2,1,/PabloSnchz/factorio-blueprint-visualizer/blob/master/setup.py,1,1,/PabloSnchz/factorio-blueprint-visualizer/blob/master/test_blueprints/test_blueprint_book.txt,1,1,/PabloSnchz/factorio-blueprint-visualizer/commit/95e2f440a0c72b73f72b84a3f97c5cdff3e94ff4,1,1,/PabloSnchz/factorio-blueprint-visualizer/fork,1,1
2026-03-16,/PabloSnchz/factorio-blueprint-visualizer,65,47,/PabloSnchz/factorio-blueprint-visualizer/blob/master/drawing_settings_documentation.md,9,9,/PabloSnchz/factorio-blueprint-visualizer/pulls,6,3,/PabloSnchz/factorio-blueprint-visualizer/tree/master/website,3,3,/PabloSnchz/factorio-blueprint-visualizer/forks,2,2,/PabloSnchz/factorio-blueprint-visualizer/issues,2,2,/PabloSnchz/factorio-blueprint-visualizer/commit/07e9ff6568a869bd93151e6ceda5776764cf5a13,2,1,/PabloSnchz/factorio-blueprint-visualizer/blob/master/setup.py,1,1,/PabloSnchz/factorio-blueprint-visualizer/blob/master/test_blueprints/test_blueprint_book.txt,1,1,/PabloSnchz/factorio-blueprint-visualizer/commit/95e2f440a0c72b73f72b84a3f97c5cdff3e94ff4,1,1
2026-03-17,/PabloSnchz/factorio-blueprint-visualizer,63,47,/PabloSnchz/factorio-blueprint-visualizer/blob/master/drawing_settings_documentation.md,8,8,/PabloSnchz/factorio-blueprint-visualizer/pulls,7,3,/PabloSnchz/factorio-blueprint-visualizer/forks,2,2,/PabloSnchz/factorio-blueprint-visualizer/issues,2,2,/PabloSnchz/factorio-blueprint-visualizer/commit/07e9ff6568a869bd93151e6ceda5776764cf5a13,2,1,/PabloSnchz/factorio-blueprint-visualizer/blob/master/setup.py,1,1,/PabloSnchz/factorio-blueprint-visualizer/blob/master/test_blueprints/test_blueprint_book.txt,1,1,/PabloSnchz/factorio-blueprint-visualizer/commit/95e2f440a0c72b73f72b84a3f97c5cdff3e94ff4,1,1,/PabloSnchz/factorio-blueprint-visualizer/fork,1,1
2026-03-18,/PabloSnchz/factorio-blueprint-visualizer,68,48,/PabloSnchz/factorio-blueprint-visualizer/blob/master/drawing_settings_documentation.md,9,9,/PabloSnchz/factorio-blueprint-visualizer/pulls,7,4,/PabloSnchz/factorio-blueprint-visualizer/forks,2,2,/PabloSnchz/factorio-blueprint-visualizer/issues,2,2,/PabloSnchz/factorio-blueprint-visualizer/tree/master/website,2,2,/PabloSnchz/factorio-blueprint-visualizer/commit/07e9ff6568a869bd93151e6ceda5776764cf5a13,2,1,/PabloSnchz/factorio-blueprint-visualizer/blob/master/examples/Rocket_Ship_1.jpg,1,1,/PabloSnchz/factorio-blueprint-visualizer/blob/master/setup.py,1,1,/PabloSnchz/factorio-blueprint-visualizer/blob/master/test_blueprints/test_blueprint_book.txt,1,1
2026-03-19,/PabloSnchz/factorio-blueprint-visualizer,62,46,/PabloSnchz/factorio-blueprint-visualizer/blob/master/drawing_settings_documentation.md,9,9,/PabloSnchz/factorio-blueprint-visualizer/pulls,6,3,/PabloSnchz/factorio-blueprint-visualizer/forks,2,2,/PabloSnchz/factorio-blueprint-visualizer/tree/master/website,2,2,/PabloSnchz/factorio-blueprint-visualizer/commit/07e9ff6568a869bd93151e6ceda5776764cf5a13,2,1,/PabloSnchz/factorio-blueprint-visualizer/blob/master/examples/Rocket_Ship_1.jpg,1,1,/PabloSnchz/factorio-blueprint-visualizer/blob/master/setup.py,1,1,/PabloSnchz/factorio-blueprint-visualizer/blob/master/test_blueprints/test_blueprint_book.txt,1,1,/PabloSnchz/factorio-blueprint-visualizer/blob/master/website/blueprintVisualizer.js,1,1
2026-03-20,/PabloSnchz/factorio-blueprint-visualizer,63,47,/PabloSnchz/factorio-blueprint-visualizer/blob/master/drawing_settings_documentation.md,10,10,/PabloSnchz/factorio-blueprint-visualizer/pulls,9,4,/PabloSnchz/factorio-blueprint-visualizer/forks,2,2,/PabloSnchz/factorio-blueprint-visualizer/tree/master/scripts,2,2,/PabloSnchz/factorio-blueprint-visualizer/tree/master/website,2,2,/PabloSnchz/factorio-blueprint-visualizer/commit/07e9ff6568a869bd93151e6ceda5776764cf5a13,2,1,/PabloSnchz/factorio-blueprint-visualizer/blob/master/examples/Rocket_Ship_1.jpg,1,1,/PabloSnchz/factorio-blueprint-visualizer/blob/master/scripts/get_items.py,1,1,/PabloSnchz/factorio-blueprint-visualizer/blob/master/setup.py,1,1
2026-03-21,/PabloSnchz/factorio-blueprint-visualizer,60,47,/PabloSnchz/factorio-blueprint-visualizer/blob/master/drawing_settings_documentation.md,9,9,/PabloSnchz/factorio-blueprint-visualizer/pulls,9,4,/PabloSnchz/factorio-blueprint-visualizer/forks,2,2,/PabloSnchz/factorio-blueprint-visualizer/issues,2,2,/PabloSnchz/factorio-blueprint-visualizer/tree/master/scripts,2,2,/PabloSnchz/factorio-blueprint-visualizer/tree/master/website,2,2,/PabloSnchz/factorio-blueprint-visualizer/commit/07e9ff6568a869bd93151e6ceda5776764cf5a13,2,1,/PabloSnchz/factorio-blueprint-visualizer/blob/master/examples/Rocket_Ship_1.jpg,1,1,/PabloSnchz/factorio-blueprint-visualizer/blob/master/scripts/get_items.py,1,1
2026-03-22,/PabloSnchz/factorio-blueprint-visualizer,58,45,/PabloSnchz/factorio-blueprint-visualizer/blob/master/drawing_settings_documentation.md,9,9,/PabloSnchz/factorio-blueprint-visualizer/pulls,9,4,/PabloSnchz/factorio-blueprint-visualizer/forks,2,2,/PabloSnchz/factorio-blueprint-visualizer/tree/master/scripts,2,2,/PabloSnchz/factorio-blueprint-visualizer/tree/master/website,2,2,/PabloSnchz/factorio-blueprint-visualizer/commit/07e9ff6568a869bd93151e6ceda5776764cf5a13,2,1,/PabloSnchz/factorio-blueprint-visualizer/blob/master/examples/Rocket_Ship_1.jpg,1,1,/PabloSnchz/factorio-blueprint-visualizer/blob/master/scripts/get_items.py,1,1,/PabloSnchz/factorio-blueprint-visualizer/blob/master/setup.py,1,1
2026-03-23,/PabloSnchz/factorio-blueprint-visualizer,55,44,/PabloSnchz/factorio-blueprint-visualizer/blob/master/drawing_settings_documentation.md,9,9,/PabloSnchz/factorio-blueprint-visualizer/pulls,9,4,/PabloSnchz/factorio-blueprint-visualizer/blob/master/examples/Rocket_Ship_1.jpg,2,2,/PabloSnchz/factorio-blueprint-visualizer/forks,2,2,/PabloSnchz/factorio-blueprint-visualizer/tree/master/scripts,2,2,/PabloSnchz/factorio-blueprint-visualizer/tree/master/website,2,2,/PabloSnchz/factorio-blueprint-visualizer/commit/07e9ff6568a869bd93151e6ceda5776764cf5a13,2,1,/PabloSnchz/factorio-blueprint-visualizer/blob/master/scripts/get_items.py,1,1,/PabloSnchz/factorio-blueprint-visualizer/blob/master/setup.py,1,1
2026-03-24,/PabloSnchz/factorio-blueprint-visualizer,54,44,/PabloSnchz/factorio-blueprint-visualizer/pulls,9,4,/PabloSnchz/factorio-blueprint-visualizer/blob/master/drawing_settings_documentation.md,7,7,/PabloSnchz/factorio-blueprint-visualizer/blob/master/examples/Rocket_Ship_1.jpg,2,2,/PabloSnchz/factorio-blueprint-visualizer/forks,2,2,/PabloSnchz/factorio-blueprint-visualizer/tree/master/scripts,2,2,/PabloSnchz/factorio-blueprint-visualizer/tree/master/website,2,2,/PabloSnchz/factorio-blueprint-visualizer/commit/07e9ff6568a869bd93151e6ceda5776764cf5a13,2,1,/PabloSnchz/factorio-blueprint-visualizer/blob/master/scripts/get_items.py,1,1,/PabloSnchz/factorio-blueprint-visualizer/blob/master/setup.py,1,1
2026-03-25,/PabloSnchz/factorio-blueprint-visualizer,55,45,/PabloSnchz/factorio-blueprint-visualizer/pulls,10,4,/PabloSnchz/factorio-blueprint-visualizer/blob/master/drawing_settings_documentation.md,8,8,/PabloSnchz/factorio-blueprint-visualizer/blob/master/examples/Rocket_Ship_1.jpg,2,2,/PabloSnchz/factorio-blueprint-visualizer/forks,2,2,/PabloSnchz/factorio-blueprint-visualizer/tree/master/scripts,2,2,/PabloSnchz/factorio-blueprint-visualizer/tree/master/website,2,2,/PabloSnchz/factorio-blueprint-visualizer/commit/07e9ff6568a869bd93151e6ceda5776764cf5a13,2,1,/PabloSnchz/factorio-blueprint-visualizer/blob/master/scripts/get_items.py,1,1,/PabloSnchz/factorio-blueprint-visualizer/blob/master/setup.py,1,1
2026-03-26,/PabloSnchz/factorio-blueprint-visualizer,55,45,/PabloSnchz/factorio-blueprint-visualizer/pulls,10,4,/PabloSnchz/factorio-blueprint-visualizer/blob/master/drawing_settings_documentation.md,8,8,/PabloSnchz/factorio-blueprint-visualizer/blob/master/examples/Rocket_Ship_1.jpg,2,2,/PabloSnchz/factorio-blueprint-visualizer/forks,2,2,/PabloSnchz/factorio-blueprint-visualizer/tree/master/scripts,2,2,/PabloSnchz/factorio-blueprint-visualizer/tree/master/website,2,2,/PabloSnchz/factorio-blueprint-visualizer/commit/07e9ff6568a869bd93151e6ceda5776764cf5a13,2,1,/PabloSnchz/factorio-blueprint-visualizer/blob/master/scripts/get_items.py,1,1,/PabloSnchz/factorio-blueprint-visualizer/blob/master/setup.py,1,1
2026-03-27,/PabloSnchz/factorio-blueprint-visualizer,53,44,/PabloSnchz/factorio-blueprint-visualizer/pulls,8,4,/PabloSnchz/factorio-blueprint-visualizer/blob/master/drawing_settings_documentation.md,7,7,/PabloSnchz/factorio-blueprint-visualizer/commit/07e9ff6568a869bd93151e6ceda5776764cf5a13,3,2,/PabloSnchz/factorio-blueprint-visualizer/blob/master/examples/Rocket_Ship_1.jpg,2,2,/PabloSnchz/factorio-blueprint-visualizer/forks,2,2,/PabloSnchz/factorio-blueprint-visualizer/tree/master/scripts,2,2,/PabloSnchz/factorio-blueprint-visualizer/tree/master/website,2,2,/PabloSnchz/factorio-blueprint-visualizer/blob/master/LICENSE,1,1,/PabloSnchz/factorio-blueprint-visualizer/blob/master/scripts/get_items.py,1,1
2026-03-28,/PabloSnchz/factorio-blueprint-visualizer,49,41,/PabloSnchz/factorio-blueprint-visualizer/blob/master/drawing_settings_documentation.md,8,7,/PabloSnchz/factorio-blueprint-visualizer/pulls,8,4,/PabloSnchz/factorio-blueprint-visualizer/blob/master/examples/Rocket_Ship_1.jpg,2,2,/PabloSnchz/factorio-blueprint-visualizer/forks,2,2,/PabloSnchz/factorio-blueprint-visualizer/tree/master/scripts,2,2,/PabloSnchz/factorio-blueprint-visualizer/tree/master/website,2,2,/PabloSnchz/factorio-blueprint-visualizer/blob/master/LICENSE,1,1,/PabloSnchz/factorio-blueprint-visualizer/blob/master/scripts/get_items.py,1,1,/PabloSnchz/factorio-blueprint-visualizer/blob/master/website/blueprintVisualizer.js,1,1
2026-03-29,/PabloSnchz/factorio-blueprint-visualizer,49,41,/PabloSnchz/factorio-blueprint-visualizer/blob/master/drawing_settings_documentation.md,9,8,/PabloSnchz/factorio-blueprint-visualizer/pulls,9,5,/PabloSnchz/factorio-blueprint-visualizer/blob/master/examples/Rocket_Ship_1.jpg,3,3,/PabloSnchz/factorio-blueprint-visualizer/blob/master/examples/example_15.svg,3,1,/PabloSnchz/factorio-blueprint-visualizer/forks,2,2,/PabloSnchz/factorio-blueprint-visualizer/tree/master/website,2,2,/PabloSnchz/factorio-blueprint-visualizer/blob/master/drawingSettings.js,2,1,/PabloSnchz/factorio-blueprint-visualizer/tree/master/examples,2,1,/PabloSnchz/factorio-blueprint-visualizer/blame/master/examples/example_15.svg,1,1
2026-03-30,/PabloSnchz/factorio-blueprint-visualizer,44,37,/PabloSnchz/factorio-blueprint-visualizer/blob/master/drawing_settings_documentation.md,8,7,/PabloSnchz/factorio-blueprint-visualizer/pulls,8,4,/PabloSnchz/factorio-blueprint-visualizer/blob/master/examples/Rocket_Ship_1.jpg,3,3,/PabloSnchz/factorio-blueprint-visualizer/blob/master/examples/example_15.svg,3,1,/PabloSnchz/factorio-blueprint-visualizer/blob/master/drawingSettings.js,2,1,/PabloSnchz/factorio-blueprint-visualizer/tree/master/examples,2,1,/PabloSnchz/factorio-blueprint-visualizer/blame/master/examples/example_15.svg,1,1,/PabloSnchz/factorio-blueprint-visualizer/blob/master/LICENSE,1,1,/PabloSnchz/factorio-blueprint-visualizer/blob/master/entityProperties.js,1,1
2026-03-31,/PabloSnchz/factorio-blueprint-visualizer,46,38,/PabloSnchz/factorio-blueprint-visualizer/blob/master/drawing_settings_documentation.md,8,7,/PabloSnchz/factorio-blueprint-visualizer/pulls,7,3,/PabloSnchz/factorio-blueprint-visualizer/blob/master/examples/Rocket_Ship_1.jpg,3,3,/PabloSnchz/factorio-blueprint-visualizer/blob/master/examples/example_15.svg,3,1,/PabloSnchz/factorio-blueprint-visualizer/blob/master/drawingSettings.js,2,1,/PabloSnchz/factorio-blueprint-visualizer/tree/master/examples,2,1,/PabloSnchz/factorio-blueprint-visualizer/actions,1,1,/PabloSnchz/factorio-blueprint-visualizer/blame/master/examples/example_15.svg,1,1,/PabloSnchz/factorio-blueprint-visualizer/blob/master/LICENSE,1,1
2026-04-01,/PabloSnchz/factorio-blueprint-visualizer,39,35,/PabloSnchz/factorio-blueprint-visualizer/blob/master/drawing_settings_documentation.md,7,6,/PabloSnchz/factorio-blueprint-visualizer/pulls,6,2,/PabloSnchz/factorio-blueprint-visualizer/blob/master/examples/example_15.svg,3,1,/PabloSnchz/factorio-blueprint-visualizer/blob/master/examples/Rocket_Ship_1.jpg,2,2,/PabloSnchz/factorio-blueprint-visualizer/blob/master/drawingSettings.js,2,1,/PabloSnchz/factorio-blueprint-visualizer/tree/master/examples,2,1,/PabloSnchz/factorio-blueprint-visualizer/actions,1,1,/PabloSnchz/factorio-blueprint-visualizer/blame/master/examples/example_15.svg,1,1,/PabloSnchz/factorio-blueprint-visualizer/blob/master/LICENSE,1,1
2026-04-02,/PabloSnchz/factorio-blueprint-visualizer,37,31,/PabloSnchz/factorio-blueprint-visualizer/blob/master/drawing_settings_documentation.md,7,6,/PabloSnchz/factorio-blueprint-visualizer/pulls,6,2,/PabloSnchz/factorio-blueprint-visualizer/blob/master/examples/example_15.svg,3,1,/PabloSnchz/factorio-blueprint-visualizer/blob/master/examples/Rocket_Ship_1.jpg,2,2,/PabloSnchz/factorio-blueprint-visualizer/blob/master/drawingSettings.js,2,1,/PabloSnchz/factorio-blueprint-visualizer/tree/master/examples,2,1,/PabloSnchz/factorio-blueprint-visualizer/actions,1,1,/PabloSnchz/factorio-blueprint-visualizer/blame/master/examples/example_15.svg,1,1,/PabloSnchz/factorio-blueprint-visualizer/blob/master/LICENSE,1,1
2026-04-03,/PabloSnchz/factorio-blueprint-visualizer,38,32,/PabloSnchz/factorio-blueprint-visualizer/blob/master/drawing_settings_documentation.md,7,6,/PabloSnchz/factorio-blueprint-visualizer/pulls,3,2,/PabloSnchz/factorio-blueprint-visualizer/tree/master/examples,3,2,/PabloSnchz/factorio-blueprint-visualizer/blob/master/examples/example_15.svg,3,1,/PabloSnchz/factorio-blueprint-visualizer/blob/master/examples/Rocket_Ship_1.jpg,2,2,/PabloSnchz/factorio-blueprint-visualizer/tree/master,2,2,/PabloSnchz/factorio-blueprint-visualizer/blob/master/drawingSettings.js,2,1,/PabloSnchz/factorio-blueprint-visualizer/actions,1,1,/PabloSnchz/factorio-blueprint-visualizer/blame/master/examples/example_15.svg,1,1
2026-04-04,/PabloSnchz/factorio-blueprint-visualizer,41,34,/PabloSnchz/factorio-blueprint-visualizer/blob/master/drawing_settings_documentation.md,9,8,/PabloSnchz/factorio-blueprint-visualizer/pulls,3,2,/PabloSnchz/factorio-blueprint-visualizer/tree/master/examples,3,2,/PabloSnchz/factorio-blueprint-visualizer/blob/master/examples/example_15.svg,3,1,/PabloSnchz/factorio-blueprint-visualizer/blob/master/examples/Rocket_Ship_1.jpg,2,2,/PabloSnchz/factorio-blueprint-visualizer/tree/master,2,2,/PabloSnchz/factorio-blueprint-visualizer/blob/master/drawingSettings.js,2,1,/PabloSnchz/factorio-blueprint-visualizer/actions,1,1,/PabloSnchz/factorio-blueprint-visualizer/blame/master/examples/example_15.svg,1,1
2026-04-05,/PabloSnchz/factorio-blueprint-visualizer,44,35,/PabloSnchz/factorio-blueprint-visualizer/blob/master/drawing_settings_documentation.md,10,9,/PabloSnchz/factorio-blueprint-visualizer/pulls,3,2,/PabloSnchz/factorio-blueprint-visualizer/tree/master/examples,3,2,/PabloSnchz/factorio-blueprint-visualizer/blob/master/examples/example_15.svg,3,1,/PabloSnchz/factorio-blueprint-visualizer/blob/master/examples/Rocket_Ship_1.jpg,2,2,/PabloSnchz/factorio-blueprint-visualizer/tree/master,2,2,/PabloSnchz/factorio-blueprint-visualizer/blob/master/drawingSettings.js,2,1,/PabloSnchz/factorio-blueprint-visualizer/actions,1,1,/PabloSnchz/factorio-blueprint-visualizer/blame/master/examples/example_15.svg,1,1
2026-04-06,/PabloSnchz/factorio-blueprint-visualizer,50,41,/PabloSnchz/factorio-blueprint-visualizer/blob/master/drawing_settings_documentation.md,15,12,/PabloSnchz/factorio-blueprint-visualizer/tree/master/examples,4,3,/PabloSnchz/factorio-blueprint-visualizer/pulls,3,2,/PabloSnchz/factorio-blueprint-visualizer/blob/master/examples/example_15.svg,3,1,/PabloSnchz/factorio-blueprint-visualizer/tree/master,2,2,/PabloSnchz/factorio-blueprint-visualizer/blob/master/drawingSettings.js,2,1,/PabloSnchz/factorio-blueprint-visualizer/actions,1,1,/PabloSnchz/factorio-blueprint-visualizer/blame/master/examples/example_15.svg,1,1,/PabloSnchz/factorio-blueprint-visualizer/blob/master/LICENSE,1,1
2026-04-07,/PabloSnchz/factorio-blueprint-visualizer,54,41,/PabloSnchz/factorio-blueprint-visualizer/blob/master/drawing_settings_documentation.md,16,12,/PabloSnchz/factorio-blueprint-visualizer/tree/master,6,3,/PabloSnchz/factorio-blueprint-visualizer/tree/master/examples,6,3,/PabloSnchz/factorio-blueprint-visualizer/pulls,3,2,/PabloSnchz/factorio-blueprint-visualizer/blob/master/examples/example_15.svg,3,1,/PabloSnchz/factorio-blueprint-visualizer/tree/master/website,3,1,/PabloSnchz/factorio-blueprint-visualizer/blob/master/entityProperties.js,2,2,/PabloSnchz/factorio-blueprint-visualizer/blob/master/examples/example_08.svg,2,2,/PabloSnchz/factorio-blueprint-visualizer/blob/master/drawingSettings.js,2,1
2026-04-08,/PabloSnchz/factorio-blueprint-visualizer,62,49,/PabloSnchz/factorio-blueprint-visualizer/blob/master/drawing_settings_documentation.md,18,13,/PabloSnchz/factorio-blueprint-visualizer/tree/master,6,3,/PabloSnchz/factorio-blueprint-visualizer/tree/master/examples,6,3,/PabloSnchz/factorio-blueprint-visualizer/blob/master/examples/example_15.svg,3,1,/PabloSnchz/factorio-blueprint-visualizer/tree/master/website,3,1,/PabloSnchz/factorio-blueprint-visualizer/blob/master/entityProperties.js,2,2,/PabloSnchz/factorio-blueprint-visualizer/blob/master/examples/example_08.svg,2,2,/PabloSnchz/factorio-blueprint-visualizer/pulls,2,2,/PabloSnchz/factorio-blueprint-visualizer/blob/master/drawingSettings.js,2,1
2026-04-09,/PabloSnchz/factorio-blueprint-visualizer,73,55,/PabloSnchz/factorio-blueprint-visualizer/blob/master/drawing_settings_documentation.md,18,13,/PabloSnchz/factorio-blueprint-visualizer/tree/master,6,3,/PabloSnchz/factorio-blueprint-visualizer/tree/master/examples,6,3,/PabloSnchz/factorio-blueprint-visualizer/tree/master/website,4,2,/PabloSnchz/factorio-blueprint-visualizer/blob/master/examples/example_15.svg,3,1,/PabloSnchz/factorio-blueprint-visualizer/blob/master/entityProperties.js,2,2,/PabloSnchz/factorio-blueprint-visualizer/blob/master/examples/example_08.svg,2,2,/PabloSnchz/factorio-blueprint-visualizer/issues,2,2,/PabloSnchz/factorio-blueprint-visualizer/pulls,2,2
2026-04-10,/PabloSnchz/factorio-blueprint-visualizer,74,56,/PabloSnchz/factorio-blueprint-visualizer/blob/master/drawing_settings_documentation.md,20,15,/PabloSnchz/factorio-blueprint-visualizer/tree/master,6,3,/PabloSnchz/factorio-blueprint-visualizer/tree/master/examples,6,3,/PabloSnchz/factorio-blueprint-visualizer/tree/master/website,4,2,/PabloSnchz/factorio-blueprint-visualizer/blob/master/examples/example_15.svg,3,1,/PabloSnchz/factorio-blueprint-visualizer/blob/master/entityProperties.js,2,2,/PabloSnchz/factorio-blueprint-visualizer/blob/master/examples/example_08.svg,2,2,/PabloSnchz/factorio-blueprint-visualizer/issues,2,2,/PabloSnchz/factorio-blueprint-visualizer/blob/master/drawingSettings.js,2,1
2026-04-11,/PabloSnchz/factorio-blueprint-visualizer,77,58,/PabloSnchz/factorio-blueprint-visualizer/blob/master/drawing_settings_documentation.md,18,14,/PabloSnchz/factorio-blueprint-visualizer/tree/master,6,3,/PabloSnchz/factorio-blueprint-visualizer/tree/master/examples,6,3,/PabloSnchz/factorio-blueprint-visualizer/tree/master/website,4,2,/PabloSnchz/factorio-blueprint-visualizer/blob/master/examples/example_15.svg,3,1,/PabloSnchz/factorio-blueprint-visualizer/blob/master/entityProperties.js,2,2,/PabloSnchz/factorio-blueprint-visualizer/blob/master/examples/example_08.svg,2,2,/PabloSnchz/factorio-blueprint-visualizer/issues,2,2,/PabloSnchz/factorio-blueprint-visualizer/blob/master/drawingSettings.js,2,1
2026-04-12,/PabloSnchz/factorio-blueprint-visualizer,77,58,/PabloSnchz/factorio-blueprint-visualizer/blob/master/drawing_settings_documentation.md,16,12,/PabloSnchz/factorio-blueprint-visualizer/tree/master,5,2,/PabloSnchz/factorio-blueprint-visualizer/tree/master/examples,4,2,/PabloSnchz/factorio-blueprint-visualizer/tree/master/website,4,2,/PabloSnchz/factorio-blueprint-visualizer/blob/master/examples/example_08.svg,2,2,/PabloSnchz/factorio-blueprint-visualizer/issues,2,2,/PabloSnchz/factorio-blueprint-visualizer/branches,2,1,/PabloSnchz/factorio-blueprint-visualizer/actions,1,1,/PabloSnchz/factorio-blueprint-visualizer/blob/master/entityProperties.js,1,1
2026-04-13,/PabloSnchz/factorio-blueprint-visualizer,79,61,/PabloSnchz/factorio-blueprint-visualizer/blob/master/drawing_settings_documentation.md,18,14,/PabloSnchz/factorio-blueprint-visualizer/tree/master,5,2,/PabloSnchz/factorio-blueprint-visualizer/tree/master/examples,4,2,/PabloSnchz/factorio-blueprint-visualizer/tree/master/website,4,2,/PabloSnchz/factorio-blueprint-visualizer/issues,3,3,/PabloSnchz/factorio-blueprint-visualizer/blob/master/examples/example_08.svg,2,2,/PabloSnchz/factorio-blueprint-visualizer/pulls,2,2,/PabloSnchz/factorio-blueprint-visualizer/branches,2,1,/PabloSnchz/factorio-blueprint-visualizer/actions,1,1
2026-04-14,/PabloSnchz/factorio-blueprint-visualizer,78,61,/PabloSnchz/factorio-blueprint-visualizer/blob/master/drawing_settings_documentation.md,19,15,/PabloSnchz/factorio-blueprint-visualizer/tree/master,5,2,/PabloSnchz/factorio-blueprint-visualizer/tree/master/examples,4,2,/PabloSnchz/factorio-blueprint-visualizer/tree/master/website,4,2,/PabloSnchz/factorio-blueprint-visualizer/issues,3,3,/PabloSnchz/factorio-blueprint-visualizer/blob/master/examples/example_08.svg,2,2,/PabloSnchz/factorio-blueprint-visualizer/pulls,2,2,/PabloSnchz/factorio-blueprint-visualizer/branches,2,1,/PabloSnchz/factorio-blueprint-visualizer/blob/master/README.md,1,1
2026-04-15,/PabloSnchz/factorio-blueprint-visualizer,77,61,/PabloSnchz/factorio-blueprint-visualizer/blob/master/drawing_settings_documentation.md,19,15,/PabloSnchz/factorio-blueprint-visualizer/tree/master,5,2,/PabloSnchz/factorio-blueprint-visualizer/tree/master/examples,4,2,/PabloSnchz/factorio-blueprint-visualizer/tree/master/website,4,2,/PabloSnchz/factorio-blueprint-visualizer/issues,3,3,/PabloSnchz/factorio-blueprint-visualizer/blob/master/examples/example_08.svg,2,2,/PabloSnchz/factorio-blueprint-visualizer/pulls,2,2,/PabloSnchz/factorio-blueprint-visualizer/branches,2,1,/PabloSnchz/factorio-blueprint-visualizer/blob/master/README.md,1,1
2026-04-16,/PabloSnchz/factorio-blueprint-visualizer,78,62,/PabloSnchz/factorio-blueprint-visualizer/blob/master/drawing_settings_documentation.md,19,15,/PabloSnchz/factorio-blueprint-visualizer/tree/master,5,2,/PabloSnchz/factorio-blueprint-visualizer/issues,4,4,/PabloSnchz/factorio-blueprint-visualizer/tree/master/examples,4,2,/PabloSnchz/factorio-blueprint-visualizer/tree/master/website,4,2,/PabloSnchz/factorio-blueprint-visualizer/blob/master/examples/example_08.svg,2,2,/PabloSnchz/factorio-blueprint-visualizer/pulls,2,2,/PabloSnchz/factorio-blueprint-visualizer/branches,2,1,/PabloSnchz/factorio-blueprint-visualizer/blob/master/README.md,1,1
2026-04-17,/PabloSnchz/factorio-blueprint-visualizer,77,61,/PabloSnchz/factorio-blueprint-visualizer/blob/master/drawing_settings_documentation.md,18,14,/PabloSnchz/factorio-blueprint-visualizer/issues,4,4,/PabloSnchz/factorio-blueprint-visualizer/tree/master/website,4,2,/PabloSnchz/factorio-blueprint-visualizer/tree/master,4,1,/PabloSnchz/factorio-blueprint-visualizer/tree/master/examples,3,1,/PabloSnchz/factorio-blueprint-visualizer/pulls,2,2,/PabloSnchz/factorio-blueprint-visualizer/branches,2,1,/PabloSnchz/factorio-blueprint-visualizer/blob/master/README.md,1,1,/PabloSnchz/factorio-blueprint-visualizer/blob/master/entityProperties.js,1,1
2026-04-18,/PabloSnchz/factorio-blueprint-visualizer,80,64,/PabloSnchz/factorio-blueprint-visualizer/blob/master/drawing_settings_documentation.md,16,12,/PabloSnchz/factorio-blueprint-visualizer/issues,4,4,/PabloSnchz/factorio-blueprint-visualizer/tree/master/website,4,2,/PabloSnchz/factorio-blueprint-visualizer/tree/master,4,1,/PabloSnchz/factorio-blueprint-visualizer/tree/master/examples,3,1,/PabloSnchz/factorio-blueprint-visualizer/pulls,2,2,/PabloSnchz/factorio-blueprint-visualizer/branches,2,1,/PabloSnchz/factorio-blueprint-visualizer/blob/master/README.md,1,1,/PabloSnchz/factorio-blueprint-visualizer/blob/master/entityProperties.js,1,1
2026-04-19,/PabloSnchz/factorio-blueprint-visualizer,80,64,/PabloSnchz/factorio-blueprint-visualizer/blob/master/drawing_settings_documentation.md,15,11,/PabloSnchz/factorio-blueprint-visualizer/issues,4,4,/PabloSnchz/factorio-blueprint-visualizer/tree/master/website,4,2,/PabloSnchz/factorio-blueprint-visualizer/tree/master,4,1,/PabloSnchz/factorio-blueprint-visualizer/pulls,3,3,/PabloSnchz/factorio-blueprint-visualizer/tree/master/examples,3,1,/PabloSnchz/factorio-blueprint-visualizer/branches,2,1,/PabloSnchz/factorio-blueprint-visualizer/blob/master/README.md,1,1,/PabloSnchz/factorio-blueprint-visualizer/blob/master/entityProperties.js,1,1
2026-04-20,/PabloSnchz/factorio-blueprint-visualizer,79,61,/PabloSnchz/factorio-blueprint-visualizer/blob/master/drawing_settings_documentation.md,11,10,/PabloSnchz/factorio-blueprint-visualizer/issues,4,4,/PabloSnchz/factorio-blueprint-visualizer/pulls,4,4,/PabloSnchz/factorio-blueprint-visualizer/tree/master/website,4,2,/PabloSnchz/factorio-blueprint-visualizer/tree/master,4,1,/PabloSnchz/factorio-blueprint-visualizer/blob/master/LICENSE,2,1,/PabloSnchz/factorio-blueprint-visualizer/branches,2,1,/PabloSnchz/factorio-blueprint-visualizer/tree/master/examples,2,1,/PabloSnchz/factorio-blueprint-visualizer/blob/master/README.md,1,1
2026-04-21,/PabloSnchz/factorio-blueprint-visualizer,80,66,/PabloSnchz/factorio-blueprint-visualizer/blob/master/drawing_settings_documentation.md,11,10,/PabloSnchz/factorio-blueprint-visualizer/issues,4,4,/PabloSnchz/factorio-blueprint-visualizer/pulls,4,4,/PabloSnchz/factorio-blueprint-visualizer/blob/master/LICENSE,2,1,/PabloSnchz/factorio-blueprint-visualizer/branches,2,1,/PabloSnchz/factorio-blueprint-visualizer/blob/master/README.md,1,1,/PabloSnchz/factorio-blueprint-visualizer/branches/all,1,1,/PabloSnchz/factorio-blueprint-visualizer/branches/stale,1,1,/PabloSnchz/factorio-blueprint-visualizer/commits/master,1,1
2026-04-22,/PabloSnchz/factorio-blueprint-visualizer,76,60,/PabloSnchz/factorio-blueprint-visualizer/blob/master/drawing_settings_documentation.md,9,9,/PabloSnchz/factorio-blueprint-visualizer/pulls,5,5,/PabloSnchz/factorio-blueprint-visualizer/issues,4,4,/PabloSnchz/factorio-blueprint-visualizer/blob/master/LICENSE,2,1,/PabloSnchz/factorio-blueprint-visualizer/branches,2,1,/PabloSnchz/factorio-blueprint-visualizer/blob/master/README.md,1,1,/PabloSnchz/factorio-blueprint-visualizer/branches/all,1,1,/PabloSnchz/factorio-blueprint-visualizer/branches/stale,1,1,/PabloSnchz/factorio-blueprint-visualizer/commits/master,1,1
2026-04-23,/PabloSnchz/factorio-blueprint-visualizer,68,55,/PabloSnchz/factorio-blueprint-visualizer/blob/master/drawing_settings_documentation.md,11,10,/PabloSnchz/factorio-blueprint-visualizer/pulls,5,5,/PabloSnchz/factorio-blueprint-visualizer/issues,2,2,/PabloSnchz/factorio-blueprint-visualizer/blob/master/LICENSE,2,1,/PabloSnchz/factorio-blueprint-visualizer/blob/master/README.md,1,1,/PabloSnchz/factorio-blueprint-visualizer/forks,1,1,/PabloSnchz/factorio-blueprint-visualizer/stargazers,1,1,,,,,,
2026-04-24,/PabloSnchz/factorio-blueprint-visualizer,71,55,/PabloSnchz/factorio-blueprint-visualizer/blob/master/drawing_settings_documentation.md,9,8,/PabloSnchz/factorio-blueprint-visualizer/pulls,5,5,/PabloSnchz/factorio-blueprint-visualizer/issues,2,2,/PabloSnchz/factorio-blueprint-visualizer/blob/master/LICENSE,2,1,/PabloSnchz/factorio-blueprint-visualizer/blob/master/README.md,1,1,/PabloSnchz/factorio-blueprint-visualizer/blob/master/examples/example_23.svg,1,1,/PabloSnchz/factorio-blueprint-visualizer/forks,1,1,/PabloSnchz/factorio-blueprint-visualizer/stargazers,1,1,,,
2026-04-25,/PabloSnchz/factorio-blueprint-visualizer,72,57,/PabloSnchz/factorio-blueprint-visualizer/blob/master/drawing_settings_documentation.md,9,8,/PabloSnchz/factorio-blueprint-visualizer/pulls,6,6,/PabloSnchz/factorio-blueprint-visualizer/blob/master/examples/example_23.svg,2,2,/PabloSnchz/factorio-blueprint-visualizer/issues,2,2,/PabloSnchz/factorio-blueprint-visualizer/blob/master/LICENSE,2,1,/PabloSnchz/factorio-blueprint-visualizer/actions,1,1,/PabloSnchz/factorio-blueprint-visualizer/blob/master/README.md,1,1,/PabloSnchz/factorio-blueprint-visualizer/blob/master/scripts/download_factorio_raw_data.py,1,1,/PabloSnchz/factorio-blueprint-visualizer/blob/master/test_blueprints/Belts.jpg,1,1
2026-04-26,/PabloSnchz/factorio-blueprint-visualizer,72,57,/PabloSnchz/factorio-blueprint-visualizer/blob/master/drawing_settings_documentation.md,9,8,/PabloSnchz/factorio-blueprint-visualizer/pulls,6,6,/PabloSnchz/factorio-blueprint-visualizer/blob/master/examples/example_23.svg,2,2,/PabloSnchz/factorio-blueprint-visualizer/issues,2,2,/PabloSnchz/factorio-blueprint-visualizer/blob/master/LICENSE,2,1,/PabloSnchz/factorio-blueprint-visualizer/actions,1,1,/PabloSnchz/factorio-blueprint-visualizer/blob/master/README.md,1,1,/PabloSnchz/factorio-blueprint-visualizer/blob/master/scripts/download_factorio_raw_data.py,1,1,/PabloSnchz/factorio-blueprint-visualizer/blob/master/test_blueprints/Belts.jpg,1,1
2026-04-27,/PabloSnchz/factorio-blueprint-visualizer,71,56,/PabloSnchz/factorio-blueprint-visualizer/blob/master/drawing_settings_documentation.md,13,11,/PabloSnchz/factorio-blueprint-visualizer/pulls,4,4,/PabloSnchz/factorio-blueprint-visualizer/blob/master/examples/example_23.svg,2,2,/PabloSnchz/factorio-blueprint-visualizer/blob/master/LICENSE,2,1,/PabloSnchz/factorio-blueprint-visualizer/actions,1,1,/PabloSnchz/factorio-blueprint-visualizer/blob/master/README.md,1,1,/PabloSnchz/factorio-blueprint-visualizer/blob/master/examples/example_13.svg,1,1,/PabloSnchz/factorio-blueprint-visualizer/blob/master/scripts/download_factorio_raw_data.py,1,1,/PabloSnchz/factorio-blueprint-visualizer/blob/master/test_blueprints/Belts.jpg,1,1
2026-04-28,/PabloSnchz/factorio-blueprint-visualizer,71,56,/PabloSnchz/factorio-blueprint-visualizer/blob/master/drawing_settings_documentation.md,14,12,/PabloSnchz/factorio-blueprint-visualizer/pulls,5,5,/PabloSnchz/factorio-blueprint-visualizer/blob/master/examples/example_23.svg,2,2,/PabloSnchz/factorio-blueprint-visualizer/blob/master/LICENSE,2,1,/PabloSnchz/factorio-blueprint-visualizer/actions,1,1,/PabloSnchz/factorio-blueprint-visualizer/blob/master/examples/example_13.svg,1,1,/PabloSnchz/factorio-blueprint-visualizer/blob/master/scripts/download_factorio_raw_data.py,1,1,/PabloSnchz/factorio-blueprint-visualizer/blob/master/test_blueprints/Belts.jpg,1,1,/PabloSnchz/factorio-blueprint-visualizer/blob/master/test_blueprints/Space Ship.jpg,1,1
2026-04-29,/PabloSnchz/factorio-blueprint-visualizer,71,56,/PabloSnchz/factorio-blueprint-visualizer/blob/master/drawing_settings_documentation.md,14,12,/PabloSnchz/factorio-blueprint-visualizer/pulls,5,5,/PabloSnchz/factorio-blueprint-visualizer/blob/master/examples/example_23.svg,2,2,/PabloSnchz/factorio-blueprint-visualizer/blob/master/LICENSE,2,1,/PabloSnchz/factorio-blueprint-visualizer/actions,1,1,/PabloSnchz/factorio-blueprint-visualizer/blob/master/examples/example_13.svg,1,1,/PabloSnchz/factorio-blueprint-visualizer/blob/master/scripts/download_factorio_raw_data.py,1,1,/PabloSnchz/factorio-blueprint-visualizer/blob/master/test_blueprints/Belts.jpg,1,1,/PabloSnchz/factorio-blueprint-visualizer/blob/master/test_blueprints/Space Ship.jpg,1,1
2026-04-30,/PabloSnchz/factorio-blueprint-visualizer,70,56,/PabloSnchz/factorio-blueprint-visualizer/blob/master/drawing_settings_documentation.md,15,13,/PabloSnchz/factorio-blueprint-visualizer/pulls,5,5,/PabloSnchz/factorio-blueprint-visualizer/blob/master/examples/example_23.svg,2,2,/PabloSnchz/factorio-blueprint-visualizer/blob/master/LICENSE,2,1,/PabloSnchz/factorio-blueprint-visualizer/actions,1,1,/PabloSnchz/factorio-blueprint-visualizer/blob/master/examples/example_13.svg,1,1,/PabloSnchz/factorio-blueprint-visualizer/blob/master/scripts/download_factorio_raw_data.py,1,1,/PabloSnchz/factorio-blueprint-visualizer/blob/master/test_blueprints/Belts.jpg,1,1,/PabloSnchz/factorio-blueprint-visualizer/blob/master/test_blueprints/Space Ship.jpg,1,1
2026-05-01,/PabloSnchz/factorio-blueprint-visualizer,74,58,/PabloSnchz/factorio-blueprint-visualizer/blob/master/drawing_settings_documentation.md,16,14,/PabloSnchz/factorio-blueprint-visualizer/pulls,5,5,/PabloSnchz/factorio-blueprint-visualizer/tree/master/test_blueprints,5,3,/PabloSnchz/factorio-blueprint-visualizer/tree/master,4,1,/PabloSnchz/factorio-blueprint-visualizer/blob/master/examples/example_23.svg,2,2,/PabloSnchz/factorio-blueprint-visualizer/blob/master/scripts/download_factorio_raw_data.py,2,2,/PabloSnchz/factorio-blueprint-visualizer/blob/master/test_blueprints/Belts.jpg,2,2,/PabloSnchz/factorio-blueprint-visualizer/tree/master/examples,2,2,/PabloSnchz/factorio-blueprint-visualizer/tree/master/scripts,2,2
2026-05-02,/PabloSnchz/factorio-blueprint-visualizer,68,54,/PabloSnchz/factorio-blueprint-visualizer/blob/master/drawing_settings_documentation.md,16,14,/PabloSnchz/factorio-blueprint-visualizer/pulls,5,5,/PabloSnchz/factorio-blueprint-visualizer/tree/master/test_blueprints,5,3,/PabloSnchz/factorio-blueprint-visualizer/tree/master,5,2,/PabloSnchz/factorio-blueprint-visualizer/tree/master/scripts,3,3,/PabloSnchz/factorio-blueprint-visualizer/blob/master/examples/example_23.svg,2,2,/PabloSnchz/factorio-blueprint-visualizer/blob/master/scripts/download_factorio_raw_data.py,2,2,/PabloSnchz/factorio-blueprint-visualizer/blob/master/test_blueprints/Belts.jpg,2,2,/PabloSnchz/factorio-blueprint-visualizer/tree/master/examples,2,2
2026-05-03,/PabloSnchz/factorio-blueprint-visualizer,72,58,/PabloSnchz/factorio-blueprint-visualizer/blob/master/drawing_settings_documentation.md,16,14,/PabloSnchz/factorio-blueprint-visualizer/pulls,8,8,/PabloSnchz/factorio-blueprint-visualizer/tree/master/test_blueprints,5,3,/PabloSnchz/factorio-blueprint-visualizer/tree/master,5,2,/PabloSnchz/factorio-blueprint-visualizer/tree/master/scripts,3,3,/PabloSnchz/factorio-blueprint-visualizer/blob/master/examples/example_23.svg,2,2,/PabloSnchz/factorio-blueprint-visualizer/blob/master/scripts/download_factorio_raw_data.py,2,2,/PabloSnchz/factorio-blueprint-visualizer/blob/master/test_blueprints/Belts.jpg,2,2,/PabloSnchz/factorio-blueprint-visualizer/issues,2,2
2026-05-04,/PabloSnchz/factorio-blueprint-visualizer,70,58,/PabloSnchz/factorio-blueprint-visualizer/blob/master/drawing_settings_documentation.md,16,14,/PabloSnchz/factorio-blueprint-visualizer/pulls,10,10,/PabloSnchz/factorio-blueprint-visualizer/tree/master/test_blueprints,5,3,/PabloSnchz/factorio-blueprint-visualizer/tree/master,5,2,/PabloSnchz/factorio-blueprint-visualizer/issues,4,4,/PabloSnchz/factorio-blueprint-visualizer/tree/master/scripts,3,3,/PabloSnchz/factorio-blueprint-visualizer/blob/master/examples/example_23.svg,2,2,/PabloSnchz/factorio-blueprint-visualizer/blob/master/scripts/download_factorio_raw_data.py,2,2,/PabloSnchz/factorio-blueprint-visualizer/blob/master/test_blueprints/Belts.jpg,2,2
2026-05-05,/PabloSnchz/factorio-blueprint-visualizer,67,54,/PabloSnchz/factorio-blueprint-visualizer/blob/master/drawing_settings_documentation.md,15,13,/PabloSnchz/factorio-blueprint-visualizer/pulls,10,10,/PabloSnchz/factorio-blueprint-visualizer/tree/master/test_blueprints,5,3,/PabloSnchz/factorio-blueprint-visualizer/tree/master,5,2,/PabloSnchz/factorio-blueprint-visualizer/issues,4,4,/PabloSnchz/factorio-blueprint-visualizer/tree/master/scripts,3,3,/PabloSnchz/factorio-blueprint-visualizer/blob/master/examples/example_23.svg,2,2,/PabloSnchz/factorio-blueprint-visualizer/blob/master/scripts/download_factorio_raw_data.py,2,2,/PabloSnchz/factorio-blueprint-visualizer/blob/master/test_blueprints/Belts.jpg,2,2
2026-05-06,/PabloSnchz/factorio-blueprint-visualizer,61,49,/PabloSnchz/factorio-blueprint-visualizer/blob/master/drawing_settings_documentation.md,15,13,/PabloSnchz/factorio-blueprint-visualizer/pulls,10,9,/PabloSnchz/factorio-blueprint-visualizer/tree/master/test_blueprints,5,3,/PabloSnchz/factorio-blueprint-visualizer/tree/master,5,2,/PabloSnchz/factorio-blueprint-visualizer/issues,4,4,/PabloSnchz/factorio-blueprint-visualizer/tree/master/scripts,3,3,/PabloSnchz/factorio-blueprint-visualizer/blob/master/examples/example_23.svg,2,2,/PabloSnchz/factorio-blueprint-visualizer/blob/master/factorioBlueprintVisualizer/random_settings.py,2,2,/PabloSnchz/factorio-blueprint-visualizer/blob/master/scripts/download_factorio_raw_data.py,2,2
2026-05-07,/PabloSnchz/factorio-blueprint-visualizer,60,49,/PabloSnchz/factorio-blueprint-visualizer/blob/master/drawing_settings_documentation.md,12,11,/PabloSnchz/factorio-blueprint-visualizer/pulls,10,9,/PabloSnchz/factorio-blueprint-visualizer/tree/master/test_blueprints,5,3,/PabloSnchz/factorio-blueprint-visualizer/tree/master,5,2,/PabloSnchz/factorio-blueprint-visualizer/issues,4,4,/PabloSnchz/factorio-blueprint-visualizer/tree/master/scripts,3,3,/PabloSnchz/factorio-blueprint-visualizer/blob/master/examples/example_23.svg,2,2,/PabloSnchz/factorio-blueprint-visualizer/blob/master/factorioBlueprintVisualizer/random_settings.py,2,2,/PabloSnchz/factorio-blueprint-visualizer/blob/master/scripts/download_factorio_raw_data.py,2,2
2026-05-08,/PabloSnchz/factorio-blueprint-visualizer,55,45,/PabloSnchz/factorio-blueprint-visualizer/blob/master/drawing_settings_documentation.md,12,11,/PabloSnchz/factorio-blueprint-visualizer/pulls,10,9,/PabloSnchz/factorio-blueprint-visualizer/tree/master/test_blueprints,5,3,/PabloSnchz/factorio-blueprint-visualizer/tree/master,5,2,/PabloSnchz/factorio-blueprint-visualizer/issues,4,4,/PabloSnchz/factorio-blueprint-visualizer/tree/master/scripts,3,3,/PabloSnchz/factorio-blueprint-visualizer/blob/master/factorioBlueprintVisualizer/random_settings.py,2,2,/PabloSnchz/factorio-blueprint-visualizer/blob/master/scripts/download_factorio_raw_data.py,2,2,/PabloSnchz/factorio-blueprint-visualizer/blob/master/test_blueprints/Belts.jpg,2,2
2026-05-09,/PabloSnchz/factorio-blueprint-visualizer,54,44,/PabloSnchz/factorio-blueprint-visualizer/blob/master/drawing_settings_documentation.md,12,11,/PabloSnchz/factorio-blueprint-visualizer/pulls,9,8,/PabloSnchz/factorio-blueprint-visualizer/tree/master,5,2,/PabloSnchz/factorio-blueprint-visualizer/issues,4,4,/PabloSnchz/factorio-blueprint-visualizer/tree/master/test_blueprints,4,2,/PabloSnchz/factorio-blueprint-visualizer/blob/master/factorioBlueprintVisualizer/random_settings.py,2,2,/PabloSnchz/factorio-blueprint-visualizer/tree/master/examples,2,2,/PabloSnchz/factorio-blueprint-visualizer/tree/master/scripts,2,2,/PabloSnchz/factorio-blueprint-visualizer/blob/master/examples/example_13.svg,1,1
2026-05-10,/PabloSnchz/factorio-blueprint-visualizer,50,41,/PabloSnchz/factorio-blueprint-visualizer/pulls,10,9,/PabloSnchz/factorio-blueprint-visualizer/blob/master/drawing_settings_documentation.md,7,7,/PabloSnchz/factorio-blueprint-visualizer/issues,5,5,/PabloSnchz/factorio-blueprint-visualizer/tree/master,5,2,/PabloSnchz/factorio-blueprint-visualizer/tree/master/test_blueprints,4,2,/PabloSnchz/factorio-blueprint-visualizer/blob/master/factorioBlueprintVisualizer/random_settings.py,2,2,/PabloSnchz/factorio-blueprint-visualizer/tree/master/scripts,2,2,/PabloSnchz/factorio-blueprint-visualizer/blob/master/scripts/download_factorio_raw_data.py,1,1,/PabloSnchz/factorio-blueprint-visualizer/blob/master/test_blueprints/Belts.jpg,1,1
2026-05-11,/PabloSnchz/factorio-blueprint-visualizer,52,42,/PabloSnchz/factorio-blueprint-visualizer/pulls,12,9,/PabloSnchz/factorio-blueprint-visualizer/blob/master/drawing_settings_documentation.md,6,6,/PabloSnchz/factorio-blueprint-visualizer/issues,5,5,/PabloSnchz/factorio-blueprint-visualizer/tree/master,5,2,/PabloSnchz/factorio-blueprint-visualizer/tree/master/test_blueprints,4,2,/PabloSnchz/factorio-blueprint-visualizer/blob/master/factorioBlueprintVisualizer/random_settings.py,2,2,/PabloSnchz/factorio-blueprint-visualizer/tree/master/scripts,2,2,/PabloSnchz/factorio-blueprint-visualizer/blob/master/examples/Rocket_Ship_1.jpg,1,1,/PabloSnchz/factorio-blueprint-visualizer/blob/master/examples/example_24.svg,1,1
2026-05-12,/PabloSnchz/factorio-blueprint-visualizer,54,42,/PabloSnchz/factorio-blueprint-visualizer/pulls,11,9,/PabloSnchz/factorio-blueprint-visualizer/blob/master/drawing_settings_documentation.md,5,5,/PabloSnchz/factorio-blueprint-visualizer/issues,5,5,/PabloSnchz/factorio-blueprint-visualizer/tree/master,5,2,/PabloSnchz/factorio-blueprint-visualizer/tree/master/test_blueprints,4,2,/PabloSnchz/factorio-blueprint-visualizer/blob/master/factorioBlueprintVisualizer/random_settings.py,2,2,/PabloSnchz/factorio-blueprint-visualizer/tree/master/scripts,2,2,/PabloSnchz/factorio-blueprint-visualizer/blob/master/examples/Rocket_Ship_1.jpg,1,1,/PabloSnchz/factorio-blueprint-visualizer/blob/master/examples/example_24.svg,1,1
2026-05-13,/PabloSnchz/factorio-blueprint-visualizer,58,45,/PabloSnchz/factorio-blueprint-visualizer/pulls,11,9,/PabloSnchz/factorio-blueprint-visualizer/blob/master/drawing_settings_documentation.md,6,6,/PabloSnchz/factorio-blueprint-visualizer/issues,5,5,/PabloSnchz/factorio-blueprint-visualizer/tree/master,5,2,/PabloSnchz/factorio-blueprint-visualizer/tree/master/test_blueprints,4,2,/PabloSnchz/factorio-blueprint-visualizer/blob/master/factorioBlueprintVisualizer/random_settings.py,2,2,/PabloSnchz/factorio-blueprint-visualizer/tree/master/scripts,2,2,/PabloSnchz/factorio-blueprint-visualizer/blob/master/examples/Rocket_Ship_1.jpg,1,1,/PabloSnchz/factorio-blueprint-visualizer/blob/master/examples/example_24.svg,1,1
2026-05-14,/PabloSnchz/factorio-blueprint-visualizer,54,41,/PabloSnchz/factorio-blueprint-visualizer/pulls,12,9,/PabloSnchz/factorio-blueprint-visualizer/blob/master/drawing_settings_documentation.md,5,5,/PabloSnchz/factorio-blueprint-visualizer/issues,5,5,/PabloSnchz/factorio-blueprint-visualizer/tree/master,5,2,/PabloSnchz/factorio-blueprint-visualizer/tree/master/test_blueprints,4,2,/PabloSnchz/factorio-blueprint-visualizer/blob/master/factorioBlueprintVisualizer/random_settings.py,2,2,/PabloSnchz/factorio-blueprint-visualizer/tree/master/scripts,2,2,/PabloSnchz/factorio-blueprint-visualizer/blob/master/examples/Rocket_Ship_1.jpg,1,1,/PabloSnchz/factorio-blueprint-visualizer/blob/master/examples/example_24.svg,1,1
2026-05-15,/PabloSnchz/factorio-blueprint-visualizer,49,39,/PabloSnchz/factorio-blueprint-visualizer/pulls,12,9,/PabloSnchz/factorio-blueprint-visualizer/blob/master/drawing_settings_documentation.md,5,5,/PabloSnchz/factorio-blueprint-visualizer/issues,5,5,/PabloSnchz/factorio-blueprint-visualizer/blob/master/examples/Rocket_Ship_1.jpg,2,2,/PabloSnchz/factorio-blueprint-visualizer/blob/master/factorioBlueprintVisualizer/random_settings.py,2,2,/PabloSnchz/factorio-blueprint-visualizer/blob/master/examples/example_24.svg,1,1,/PabloSnchz/factorio-blueprint-visualizer/blob/master/examples/random_0077.svg,1,1,/PabloSnchz/factorio-blueprint-visualizer/tree/master,1,1,/PabloSnchz/factorio-blueprint-visualizer/tree/master/scripts,1,1
2026-05-16,/PabloSnchz/factorio-blueprint-visualizer,50,38,/PabloSnchz/factorio-blueprint-visualizer/pulls,12,9,/PabloSnchz/factorio-blueprint-visualizer/blob/master/drawing_settings_documentation.md,5,5,/PabloSnchz/factorio-blueprint-visualizer/issues,5,5,/PabloSnchz/factorio-blueprint-visualizer/blob/master/examples/Rocket_Ship_1.jpg,2,2,/PabloSnchz/factorio-blueprint-visualizer/blob/master/examples/example_24.svg,1,1,/PabloSnchz/factorio-blueprint-visualizer/blob/master/examples/random_0077.svg,1,1,/PabloSnchz/factorio-blueprint-visualizer/blob/master/factorioBlueprintVisualizer/random_settings.py,1,1,/PabloSnchz/factorio-blueprint-visualizer/commits,1,1,,,
2026-05-17,/PabloSnchz/factorio-blueprint-visualizer,47,34,/PabloSnchz/factorio-blueprint-visualizer/pulls,8,5,/PabloSnchz/factorio-blueprint-visualizer/blob/master/drawing_settings_documentation.md,5,5,/PabloSnchz/factorio-blueprint-visualizer/issues,3,3,/PabloSnchz/factorio-blueprint-visualizer/blob/master/examples/Rocket_Ship_1.jpg,2,2,/PabloSnchz/factorio-blueprint-visualizer/blob/master/examples/example_24.svg,1,1,/PabloSnchz/factorio-blueprint-visualizer/blob/master/examples/random_0077.svg,1,1,/PabloSnchz/factorio-blueprint-visualizer/blob/master/factorioBlueprintVisualizer/random_settings.py,1,1,/PabloSnchz/factorio-blueprint-visualizer/commits,1,1,,,
2026-05-18,/PabloSnchz/factorio-blueprint-visualizer,48,33,/PabloSnchz/factorio-blueprint-visualizer/pulls,5,3,/PabloSnchz/factorio-blueprint-visualizer/blob/master/drawing_settings_documentation.md,4,4,/PabloSnchz/factorio-blueprint-visualizer/blob/master/examples/Rocket_Ship_1.jpg,2,2,/PabloSnchz/factorio-blueprint-visualizer/issues,2,2,/PabloSnchz/factorio-blueprint-visualizer/blob/master/examples/example_24.svg,1,1,/PabloSnchz/factorio-blueprint-visualizer/blob/master/examples/random_0077.svg,1,1,/PabloSnchz/factorio-blueprint-visualizer/blob/master/factorioBlueprintVisualizer/random_settings.py,1,1,/PabloSnchz/factorio-blueprint-visualizer/commits,1,1,,,
2026-05-19,/PabloSnchz/factorio-blueprint-visualizer,45,31,/PabloSnchz/factorio-blueprint-visualizer/pulls,5,3,/PabloSnchz/factorio-blueprint-visualizer/blob/master/drawing_settings_documentation.md,4,4,/PabloSnchz/factorio-blueprint-visualizer/blob/master/examples/Rocket_Ship_1.jpg,2,2,/PabloSnchz/factorio-blueprint-visualizer/issues,2,2,/PabloSnchz/factorio-blueprint-visualizer/blob/master/draw_setting_documentation.md,1,1,/PabloSnchz/factorio-blueprint-visualizer/blob/master/drawingSettings.js,1,1,/PabloSnchz/factorio-blueprint-visualizer/blob/master/examples/example_24.svg,1,1,/PabloSnchz/factorio-blueprint-visualizer/blob/master/examples/random_0077.svg,1,1,/PabloSnchz/factorio-blueprint-visualizer/blob/master/factorioBlueprintVisualizer/random_settings.py,1,1
2026-05-20,/PabloSnchz/factorio-blueprint-visualizer,46,33,/PabloSnchz/factorio-blueprint-visualizer/pulls,4,2,/PabloSnchz/factorio-blueprint-visualizer/blob/master/drawing_settings_documentation.md,3,3,/PabloSnchz/factorio-blueprint-visualizer/blob/master/examples/Rocket_Ship_1.jpg,2,2,/PabloSnchz/factorio-blueprint-visualizer/blob/master/examples/example_24.svg,2,2,/PabloSnchz/factorio-blueprint-visualizer/issues,2,2,/PabloSnchz/factorio-blueprint-visualizer/blob/master/draw_setting_documentation.md,1,1,/PabloSnchz/factorio-blueprint-visualizer/blob/master/drawingSettings.js,1,1,/PabloSnchz/factorio-blueprint-visualizer/blob/master/examples/random_0077.svg,1,1,/PabloSnchz/factorio-blueprint-visualizer/commits,1,1
2026-05-21,/PabloSnchz/factorio-blueprint-visualizer,44,31,/PabloSnchz/factorio-blueprint-visualizer/pulls,4,2,/PabloSnchz/factorio-blueprint-visualizer/blob/master/drawing_settings_documentation.md,3,3,/PabloSnchz/factorio-blueprint-visualizer/blob/master/examples/Rocket_Ship_1.jpg,2,2,/PabloSnchz/factorio-blueprint-visualizer/blob/master/examples/example_24.svg,2,2,/PabloSnchz/factorio-blueprint-visualizer/issues,2,2,/PabloSnchz/factorio-blueprint-visualizer/blob/master/draw_setting_documentation.md,1,1,/PabloSnchz/factorio-blueprint-visualizer/blob/master/drawingSettings.js,1,1,/PabloSnchz/factorio-blueprint-visualizer/blob/master/examples/random_0077.svg,1,1,/PabloSnchz/factorio-blueprint-visualizer/commits,1,1
2026-05-22,/PabloSnchz/factorio-blueprint-visualizer,46,33,/PabloSnchz/factorio-blueprint-visualizer/blob/master/drawing_settings_documentation.md,4,4,/PabloSnchz/factorio-blueprint-visualizer/pulls,4,2,/PabloSnchz/factorio-blueprint-visualizer/blob/master/draw_setting_documentation.md,2,2,/PabloSnchz/factorio-blueprint-visualizer/blob/master/examples/Rocket_Ship_1.jpg,2,2,/PabloSnchz/factorio-blueprint-visualizer/blob/master/examples/example_24.svg,2,2,/PabloSnchz/factorio-blueprint-visualizer/issues,2,2,/PabloSnchz/factorio-blueprint-visualizer/blob/master/README.md,1,1,/PabloSnchz/factorio-blueprint-visualizer/blob/master/drawingSettings.js,1,1,/PabloSnchz/factorio-blueprint-visualizer/blob/master/examples/Rocket_Ship_1_Visualization.png,1,1
2026-05-23,/PabloSnchz/factorio-blueprint-visualizer,48,35,/PabloSnchz/factorio-blueprint-visualizer/blob/master/drawing_settings_documentation.md,5,5,/PabloSnchz/factorio-blueprint-visualizer/pulls,4,2,/PabloSnchz/factorio-blueprint-visualizer/blob/master/draw_setting_documentation.md,2,2,/PabloSnchz/factorio-blueprint-visualizer/blob/master/examples/Rocket_Ship_1.jpg,2,2,/PabloSnchz/factorio-blueprint-visualizer/blob/master/examples/example_24.svg,2,2,/PabloSnchz/factorio-blueprint-visualizer/issues,2,2,/PabloSnchz/factorio-blueprint-visualizer/blob/master/README.md,1,1,/PabloSnchz/factorio-blueprint-visualizer/blob/master/drawingSettings.js,1,1,/PabloSnchz/factorio-blueprint-visualizer/blob/master/examples/Rocket_Ship_1_Visualization.png,1,1
2026-05-24,/PabloSnchz/factorio-blueprint-visualizer,47,34,/PabloSnchz/factorio-blueprint-visualizer/blob/master/drawing_settings_documentation.md,5,5,/PabloSnchz/factorio-blueprint-visualizer/pulls,3,2,/PabloSnchz/factorio-blueprint-visualizer/blob/master/draw_setting_documentation.md,2,2,/PabloSnchz/factorio-blueprint-visualizer/blob/master/examples/Rocket_Ship_1.jpg,2,2,/PabloSnchz/factorio-blueprint-visualizer/blob/master/examples/example_24.svg,2,2,/PabloSnchz/factorio-blueprint-visualizer/blob/master/README.md,1,1,/PabloSnchz/factorio-blueprint-visualizer/blob/master/drawingSettings.js,1,1,/PabloSnchz/factorio-blueprint-visualizer/blob/master/examples/Rocket_Ship_1_Visualization.png,1,1,/PabloSnchz/factorio-blueprint-visualizer/blob/master/examples/random_0077.svg,1,1
2026-05-25,/PabloSnchz/factorio-blueprint-visualizer,43,31,/PabloSnchz/factorio-blueprint-visualizer/blob/master/drawing_settings_documentation.md,5,5,/PabloSnchz/factorio-blueprint-visualizer/blob/master/draw_setting_documentation.md,2,2,/PabloSnchz/factorio-blueprint-visualizer/issues,2,2,/PabloSnchz/factorio-blueprint-visualizer/blob/master/README.md,1,1,/PabloSnchz/factorio-blueprint-visualizer/blob/master/drawingSettings.js,1,1,/PabloSnchz/factorio-blueprint-visualizer/blob/master/examples/Rocket_Ship_1.jpg,1,1,/PabloSnchz/factorio-blueprint-visualizer/blob/master/examples/Rocket_Ship_1_Visualization.png,1,1,/PabloSnchz/factorio-blueprint-visualizer/blob/master/examples/example_24.svg,1,1,/PabloSnchz/factorio-blueprint-visualizer/blob/master/notebook.ipynb,1,1
2026-05-26,/PabloSnchz/factorio-blueprint-visualizer,41,30,/PabloSnchz/factorio-blueprint-visualizer/blob/master/drawing_settings_documentation.md,5,5,/PabloSnchz/factorio-blueprint-visualizer/blob/master/draw_setting_documentation.md,2,2,/PabloSnchz/factorio-blueprint-visualizer/issues,2,2,/PabloSnchz/factorio-blueprint-visualizer/blob/master/README.md,1,1,/PabloSnchz/factorio-blueprint-visualizer/blob/master/drawingSettings.js,1,1,/PabloSnchz/factorio-blueprint-visualizer/blob/master/examples/Rocket_Ship_1.jpg,1,1,/PabloSnchz/factorio-blueprint-visualizer/blob/master/examples/Rocket_Ship_1_Visualization.png,1,1,/PabloSnchz/factorio-blueprint-visualizer/blob/master/examples/example_24.svg,1,1,/PabloSnchz/factorio-blueprint-visualizer/blob/master/notebook.ipynb,1,1
2026-05-27,/PabloSnchz/factorio-blueprint-visualizer,37,27,/PabloSnchz/factorio-blueprint-visualizer/blob/master/drawing_settings_documentation.md,4,4,/PabloSnchz/factorio-blueprint-visualizer/blob/master/draw_setting_documentation.md,2,2,/PabloSnchz/factorio-blueprint-visualizer/issues,2,2,/PabloSnchz/factorio-blueprint-visualizer/blob/master/README.md,1,1,/PabloSnchz/factorio-blueprint-visualizer/blob/master/drawingSettings.js,1,1,/PabloSnchz/factorio-blueprint-visualizer/blob/master/examples/Rocket_Ship_1.jpg,1,1,/PabloSnchz/factorio-blueprint-visualizer/blob/master/examples/Rocket_Ship_1_Visualization.png,1,1,/PabloSnchz/factorio-blueprint-visualizer/blob/master/examples/example_24.svg,1,1,/PabloSnchz/factorio-blueprint-visualizer/blob/master/notebook.ipynb,1,1
2026-05-28,/PabloSnchz/factorio-blueprint-visualizer,36,26,/PabloSnchz/factorio-blueprint-visualizer/blob/master/drawing_settings_documentation.md,4,4,/PabloSnchz/factorio-blueprint-visualizer/blob/master/draw_setting_documentation.md,2,2,/PabloSnchz/factorio-blueprint-visualizer/issues,2,2,/PabloSnchz/factorio-blueprint-visualizer/blob/master/README.md,1,1,/PabloSnchz/factorio-blueprint-visualizer/blob/master/drawingSettings.js,1,1,/PabloSnchz/factorio-blueprint-visualizer/blob/master/examples/Rocket_Ship_1.jpg,1,1,/PabloSnchz/factorio-blueprint-visualizer/blob/master/examples/Rocket_Ship_1_Visualization.png,1,1,/PabloSnchz/factorio-blueprint-visualizer/blob/master/examples/example_24.svg,1,1,/PabloSnchz/factorio-blueprint-visualizer/blob/master/notebook.ipynb,1,1
2026-05-29,/PabloSnchz/factorio-blueprint-visualizer,36,26,/PabloSnchz/factorio-blueprint-visualizer/blob/master/drawing_settings_documentation.md,3,3,/PabloSnchz/factorio-blueprint-visualizer/blob/master/draw_setting_documentation.md,2,2,/PabloSnchz/factorio-blueprint-visualizer/issues,2,2,/PabloSnchz/factorio-blueprint-visualizer/blob/master/README.md,1,1,/PabloSnchz/factorio-blueprint-visualizer/blob/master/drawingSettings.js,1,1,/PabloSnchz/factorio-blueprint-visualizer/blob/master/examples/Rocket_Ship_1_Visualization.png,1,1,/PabloSnchz/factorio-blueprint-visualizer/blob/master/examples/example_24.svg,1,1,/PabloSnchz/factorio-blueprint-visualizer/blob/master/notebook.ipynb,1,1,/PabloSnchz/factorio-blueprint-visualizer/blob/master/website/blueprintVisualizer.js,1,1
2026-05-30,/PabloSnchz/factorio-blueprint-visualizer,35,27,/PabloSnchz/factorio-blueprint-visualizer/blob/master/drawing_settings_documentation.md,3,3,/PabloSnchz/factorio-blueprint-visualizer/blob/master/draw_setting_documentation.md,2,2,/PabloSnchz/factorio-blueprint-visualizer/issues,2,2,/PabloSnchz/factorio-blueprint-visualizer/blob/master/README.md,1,1,/PabloSnchz/factorio-blueprint-visualizer/blob/master/drawingSettings.js,1,1,/PabloSnchz/factorio-blueprint-visualizer/blob/master/examples/Rocket_Ship_1.jpg,1,1,/PabloSnchz/factorio-blueprint-visualizer/blob/master/examples/Rocket_Ship_1_Visualization.png,1,1,/PabloSnchz/factorio-blueprint-visualizer/blob/master/examples/example_24.svg,1,1,/PabloSnchz/factorio-blueprint-visualizer/blob/master/notebook.ipynb,1,1
2026-05-31,/PabloSnchz/factorio-blueprint-visualizer,33,27,/PabloSnchz/factorio-blueprint-visualizer/blob/master/drawing_settings_documentation.md,5,4,/PabloSnchz/factorio-blueprint-visualizer/issues,4,3,/PabloSnchz/factorio-blueprint-visualizer/blob/master/draw_setting_documentation.md,2,2,/PabloSnchz/factorio-blueprint-visualizer/blob/master/README.md,1,1,/PabloSnchz/factorio-blueprint-visualizer/blob/master/drawingSettings.js,1,1,/PabloSnchz/factorio-blueprint-visualizer/blob/master/examples/Rocket_Ship_1.jpg,1,1,/PabloSnchz/factorio-blueprint-visualizer/blob/master/examples/Rocket_Ship_1_Visualization.png,1,1,/PabloSnchz/factorio-blueprint-visualizer/blob/master/examples/example_24.svg,1,1,/PabloSnchz/factorio-blueprint-visualizer/blob/master/notebook.ipynb,1,1
2026-06-01,/PabloSnchz/factorio-blueprint-visualizer,32,29,/PabloSnchz/factorio-blueprint-visualizer/blob/master/drawing_settings_documentation.md,7,6,/PabloSnchz/factorio-blueprint-visualizer/issues,3,2,/PabloSnchz/factorio-blueprint-visualizer/blob/master/draw_setting_documentation.md,2,2,/PabloSnchz/factorio-blueprint-visualizer/blob/master/examples/Rocket_Ship_1.jpg,2,2,/PabloSnchz/factorio-blueprint-visualizer/tree/master,2,2,/PabloSnchz/factorio-blueprint-visualizer/blob/master/README.md,1,1,/PabloSnchz/factorio-blueprint-visualizer/blob/master/drawingSettings.js,1,1,/PabloSnchz/factorio-blueprint-visualizer/blob/master/examples/Rocket_Ship_1_Visualization.png,1,1,/PabloSnchz/factorio-blueprint-visualizer/blob/master/examples/example_24.svg,1,1
2026-06-03,/PabloSnchz/factorio-blueprint-visualizer,32,28,/PabloSnchz/factorio-blueprint-visualizer/blob/master/drawing_settings_documentation.md,7,6,/PabloSnchz/factorio-blueprint-visualizer/issues,3,2,/PabloSnchz/factorio-blueprint-visualizer/blob/master/examples/Rocket_Ship_1.jpg,2,2,/PabloSnchz/factorio-blueprint-visualizer/tree/master,2,2,/PabloSnchz/factorio-blueprint-visualizer/blob/master/README.md,1,1,/PabloSnchz/factorio-blueprint-visualizer/blob/master/draw_setting_documentation.md,1,1,/PabloSnchz/factorio-blueprint-visualizer/blob/master/examples/Rocket_Ship_1_Visualization.png,1,1,/PabloSnchz/factorio-blueprint-visualizer/blob/master/examples/example_24.svg,1,1,/PabloSnchz/factorio-blueprint-visualizer/blob/master/notebook.ipynb,1,1
2026-06-04,/PabloSnchz/factorio-blueprint-visualizer,31,27,/PabloSnchz/factorio-blueprint-visualizer/blob/master/drawing_settings_documentation.md,7,6,/PabloSnchz/factorio-blueprint-visualizer/issues,3,2,/PabloSnchz/factorio-blueprint-visualizer/blob/master/examples/Rocket_Ship_1.jpg,2,2,/PabloSnchz/factorio-blueprint-visualizer/tree/master,2,2,/PabloSnchz/factorio-blueprint-visualizer/blob/master/README.md,1,1,/PabloSnchz/factorio-blueprint-visualizer/blob/master/draw_setting_documentation.md,1,1,/PabloSnchz/factorio-blueprint-visualizer/blob/master/examples/Rocket_Ship_1_Visualization.png,1,1,/PabloSnchz/factorio-blueprint-visualizer/blob/master/notebook.ipynb,1,1,/PabloSnchz/factorio-blueprint-visualizer/blob/master/website/blueprintVisualizer.js,1,1
2026-06-04,/PabloSnchz/factorio-blueprint-visualizer,30,26,/PabloSnchz/factorio-blueprint-visualizer/blob/master/drawing_settings_documentation.md,8,7,/PabloSnchz/factorio-blueprint-visualizer/issues,3,2,/PabloSnchz/factorio-blueprint-visualizer/blob/master/examples/Rocket_Ship_1.jpg,2,2,/PabloSnchz/factorio-blueprint-visualizer/tree/master,2,2,/PabloSnchz/factorio-blueprint-visualizer/blob/master/README.md,1,1,/PabloSnchz/factorio-blueprint-visualizer/blob/master/draw_setting_documentation.md,1,1,/PabloSnchz/factorio-blueprint-visualizer/blob/master/examples/Rocket_Ship_1_Visualization.png,1,1,/PabloSnchz/factorio-blueprint-visualizer/blob/master/notebook.ipynb,1,1,/PabloSnchz/factorio-blueprint-visualizer/blob/master/website/blueprintVisualizer.js,1,1
2026-06-05,/PabloSnchz/factorio-blueprint-visualizer,29,26,/PabloSnchz/factorio-blueprint-visualizer/blob/master/drawing_settings_documentation.md,8,7,/PabloSnchz/factorio-blueprint-visualizer/issues,3,2,/PabloSnchz/factorio-blueprint-visualizer/blob/master/examples/Rocket_Ship_1.jpg,2,2,/PabloSnchz/factorio-blueprint-visualizer/tree/master,2,2,/PabloSnchz/factorio-blueprint-visualizer/blob/master/notebook.ipynb,1,1,/PabloSnchz/factorio-blueprint-visualizer/blob/master/website/blueprintVisualizer.js,1,1,/PabloSnchz/factorio-blueprint-visualizer/tree/master/website,1,1,,,,,,
2026-06-06,/PabloSnchz/factorio-blueprint-visualizer,28,24,/PabloSnchz/factorio-blueprint-visualizer/blob/master/drawing_settings_documentation.md,7,6,/PabloSnchz/factorio-blueprint-visualizer/issues,3,2,/PabloSnchz/factorio-blueprint-visualizer/blob/master/examples/Rocket_Ship_1.jpg,2,2,/PabloSnchz/factorio-blueprint-visualizer/tree/master,2,2,/PabloSnchz/factorio-blueprint-visualizer/blob/master/website/blueprintVisualizer.js,1,1,/PabloSnchz/factorio-blueprint-visualizer/tree/master/website,1,1,,,,,,,,,
2026-06-07,/PabloSnchz/factorio-blueprint-visualizer,30,25,/PabloSnchz/factorio-blueprint-visualizer/blob/master/drawing_settings_documentation.md,8,7,/PabloSnchz/factorio-blueprint-visualizer/issues,3,2,/PabloSnchz/factorio-blueprint-visualizer/blob/master/examples/Rocket_Ship_1.jpg,2,2,/PabloSnchz/factorio-blueprint-visualizer/tree/master,2,2,/PabloSnchz/factorio-blueprint-visualizer/blob/master/website/blueprintVisualizer.js,1,1,/PabloSnchz/factorio-blueprint-visualizer/tree/master/website,1,1,,,,,,,,,
2026-06-08,/PabloSnchz/factorio-blueprint-visualizer,32,28,/PabloSnchz/factorio-blueprint-visualizer/blob/master/drawing_settings_documentation.md,9,8,/PabloSnchz/factorio-blueprint-visualizer/blob/master/examples/Rocket_Ship_1.jpg,2,2,/PabloSnchz/factorio-blueprint-visualizer/tree/master,2,2,/PabloSnchz/factorio-blueprint-visualizer/issues,2,1,/PabloSnchz/factorio-blueprint-visualizer/blob/master/examples/example_24.svg,1,1,/PabloSnchz/factorio-blueprint-visualizer/blob/master/website/blueprintVisualizer.js,1,1,/PabloSnchz/factorio-blueprint-visualizer/tree/master/website,1,1,,,,,,
2026-06-09,/PabloSnchz/factorio-blueprint-visualizer,32,28,/PabloSnchz/factorio-blueprint-visualizer/blob/master/drawing_settings_documentation.md,9,8,/PabloSnchz/factorio-blueprint-visualizer/blob/master/examples/Rocket_Ship_1.jpg,2,2,/PabloSnchz/factorio-blueprint-visualizer/tree/master,2,2,/PabloSnchz/factorio-blueprint-visualizer/issues,2,1,/PabloSnchz/factorio-blueprint-visualizer/blob/master/examples/example_24.svg,1,1,/PabloSnchz/factorio-blueprint-visualizer/blob/master/website/blueprintVisualizer.js,1,1,/PabloSnchz/factorio-blueprint-visualizer/tree/master/website,1,1,,,,,,
2026-06-11,/PabloSnchz/factorio-blueprint-visualizer,29,26,/PabloSnchz/factorio-blueprint-visualizer/blob/master/drawing_settings_documentation.md,8,7,/PabloSnchz/factorio-blueprint-visualizer/blob/master/examples/Rocket_Ship_1.jpg,2,2,/PabloSnchz/factorio-blueprint-visualizer/issues,2,1,/PabloSnchz/factorio-blueprint-visualizer/blob/master/examples/example_24.svg,1,1,/PabloSnchz/factorio-blueprint-visualizer/tree/master,1,1,,,,,,,,,,,,
2026-06-12,/PabloSnchz/factorio-blueprint-visualizer,33,30,/PabloSnchz/factorio-blueprint-visualizer/blob/master/drawing_settings_documentation.md,10,9,/PabloSnchz/factorio-blueprint-visualizer/blob/master/examples/Rocket_Ship_1.jpg,2,2,/PabloSnchz/factorio-blueprint-visualizer/issues,2,1,/PabloSnchz/factorio-blueprint-visualizer/actions,1,1,/PabloSnchz/factorio-blueprint-visualizer/blob/master/examples/example_24.svg,1,1,/PabloSnchz/factorio-blueprint-visualizer/tree/master,1,1,,,,,,,,,
2026-06-13,/PabloSnchz/factorio-blueprint-visualizer,33,30,/PabloSnchz/factorio-blueprint-visualizer/blob/master/drawing_settings_documentation.md,10,9,/PabloSnchz/factorio-blueprint-visualizer/blob/master/examples/Rocket_Ship_1.jpg,2,2,/PabloSnchz/factorio-blueprint-visualizer/issues,2,1,/PabloSnchz/factorio-blueprint-visualizer/actions,1,1,/PabloSnchz/factorio-blueprint-visualizer/blob/master/examples/example_24.svg,1,1,/PabloSnchz/factorio-blueprint-visualizer/tree/master,1,1,,,,,,,,,
2026-06-13,/PabloSnchz/factorio-blueprint-visualizer,37,33,/PabloSnchz/factorio-blueprint-visualizer/blob/master/drawing_settings_documentation.md,14,12,/PabloSnchz/factorio-blueprint-visualizer/issues,2,1,/PabloSnchz/factorio-blueprint-visualizer/actions,1,1,/PabloSnchz/factorio-blueprint-visualizer/blob/master/examples/Rocket_Ship_1.jpg,1,1,/PabloSnchz/factorio-blueprint-visualizer/blob/master/examples/example_24.svg,1,1,/PabloSnchz/factorio-blueprint-visualizer/tree/master,1,1,,,,,,,,,
2026-06-14,/PabloSnchz/factorio-blueprint-visualizer,38,35,/PabloSnchz/factorio-blueprint-visualizer/blob/master/drawing_settings_documentation.md,13,12,/PabloSnchz/factorio-blueprint-visualizer/actions,1,1,/PabloSnchz/factorio-blueprint-visualizer/blob/master/examples/Rocket_Ship_1.jpg,1,1,/PabloSnchz/factorio-blueprint-visualizer/blob/master/examples/example_24.svg,1,1,/PabloSnchz/factorio-blueprint-visualizer/blob/master/test_blueprints/Belts.jpg,1,1,/PabloSnchz/factorio-blueprint-visualizer/blob/master/test_blueprints/Inserters.jpg,1,1,/PabloSnchz/factorio-blueprint-visualizer/blob/master/test_blueprints/Rails.jpg,1,1,/PabloSnchz/factorio-blueprint-visualizer/blob/master/test_blueprints/test_blueprint_book.txt,1,1,/PabloSnchz/factorio-blueprint-visualizer/blob/master/website/entityProperties.js,1,1
2026-06-16,/PabloSnchz/factorio-blueprint-visualizer,37,34,/PabloSnchz/factorio-blueprint-visualizer/blob/master/drawing_settings_documentation.md,14,13,/PabloSnchz/factorio-blueprint-visualizer/actions,1,1,/PabloSnchz/factorio-blueprint-visualizer/blob/master/examples/example_24.svg,1,1,/PabloSnchz/factorio-blueprint-visualizer/blob/master/test_blueprints/Belts.jpg,1,1,/PabloSnchz/factorio-blueprint-visualizer/blob/master/test_blueprints/Inserters.jpg,1,1,/PabloSnchz/factorio-blueprint-visualizer/blob/master/test_blueprints/Rails.jpg,1,1,/PabloSnchz/factorio-blueprint-visualizer/blob/master/test_blueprints/test_blueprint_book.txt,1,1,/PabloSnchz/factorio-blueprint-visualizer/blob/master/website/entityProperties.js,1,1,/PabloSnchz/factorio-blueprint-visualizer/tree/master/test_blueprints,1,1
2026-06-17,/PabloSnchz/factorio-blueprint-visualizer,42,39,/PabloSnchz/factorio-blueprint-visualizer/blob/master/drawing_settings_documentation.md,15,14,/PabloSnchz/factorio-blueprint-visualizer/actions,1,1,/PabloSnchz/factorio-blueprint-visualizer/blob/master/examples/example_24.svg,1,1,/PabloSnchz/factorio-blueprint-visualizer/blob/master/test_blueprints/Belts.jpg,1,1,/PabloSnchz/factorio-blueprint-visualizer/blob/master/test_blueprints/Inserters.jpg,1,1,/PabloSnchz/factorio-blueprint-visualizer/blob/master/test_blueprints/Rails.jpg,1,1,/PabloSnchz/factorio-blueprint-visualizer/blob/master/test_blueprints/test_blueprint_book.txt,1,1,/PabloSnchz/factorio-blueprint-visualizer/blob/master/website/entityProperties.js,1,1,/PabloSnchz/factorio-blueprint-visualizer/tree/master/test_blueprints,1,1
2026-06-18,/PabloSnchz/factorio-blueprint-visualizer,42,39,/PabloSnchz/factorio-blueprint-visualizer/blob/master/drawing_settings_documentation.md,17,16,/PabloSnchz/factorio-blueprint-visualizer/actions,1,1,/PabloSnchz/factorio-blueprint-visualizer/blob/master/README.md,1,1,/PabloSnchz/factorio-blueprint-visualizer/blob/master/examples/example_24.svg,1,1,/PabloSnchz/factorio-blueprint-visualizer/blob/master/test_blueprints/Belts.jpg,1,1,/PabloSnchz/factorio-blueprint-visualizer/blob/master/test_blueprints/Inserters.jpg,1,1,/PabloSnchz/factorio-blueprint-visualizer/blob/master/test_blueprints/Rails.jpg,1,1,/PabloSnchz/factorio-blueprint-visualizer/blob/master/test_blueprints/test_blueprint_book.txt,1,1,/PabloSnchz/factorio-blueprint-visualizer/blob/master/website/entityProperties.js,1,1
2026-06-19,/PabloSnchz/factorio-blueprint-visualizer,45,41,/PabloSnchz/factorio-blueprint-visualizer/blob/master/drawing_settings_documentation.md,17,16,/PabloSnchz/factorio-blueprint-visualizer/actions,1,1,/PabloSnchz/factorio-blueprint-visualizer/blob/master/README.md,1,1,/PabloSnchz/factorio-blueprint-visualizer/blob/master/examples/Rocket_Ship_1.jpg,1,1,/PabloSnchz/factorio-blueprint-visualizer/blob/master/examples/example_24.svg,1,1,/PabloSnchz/factorio-blueprint-visualizer/blob/master/test_blueprints/Belts.jpg,1,1,/PabloSnchz/factorio-blueprint-visualizer/blob/master/test_blueprints/Inserters.jpg,1,1,/PabloSnchz/factorio-blueprint-visualizer/blob/master/test_blueprints/Rails.jpg,1,1,/PabloSnchz/factorio-blueprint-visualizer/blob/master/test_blueprints/test_blueprint_book.txt,1,1
2026-06-19,/PabloSnchz/factorio-blueprint-visualizer,43,39,/PabloSnchz/factorio-blueprint-visualizer/blob/master/drawing_settings_documentation.md,17,16,/PabloSnchz/factorio-blueprint-visualizer/actions,1,1,/PabloSnchz/factorio-blueprint-visualizer/blob/master/README.md,1,1,/PabloSnchz/factorio-blueprint-visualizer/blob/master/examples/Rocket_Ship_1.jpg,1,1,/PabloSnchz/factorio-blueprint-visualizer/blob/master/examples/example_24.svg,1,1,/PabloSnchz/factorio-blueprint-visualizer/blob/master/test_blueprints/Belts.jpg,1,1,/PabloSnchz/factorio-blueprint-visualizer/blob/master/test_blueprints/Inserters.jpg,1,1,/PabloSnchz/factorio-blueprint-visualizer/blob/master/test_blueprints/Rails.jpg,1,1,/PabloSnchz/factorio-blueprint-visualizer/blob/master/test_blueprints/test_blueprint_book.txt,1,1
2026-06-20,/PabloSnchz/factorio-blueprint-visualizer,40,37,/PabloSnchz/factorio-blueprint-visualizer/blob/master/drawing_settings_documentation.md,17,16,/PabloSnchz/factorio-blueprint-visualizer/actions,1,1,/PabloSnchz/factorio-blueprint-visualizer/blob/master/README.md,1,1,/PabloSnchz/factorio-blueprint-visualizer/blob/master/examples/Rocket_Ship_1.jpg,1,1,/PabloSnchz/factorio-blueprint-visualizer/blob/master/examples/example_24.svg,1,1,/PabloSnchz/factorio-blueprint-visualizer/blob/master/test_blueprints/Belts.jpg,1,1,/PabloSnchz/factorio-blueprint-visualizer/blob/master/test_blueprints/Inserters.jpg,1,1,/PabloSnchz/factorio-blueprint-visualizer/blob/master/test_blueprints/Rails.jpg,1,1,/PabloSnchz/factorio-blueprint-visualizer/blob/master/test_blueprints/test_blueprint_book.txt,1,1
2026-06-21,/PabloSnchz/factorio-blueprint-visualizer,37,34,/PabloSnchz/factorio-blueprint-visualizer/blob/master/drawing_settings_documentation.md,17,16,/PabloSnchz/factorio-blueprint-visualizer/actions,1,1,/PabloSnchz/factorio-blueprint-visualizer/blob/master/README.md,1,1,/PabloSnchz/factorio-blueprint-visualizer/blob/master/examples/Rocket_Ship_1.jpg,1,1,/PabloSnchz/factorio-blueprint-visualizer/blob/master/examples/example_24.svg,1,1,/PabloSnchz/factorio-blueprint-visualizer/blob/master/test_blueprints/Belts.jpg,1,1,/PabloSnchz/factorio-blueprint-visualizer/blob/master/test_blueprints/Inserters.jpg,1,1,/PabloSnchz/factorio-blueprint-visualizer/blob/master/test_blueprints/Rails.jpg,1,1,/PabloSnchz/factorio-blueprint-visualizer/blob/master/test_blueprints/test_blueprint_book.txt,1,1
2026-06-22,/PabloSnchz/factorio-blueprint-visualizer,35,32,/PabloSnchz/factorio-blueprint-visualizer/blob/master/drawing_settings_documentation.md,16,15,/PabloSnchz/factorio-blueprint-visualizer/blob/master/test_blueprints/Belts.jpg,2,2,/PabloSnchz/factorio-blueprint-visualizer/actions,1,1,/PabloSnchz/factorio-blueprint-visualizer/blob/master/README.md,1,1,/PabloSnchz/factorio-blueprint-visualizer/blob/master/examples/Rocket_Ship_1.jpg,1,1,/PabloSnchz/factorio-blueprint-visualizer/blob/master/examples/example_00.svg,1,1,/PabloSnchz/factorio-blueprint-visualizer/blob/master/test_blueprints/Heatpipes.jpg,1,1,/PabloSnchz/factorio-blueprint-visualizer/blob/master/test_blueprints/Inserters.jpg,1,1,/PabloSnchz/factorio-blueprint-visualizer/blob/master/test_blueprints/Rails.jpg,1,1
2026-06-23,/PabloSnchz/factorio-blueprint-visualizer,46,41,/PabloSnchz/factorio-blueprint-visualizer/blob/master/drawing_settings_documentation.md,16,15,/PabloSnchz/factorio-blueprint-visualizer/commits/master,5,4,/PabloSnchz/factorio-blueprint-visualizer/tree/master/website,4,3,/PabloSnchz/factorio-blueprint-visualizer/blob/master/test_blueprints/Belts.jpg,2,2,/PabloSnchz/factorio-blueprint-visualizer/actions,1,1,/PabloSnchz/factorio-blueprint-visualizer/blob/master/README.md,1,1,/PabloSnchz/factorio-blueprint-visualizer/blob/master/examples/Rocket_Ship_1.jpg,1,1,/PabloSnchz/factorio-blueprint-visualizer/blob/master/examples/example_00.svg,1,1,/PabloSnchz/factorio-blueprint-visualizer/blob/master/test_blueprints/Heatpipes.jpg,1,1
2026-06-24,/PabloSnchz/factorio-blueprint-visualizer,45,40,/PabloSnchz/factorio-blueprint-visualizer/blob/master/drawing_settings_documentation.md,15,14,/PabloSnchz/factorio-blueprint-visualizer/commits/master,5,4,/PabloSnchz/factorio-blueprint-visualizer/tree/master/website,4,3,/PabloSnchz/factorio-blueprint-visualizer/blob/master/test_blueprints/Belts.jpg,2,2,/PabloSnchz/factorio-blueprint-visualizer/blob/master/README.md,1,1,/PabloSnchz/factorio-blueprint-visualizer/blob/master/examples/Rocket_Ship_1.jpg,1,1,/PabloSnchz/factorio-blueprint-visualizer/blob/master/examples/example_00.svg,1,1,/PabloSnchz/factorio-blueprint-visualizer/blob/master/test_blueprints/Heatpipes.jpg,1,1,/PabloSnchz/factorio-blueprint-visualizer/blob/master/test_blueprints/Inserters.jpg,1,1
2026-06-25,/PabloSnchz/factorio-blueprint-visualizer,47,41,/PabloSnchz/factorio-blueprint-visualizer/blob/master/drawing_settings_documentation.md,16,15,/PabloSnchz/factorio-blueprint-visualizer/commits/master,5,4,/PabloSnchz/factorio-blueprint-visualizer/tree/master/website,4,3,/PabloSnchz/factorio-blueprint-visualizer/blob/master/test_blueprints/Belts.jpg,2,2,/PabloSnchz/factorio-blueprint-visualizer/blob/master/README.md,1,1,/PabloSnchz/factorio-blueprint-visualizer/blob/master/examples/Rocket_Ship_1.jpg,1,1,/PabloSnchz/factorio-blueprint-visualizer/blob/master/examples/example_00.svg,1,1,/PabloSnchz/factorio-blueprint-visualizer/blob/master/test_blueprints/Heatpipes.jpg,1,1,/PabloSnchz/factorio-blueprint-visualizer/blob/master/test_blueprints/Inserters.jpg,1,1
2026-06-26,/PabloSnchz/factorio-blueprint-visualizer,52,45,/PabloSnchz/factorio-blueprint-visualizer/blob/master/drawing_settings_documentation.md,16,15,/PabloSnchz/factorio-blueprint-visualizer/commits/master,5,4,/PabloSnchz/factorio-blueprint-visualizer/tree/master/website,4,3,/PabloSnchz/factorio-blueprint-visualizer/blob/master/examples/Rocket_Ship_1.jpg,2,2,/PabloSnchz/factorio-blueprint-visualizer/blob/master/examples/example_00.svg,2,2,/PabloSnchz/factorio-blueprint-visualizer/blob/master/test_blueprints/Belts.jpg,2,2,/PabloSnchz/factorio-blueprint-visualizer/blob/master/README.md,1,1,/PabloSnchz/factorio-blueprint-visualizer/blob/master/test_blueprints/Heatpipes.jpg,1,1,/PabloSnchz/factorio-blueprint-visualizer/blob/master/test_blueprints/Inserters.jpg,1,1
2026-06-27,/PabloSnchz/factorio-blueprint-visualizer,47,41,/PabloSnchz/factorio-blueprint-visualizer/blob/master/drawing_settings_documentation.md,13,13,/PabloSnchz/factorio-blueprint-visualizer/commits/master,5,4,/PabloSnchz/factorio-blueprint-visualizer/tree/master/website,4,3,/PabloSnchz/factorio-blueprint-visualizer/blob/master/examples/Rocket_Ship_1.jpg,2,2,/PabloSnchz/factorio-blueprint-visualizer/blob/master/examples/example_00.svg,2,2,/PabloSnchz/factorio-blueprint-visualizer/blob/master/test_blueprints/Belts.jpg,2,2,/PabloSnchz/factorio-blueprint-visualizer/blob/master/README.md,1,1,/PabloSnchz/factorio-blueprint-visualizer/blob/master/test_blueprints/Heatpipes.jpg,1,1,/PabloSnchz/factorio-blueprint-visualizer/blob/master/test_blueprints/Inserters.jpg,1,1
2026-06-28,/PabloSnchz/factorio-blueprint-visualizer,47,41,/PabloSnchz/factorio-blueprint-visualizer/blob/master/drawing_settings_documentation.md,14,13,/PabloSnchz/factorio-blueprint-visualizer/commits/master,5,4,/PabloSnchz/factorio-blueprint-visualizer/tree/master/website,4,3,/PabloSnchz/factorio-blueprint-visualizer/blob/master/examples/Rocket_Ship_1.jpg,2,2,/PabloSnchz/factorio-blueprint-visualizer/blob/master/examples/example_00.svg,2,2,/PabloSnchz/factorio-blueprint-visualizer/blob/master/README.md,1,1,/PabloSnchz/factorio-blueprint-visualizer/blob/master/test_blueprints/Belts.jpg,1,1,/PabloSnchz/factorio-blueprint-visualizer/blob/master/test_blueprints/Heatpipes.jpg,1,1,/PabloSnchz/factorio-blueprint-visualizer/tree/master/examples,1,1
2026-06-29,/PabloSnchz/factorio-blueprint-visualizer,44,37,/PabloSnchz/factorio-blueprint-visualizer/blob/master/drawing_settings_documentation.md,11,10,/PabloSnchz/factorio-blueprint-visualizer/commits/master,5,4,/PabloSnchz/factorio-blueprint-visualizer/tree/master/website,4,3,/PabloSnchz/factorio-blueprint-visualizer/blob/master/examples/Rocket_Ship_1.jpg,2,2,/PabloSnchz/factorio-blueprint-visualizer/blob/master/examples/example_00.svg,2,2,/PabloSnchz/factorio-blueprint-visualizer/blob/master/README.md,1,1,/PabloSnchz/factorio-blueprint-visualizer/blob/master/test_blueprints/Belts.jpg,1,1,/PabloSnchz/factorio-blueprint-visualizer/blob/master/test_blueprints/Heatpipes.jpg,1,1,/PabloSnchz/factorio-blueprint-visualizer/tree/master/examples,1,1
2026-06-30,/PabloSnchz/factorio-blueprint-visualizer,40,33,/PabloSnchz/factorio-blueprint-visualizer/blob/master/drawing_settings_documentation.md,10,9,/PabloSnchz/factorio-blueprint-visualizer/commits/master,5,4,/PabloSnchz/factorio-blueprint-visualizer/tree/master/website,4,3,/PabloSnchz/factorio-blueprint-visualizer/blob/master/examples/Rocket_Ship_1.jpg,2,2,/PabloSnchz/factorio-blueprint-visualizer/blob/master/examples/example_00.svg,2,2,/PabloSnchz/factorio-blueprint-visualizer/blob/master/README.md,1,1,/PabloSnchz/factorio-blueprint-visualizer/blob/master/test_blueprints/Belts.jpg,1,1,/PabloSnchz/factorio-blueprint-visualizer/blob/master/test_blueprints/Heatpipes.jpg,1,1,/PabloSnchz/factorio-blueprint-visualizer/pulls,1,1
2026-07-01,/PabloSnchz/factorio-blueprint-visualizer,45,37,/PabloSnchz/factorio-blueprint-visualizer/blob/master/drawing_settings_documentation.md,13,10,/PabloSnchz/factorio-blueprint-visualizer/commits/master,5,4,/PabloSnchz/factorio-blueprint-visualizer/tree/master/website,4,3,/PabloSnchz/factorio-blueprint-visualizer/blob/master/test_blueprints/Belts.jpg,3,2,/PabloSnchz/factorio-blueprint-visualizer/blob/master/examples/Rocket_Ship_1.jpg,2,2,/PabloSnchz/factorio-blueprint-visualizer/blob/master/examples/example_00.svg,2,2,/PabloSnchz/factorio-blueprint-visualizer/blob/master/test_blueprints/Heatpipes.jpg,1,1,/PabloSnchz/factorio-blueprint-visualizer/blob/master/test_blueprints/test_blueprint_book.txt,1,1,/PabloSnchz/factorio-blueprint-visualizer/issues,1,1
2026-07-03,/PabloSnchz/factorio-blueprint-visualizer,41,34,/PabloSnchz/factorio-blueprint-visualizer/blob/master/drawing_settings_documentation.md,12,9,/PabloSnchz/factorio-blueprint-visualizer/commits/master,5,4,/PabloSnchz/factorio-blueprint-visualizer/tree/master/website,4,3,/PabloSnchz/factorio-blueprint-visualizer/blob/master/test_blueprints/Belts.jpg,3,2,/PabloSnchz/factorio-blueprint-visualizer/blob/master/examples/Rocket_Ship_1.jpg,2,2,/PabloSnchz/factorio-blueprint-visualizer/blob/master/examples/example_00.svg,2,2,/PabloSnchz/factorio-blueprint-visualizer/blob/master/test_blueprints/Heatpipes.jpg,1,1,/PabloSnchz/factorio-blueprint-visualizer/blob/master/test_blueprints/test_blueprint_book.txt,1,1,/PabloSnchz/factorio-blueprint-visualizer/issues,1,1
2026-07-04,/PabloSnchz/factorio-blueprint-visualizer,47,40,/PabloSnchz/factorio-blueprint-visualizer/blob/master/drawing_settings_documentation.md,11,8,/PabloSnchz/factorio-blueprint-visualizer/commits/master,5,4,/PabloSnchz/factorio-blueprint-visualizer/tree/master/website,4,3,/PabloSnchz/factorio-blueprint-visualizer/blob/master/test_blueprints/Belts.jpg,3,2,/PabloSnchz/factorio-blueprint-visualizer/blob/master/examples/Rocket_Ship_1.jpg,2,2,/PabloSnchz/factorio-blueprint-visualizer/blob/master/examples/example_00.svg,2,2,/PabloSnchz/factorio-blueprint-visualizer/blob/master/test_blueprints/Heatpipes.jpg,1,1,/PabloSnchz/factorio-blueprint-visualizer/blob/master/test_blueprints/test_blueprint_book.txt,1,1,/PabloSnchz/factorio-blueprint-visualizer/commit/c218c2b419f0923791970dafcefb02409286c335,1,1
2026-07-05,/PabloSnchz/factorio-blueprint-visualizer,54,45,/PabloSnchz/factorio-blueprint-visualizer/blob/master/drawing_settings_documentation.md,11,8,/PabloSnchz/factorio-blueprint-visualizer/commits/master,5,4,/PabloSnchz/factorio-blueprint-visualizer/tree/master/website,4,3,/PabloSnchz/factorio-blueprint-visualizer/blob/master/test_blueprints/Belts.jpg,3,2,/PabloSnchz/factorio-blueprint-visualizer/blob/master/examples/Rocket_Ship_1.jpg,2,2,/PabloSnchz/factorio-blueprint-visualizer/blob/master/examples/example_00.svg,2,2,/PabloSnchz/factorio-blueprint-visualizer/issues,2,2,/PabloSnchz/factorio-blueprint-visualizer/blob/master/test_blueprints/Heatpipes.jpg,1,1,/PabloSnchz/factorio-blueprint-visualizer/blob/master/test_blueprints/test_blueprint_book.txt,1,1
2026-07-06,/PabloSnchz/factorio-blueprint-visualizer,54,45,/PabloSnchz/factorio-blueprint-visualizer/blob/master/drawing_settings_documentation.md,10,7,/PabloSnchz/factorio-blueprint-visualizer/commits/master,5,4,/PabloSnchz/factorio-blueprint-visualizer/tree/master/website,4,3,/PabloSnchz/factorio-blueprint-visualizer/blob/master/test_blueprints/Belts.jpg,3,2,/PabloSnchz/factorio-blueprint-visualizer/pulls,3,2,/PabloSnchz/factorio-blueprint-visualizer/blob/master/examples/Rocket_Ship_1.jpg,2,2,/PabloSnchz/factorio-blueprint-visualizer/blob/master/examples/example_00.svg,2,2,/PabloSnchz/factorio-blueprint-visualizer/issues,2,2,/PabloSnchz/factorio-blueprint-visualizer/blob/master/README.md,1,1
2026-07-07,/PabloSnchz/factorio-blueprint-visualizer,56,47,/PabloSnchz/factorio-blueprint-visualizer/blob/master/drawing_settings_documentation.md,12,8,/PabloSnchz/factorio-blueprint-visualizer/commits/master,5,4,/PabloSnchz/factorio-blueprint-visualizer/pulls,4,2,/PabloSnchz/factorio-blueprint-visualizer/blob/master/examples/Rocket_Ship_1.jpg,3,3,/PabloSnchz/factorio-blueprint-visualizer/tree/master/website,3,2,/PabloSnchz/factorio-blueprint-visualizer/issues,2,2,/PabloSnchz/factorio-blueprint-visualizer/blob/master/test_blueprints/Belts.jpg,2,1,/PabloSnchz/factorio-blueprint-visualizer/blob/master/README.md,1,1,/PabloSnchz/factorio-blueprint-visualizer/blob/master/examples/example_00.svg,1,1
2026-07-08,/PabloSnchz/factorio-blueprint-visualizer,49,42,/PabloSnchz/factorio-blueprint-visualizer/blob/master/drawing_settings_documentation.md,12,8,/PabloSnchz/factorio-blueprint-visualizer/pulls,4,2,/PabloSnchz/factorio-blueprint-visualizer/blob/master/examples/Rocket_Ship_1.jpg,3,3,/PabloSnchz/factorio-blueprint-visualizer/issues,2,2,/PabloSnchz/factorio-blueprint-visualizer/blob/master/test_blueprints/Belts.jpg,2,1,/PabloSnchz/factorio-blueprint-visualizer/blob/master/README.md,1,1,/PabloSnchz/factorio-blueprint-visualizer/blob/master/examples/example_00.svg,1,1,/PabloSnchz/factorio-blueprint-visualizer/blob/master/test_blueprints/test_blueprint_book.txt,1,1,/PabloSnchz/factorio-blueprint-visualizer/commit/c218c2b419f0923791970dafcefb02409286c335,1,1
2026-07-09,/PabloSnchz/factorio-blueprint-visualizer,50,43,/PabloSnchz/factorio-blueprint-visualizer/blob/master/drawing_settings_documentation.md,12,8,/PabloSnchz/factorio-blueprint-visualizer/pulls,4,2,/PabloSnchz/factorio-blueprint-visualizer/blob/master/examples/Rocket_Ship_1.jpg,3,3,/PabloSnchz/factorio-blueprint-visualizer/issues,2,2,/PabloSnchz/factorio-blueprint-visualizer/blob/master/test_blueprints/Belts.jpg,2,1,/PabloSnchz/factorio-blueprint-visualizer/blob/master/README.md,1,1,/PabloSnchz/factorio-blueprint-visualizer/blob/master/examples/example_00.svg,1,1,/PabloSnchz/factorio-blueprint-visualizer/blob/master/examples/example_01.svg,1,1,/PabloSnchz/factorio-blueprint-visualizer/blob/master/examples/example_04.svg,1,1
2026-07-10,/PabloSnchz/factorio-blueprint-visualizer,49,43,/PabloSnchz/factorio-blueprint-visualizer/blob/master/drawing_settings_documentation.md,11,7,/PabloSnchz/factorio-blueprint-visualizer/pulls,4,2,/PabloSnchz/factorio-blueprint-visualizer/blob/master/examples/Rocket_Ship_1.jpg,3,3,/PabloSnchz/factorio-blueprint-visualizer/issues,2,2,/PabloSnchz/factorio-blueprint-visualizer/blob/master/test_blueprints/Belts.jpg,2,1,/PabloSnchz/factorio-blueprint-visualizer/blob/master/README.md,1,1,/PabloSnchz/factorio-blueprint-visualizer/blob/master/examples/example_00.svg,1,1,/PabloSnchz/factorio-blueprint-visualizer/blob/master/examples/example_01.svg,1,1,/PabloSnchz/factorio-blueprint-visualizer/blob/master/examples/example_04.svg,1,1
2026-07-11,/PabloSnchz/factorio-blueprint-visualizer,47,42,/PabloSnchz/factorio-blueprint-visualizer/blob/master/drawing_settings_documentation.md,11,7,/PabloSnchz/factorio-blueprint-visualizer/pulls,4,2,/PabloSnchz/factorio-blueprint-visualizer/issues,3,2,/PabloSnchz/factorio-blueprint-visualizer/blob/master/examples/Rocket_Ship_1.jpg,2,2,/PabloSnchz/factorio-blueprint-visualizer/blob/master/test_blueprints/Belts.jpg,2,1,/PabloSnchz/factorio-blueprint-visualizer/blob/master/README.md,1,1,/PabloSnchz/factorio-blueprint-visualizer/blob/master/examples/example_01.svg,1,1,/PabloSnchz/factorio-blueprint-visualizer/blob/master/examples/example_04.svg,1,1,/PabloSnchz/factorio-blueprint-visualizer/blob/master/test_blueprints/Heatpipes.jpg,1,1
2026-07-12,/PabloSnchz/factorio-blueprint-visualizer,48,43,/PabloSnchz/factorio-blueprint-visualizer/blob/master/drawing_settings_documentation.md,12,8,/PabloSnchz/factorio-blueprint-visualizer/pulls,4,2,/PabloSnchz/factorio-blueprint-visualizer/issues,3,2,/PabloSnchz/factorio-blueprint-visualizer/blob/master/examples/Rocket_Ship_1.jpg,2,2,/PabloSnchz/factorio-blueprint-visualizer/blob/master/test_blueprints/Belts.jpg,2,1,/PabloSnchz/factorio-blueprint-visualizer/blob/master/README.md,1,1,/PabloSnchz/factorio-blueprint-visualizer/blob/master/examples/example_01.svg,1,1,/PabloSnchz/factorio-blueprint-visualizer/blob/master/examples/example_04.svg,1,1,/PabloSnchz/factorio-blueprint-visualizer/blob/master/test_blueprints/Heatpipes.jpg,1,1
2026-07-13,/PabloSnchz/factorio-blueprint-visualizer,55,46,/PabloSnchz/factorio-blueprint-visualizer/blob/master/drawing_settings_documentation.md,12,9,/PabloSnchz/factorio-blueprint-visualizer/issues,4,3,/PabloSnchz/factorio-blueprint-visualizer/pulls,4,2,/PabloSnchz/factorio-blueprint-visualizer/blob/master/examples/Rocket_Ship_1.jpg,2,2,/PabloSnchz/factorio-blueprint-visualizer/blob/master/test_blueprints/Belts.jpg,2,1,/PabloSnchz/factorio-blueprint-visualizer/blob/master/README.md,1,1,/PabloSnchz/factorio-blueprint-visualizer/blob/master/examples/example_01.svg,1,1,/PabloSnchz/factorio-blueprint-visualizer/blob/master/examples/example_04.svg,1,1,/PabloSnchz/factorio-blueprint-visualizer/blob/master/test_blueprints/Heatpipes.jpg,1,1
2026-07-14,/PabloSnchz/factorio-blueprint-visualizer,58,47,/PabloSnchz/factorio-blueprint-visualizer/blob/master/drawing_settings_documentation.md,12,9,/PabloSnchz/factorio-blueprint-visualizer/issues,4,3,/PabloSnchz/factorio-blueprint-visualizer/pulls,4,2,/PabloSnchz/factorio-blueprint-visualizer/blob/master/examples/Rocket_Ship_1.jpg,2,2,/PabloSnchz/factorio-blueprint-visualizer/blob/master/test_blueprints/Belts.jpg,2,1,/PabloSnchz/factorio-blueprint-visualizer/blob/master/README.md,1,1,/PabloSnchz/factorio-blueprint-visualizer/blob/master/examples/example_01.svg,1,1,/PabloSnchz/factorio-blueprint-visualizer/blob/master/examples/example_04.svg,1,1,/PabloSnchz/factorio-blueprint-visualizer/blob/master/setup.py,1,1
2026-07-15,/PabloSnchz/factorio-blueprint-visualizer,58,47,/PabloSnchz/factorio-blueprint-visualizer/blob/master/drawing_settings_documentation.md,12,9,/PabloSnchz/factorio-blueprint-visualizer/issues,4,3,/PabloSnchz/factorio-blueprint-visualizer/pulls,3,1,/PabloSnchz/factorio-blueprint-visualizer/blob/master/examples/Rocket_Ship_1.jpg,2,2,/PabloSnchz/factorio-blueprint-visualizer/blob/master/test_blueprints/Belts.jpg,2,1,/PabloSnchz/factorio-blueprint-visualizer/blob/master/README.md,1,1,/PabloSnchz/factorio-blueprint-visualizer/blob/master/examples/example_01.svg,1,1,/PabloSnchz/factorio-blueprint-visualizer/blob/master/examples/example_04.svg,1,1,/PabloSnchz/factorio-blueprint-visualizer/blob/master/setup.py,1,1
2026-07-16,/PabloSnchz/factorio-blueprint-visualizer,58,48,/PabloSnchz/factorio-blueprint-visualizer/blob/master/drawing_settings_documentation.md,7,6,/PabloSnchz/factorio-blueprint-visualizer/issues,3,3,/PabloSnchz/factorio-blueprint-visualizer/pulls,3,1,/PabloSnchz/factorio-blueprint-visualizer/blob/master/examples/Rocket_Ship_1.jpg,2,2,/PabloSnchz/factorio-blueprint-visualizer/blob/master/README.md,1,1,/PabloSnchz/factorio-blueprint-visualizer/blob/master/examples/example_01.svg,1,1,/PabloSnchz/factorio-blueprint-visualizer/blob/master/examples/example_04.svg,1,1,/PabloSnchz/factorio-blueprint-visualizer/blob/master/setup.py,1,1,/PabloSnchz/factorio-blueprint-visualizer/blob/master/test_blueprints/Heatpipes.jpg,1,1
2026-07-17,/PabloSnchz/factorio-blueprint-visualizer,63,53,/PabloSnchz/factorio-blueprint-visualizer/blob/master/drawing_settings_documentation.md,8,7,/PabloSnchz/factorio-blueprint-visualizer/issues,3,3,/PabloSnchz/factorio-blueprint-visualizer/pulls,3,1,/PabloSnchz/factorio-blueprint-visualizer/blob/master/README.md,1,1,/PabloSnchz/factorio-blueprint-visualizer/blob/master/examples/Rocket_Ship_1.jpg,1,1,/PabloSnchz/factorio-blueprint-visualizer/blob/master/examples/example_01.svg,1,1,/PabloSnchz/factorio-blueprint-visualizer/blob/master/examples/example_04.svg,1,1,/PabloSnchz/factorio-blueprint-visualizer/blob/master/setup.py,1,1,/PabloSnchz/factorio-blueprint-visualizer/blob/master/test_blueprints/Heatpipes.jpg,1,1
2026-07-18,/PabloSnchz/factorio-blueprint-visualizer,60,50,/PabloSnchz/factorio-blueprint-visualizer/blob/master/drawing_settings_documentation.md,10,8,/PabloSnchz/factorio-blueprint-visualizer/pulls,4,1,/PabloSnchz/factorio-blueprint-visualizer/issues,3,3,/PabloSnchz/factorio-blueprint-visualizer/blob/master/examples/Rocket_Ship_1.jpg,2,2,/PabloSnchz/factorio-blueprint-visualizer/blob/master/README.md,1,1,/PabloSnchz/factorio-blueprint-visualizer/blob/master/examples/example_01.svg,1,1,/PabloSnchz/factorio-blueprint-visualizer/blob/master/examples/example_04.svg,1,1,/PabloSnchz/factorio-blueprint-visualizer/blob/master/setup.py,1,1,/PabloSnchz/factorio-blueprint-visualizer/blob/master/test_blueprints/Heatpipes.jpg,1,1
2026-07-19,/PabloSnchz/factorio-blueprint-visualizer,52,44,/PabloSnchz/factorio-blueprint-visualizer/blob/master/drawing_settings_documentation.md,10,8,/PabloSnchz/factorio-blueprint-visualizer/pulls,4,1,/PabloSnchz/factorio-blueprint-visualizer/blob/master/examples/Rocket_Ship_1.jpg,2,2,/PabloSnchz/factorio-blueprint-visualizer/issues,2,2,/PabloSnchz/factorio-blueprint-visualizer/blob/master/README.md,1,1,/PabloSnchz/factorio-blueprint-visualizer/blob/master/examples/example_01.svg,1,1,/PabloSnchz/factorio-blueprint-visualizer/blob/master/examples/example_04.svg,1,1,/PabloSnchz/factorio-blueprint-visualizer/blob/master/setup.py,1,1,/PabloSnchz/factorio-blueprint-visualizer/blob/master/test_blueprints/Heatpipes.jpg,1,1
2026-07-20,/PabloSnchz/factorio-blueprint-visualizer,54,46,/PabloSnchz/factorio-blueprint-visualizer/blob/master/drawing_settings_documentation.md,10,8,/PabloSnchz/factorio-blueprint-visualizer/blob/master/examples/Rocket_Ship_1.jpg,2,2,/PabloSnchz/factorio-blueprint-visualizer/issues,2,2,/PabloSnchz/factorio-blueprint-visualizer/pulls,2,1,/PabloSnchz/factorio-blueprint-visualizer/blob/master/examples/example_01.svg,1,1,/PabloSnchz/factorio-blueprint-visualizer/blob/master/examples/example_04.svg,1,1,/PabloSnchz/factorio-blueprint-visualizer/blob/master/setup.py,1,1,/PabloSnchz/factorio-blueprint-visualizer/blob/master/test_blueprints/Heatpipes.jpg,1,1,/PabloSnchz/factorio-blueprint-visualizer/blob/master/test_blueprints/Inserters.jpg,1,1
2026-07-21,/PabloSnchz/factorio-blueprint-visualizer,51,43,/PabloSnchz/factorio-blueprint-visualizer/blob/master/drawing_settings_documentation.md,8,7,/PabloSnchz/factorio-blueprint-visualizer/issues,2,2,/PabloSnchz/factorio-blueprint-visualizer/blob/master/examples/Rocket_Ship_1.jpg,1,1,/PabloSnchz/factorio-blueprint-visualizer/blob/master/examples/example_01.svg,1,1,/PabloSnchz/factorio-blueprint-visualizer/blob/master/examples/example_04.svg,1,1,/PabloSnchz/factorio-blueprint-visualizer/blob/master/setup.py,1,1,/PabloSnchz/factorio-blueprint-visualizer/blob/master/test_blueprints/Heatpipes.jpg,1,1,/PabloSnchz/factorio-blueprint-visualizer/blob/master/test_blueprints/Inserters.jpg,1,1,/PabloSnchz/factorio-blueprint-visualizer/blob/master/test_blueprints/Powerlines.jpg,1,1
2026-07-22,/PabloSnchz/factorio-blueprint-visualizer,49,41,/PabloSnchz/factorio-blueprint-visualizer/blob/master/drawing_settings_documentation.md,9,8,/PabloSnchz/factorio-blueprint-visualizer/blob/master/test_blueprints/Heatpipes.jpg,2,2,/PabloSnchz/factorio-blueprint-visualizer/issues,2,2,/PabloSnchz/factorio-blueprint-visualizer/blob/master/examples/Rocket_Ship_1.jpg,1,1,/PabloSnchz/factorio-blueprint-visualizer/blob/master/examples/example_01.svg,1,1,/PabloSnchz/factorio-blueprint-visualizer/blob/master/examples/example_04.svg,1,1,/PabloSnchz/factorio-blueprint-visualizer/blob/master/setup.py,1,1,/PabloSnchz/factorio-blueprint-visualizer/blob/master/test_blueprints/Belts.jpg,1,1,/PabloSnchz/factorio-blueprint-visualizer/blob/master/test_blueprints/Inserters.jpg,1,1
2026-07-23,/PabloSnchz/factorio-blueprint-visualizer,47,39,/PabloSnchz/factorio-blueprint-visualizer/blob/master/drawing_settings_documentation.md,11,10,/PabloSnchz/factorio-blueprint-visualizer/issues,2,2,/PabloSnchz/factorio-blueprint-visualizer/blob/master/README.md,1,1,/PabloSnchz/factorio-blueprint-visualizer/blob/master/examples/Rocket_Ship_1.jpg,1,1,/PabloSnchz/factorio-blueprint-visualizer/blob/master/setup.py,1,1,/PabloSnchz/factorio-blueprint-visualizer/blob/master/test_blueprints/Belts.jpg,1,1,/PabloSnchz/factorio-blueprint-visualizer/blob/master/test_blueprints/Heatpipes.jpg,1,1,/PabloSnchz/factorio-blueprint-visualizer/issues/6,1,1,/PabloSnchz/factorio-blueprint-visualizer/pulls,1,1
2026-07-24,/PabloSnchz/factorio-blueprint-visualizer,46,38,/PabloSnchz/factorio-blueprint-visualizer/blob/master/drawing_settings_documentation.md,10,9,/PabloSnchz/factorio-blueprint-visualizer/issues,2,2,/PabloSnchz/factorio-blueprint-visualizer/blob/master/README.md,1,1,/PabloSnchz/factorio-blueprint-visualizer/blob/master/examples/Rocket_Ship_1.jpg,1,1,/PabloSnchz/factorio-blueprint-visualizer/blob/master/setup.py,1,1,/PabloSnchz/factorio-blueprint-visualizer/blob/master/test_blueprints/Belts.jpg,1,1,/PabloSnchz/factorio-blueprint-visualizer/blob/master/test_blueprints/Heatpipes.jpg,1,1,/PabloSnchz/factorio-blueprint-visualizer/issues/6,1,1,/PabloSnchz/factorio-blueprint-visualizer/pulls,1,1
2026-07-25,/PabloSnchz/factorio-blueprint-visualizer,42,35,/PabloSnchz/factorio-blueprint-visualizer/blob/master/drawing_settings_documentation.md,9,8,/PabloSnchz/factorio-blueprint-visualizer/blob/master/README.md,2,2,/PabloSnchz/factorio-blueprint-visualizer/blob/master/examples/Rocket_Ship_1.jpg,1,1,/PabloSnchz/factorio-blueprint-visualizer/blob/master/setup.py,1,1,/PabloSnchz/factorio-blueprint-visualizer/blob/master/test_blueprints/Belts.jpg,1,1,/PabloSnchz/factorio-blueprint-visualizer/blob/master/test_blueprints/Heatpipes.jpg,1,1,/PabloSnchz/factorio-blueprint-visualizer/issues,1,1,/PabloSnchz/factorio-blueprint-visualizer/issues/6,1,1,/PabloSnchz/factorio-blueprint-visualizer/pulls,1,1
2026-07-26,/PabloSnchz/factorio-blueprint-visualizer,43,36,/PabloSnchz/factorio-blueprint-visualizer/blob/master/drawing_settings_documentation.md,8,7,/PabloSnchz/factorio-blueprint-visualizer/blob/master/README.md,2,2,/PabloSnchz/factorio-blueprint-visualizer/blob/master/examples/Rocket_Ship_1.jpg,1,1,/PabloSnchz/factorio-blueprint-visualizer/blob/master/setup.py,1,1,/PabloSnchz/factorio-blueprint-visualizer/blob/master/test_blueprints/Belts.jpg,1,1,/PabloSnchz/factorio-blueprint-visualizer/blob/master/test_blueprints/Heatpipes.jpg,1,1,/PabloSnchz/factorio-blueprint-visualizer/issues,1,1,/PabloSnchz/factorio-blueprint-visualizer/issues/6,1,1,/PabloSnchz/factorio-blueprint-visualizer/pulls,1,1
2026-07-27,/PabloSnchz/factorio-blueprint-visualizer,35,32,/PabloSnchz/factorio-blueprint-visualizer/blob/master/drawing_settings_documentation.md,6,5,/PabloSnchz/factorio-blueprint-visualizer/blob/master/README.md,4,3,/PabloSnchz/factorio-blueprint-visualizer/blob/master/examples/Rocket_Ship_1.jpg,2,2,/PabloSnchz/factorio-blueprint-visualizer/blob/master/examples/example_00.svg,1,1,/PabloSnchz/factorio-blueprint-visualizer/blob/master/setup.py,1,1,/PabloSnchz/factorio-blueprint-visualizer/blob/master/test_blueprints/Belts.jpg,1,1,/PabloSnchz/factorio-blueprint-visualizer/blob/master/test_blueprints/Heatpipes.jpg,1,1,/PabloSnchz/factorio-blueprint-visualizer/issues/6,1,1,/PabloSnchz/factorio-blueprint-visualizer/pulls,1,1
2026-07-28,/PabloSnchz/factorio-blueprint-visualizer,40,38,/PabloSnchz/factorio-blueprint-visualizer/blob/master/drawing_settings_documentation.md,7,6,/PabloSnchz/factorio-blueprint-visualizer/blob/master/README.md,5,4,/PabloSnchz/factorio-blueprint-visualizer/blob/master/examples/Rocket_Ship_1.jpg,2,2,/PabloSnchz/factorio-blueprint-visualizer/tree/master,2,2,/PabloSnchz/factorio-blueprint-visualizer/blob/master/examples/example_00.svg,1,1,/PabloSnchz/factorio-blueprint-visualizer/blob/master/examples/example_25.svg,1,1,/PabloSnchz/factorio-blueprint-visualizer/blob/master/test_blueprints/Belts.jpg,1,1,/PabloSnchz/factorio-blueprint-visualizer/blob/master/test_blueprints/Heatpipes.jpg,1,1,/PabloSnchz/factorio-blueprint-visualizer/pulls,1,1
2026-07-29,/PabloSnchz/factorio-blueprint-visualizer,46,42,/PabloSnchz/factorio-blueprint-visualizer/blob/master/drawing_settings_documentation.md,10,8,/PabloSnchz/factorio-blueprint-visualizer/blob/master/README.md,5,4,/PabloSnchz/factorio-blueprint-visualizer/blob/master/examples/Rocket_Ship_1.jpg,2,2,/PabloSnchz/factorio-blueprint-visualizer/tree/master,2,2,/PabloSnchz/factorio-blueprint-visualizer/blob/master/examples/example_00.svg,1,1,/PabloSnchz/factorio-blueprint-visualizer/blob/master/examples/example_25.svg,1,1,/PabloSnchz/factorio-blueprint-visualizer/blob/master/test_blueprints/Belts.jpg,1,1,/PabloSnchz/factorio-blueprint-visualizer/blob/master/test_blueprints/Heatpipes.jpg,1,1,/PabloSnchz/factorio-blueprint-visualizer/pulls,1,1
2026-07-30,/PabloSnchz/factorio-blueprint-visualizer,43,38,/PabloSnchz/factorio-blueprint-visualizer/blob/master/drawing_settings_documentation.md,10,8,/PabloSnchz/factorio-blueprint-visualizer/blob/master/README.md,5,4,/PabloSnchz/factorio-blueprint-visualizer/blob/master/examples/Rocket_Ship_1.jpg,2,2,/PabloSnchz/factorio-blueprint-visualizer/tree/master,2,2,/PabloSnchz/factorio-blueprint-visualizer/blob/master/examples/example_00.svg,1,1,/PabloSnchz/factorio-blueprint-visualizer/blob/master/examples/example_25.svg,1,1,/PabloSnchz/factorio-blueprint-visualizer/blob/master/test_blueprints/Belts.jpg,1,1,/PabloSnchz/factorio-blueprint-visualizer/blob/master/test_blueprints/Heatpipes.jpg,1,1,/PabloSnchz/factorio-blueprint-visualizer/pulls,1,1
2026-07-31,/PabloSnchz/factorio-blueprint-visualizer,46,42,/PabloSnchz/factorio-blueprint-visualizer/blob/master/drawing_settings_documentation.md,9,7,/PabloSnchz/factorio-blueprint-visualizer/blob/master/README.md,5,4,/PabloSnchz/factorio-blueprint-visualizer/blob/master/examples/Rocket_Ship_1.jpg,2,2,/PabloSnchz/factorio-blueprint-visualizer/tree/master,2,2,/PabloSnchz/factorio-blueprint-visualizer/blob/master/examples/example_00.svg,1,1,/PabloSnchz/factorio-blueprint-visualizer/blob/master/examples/example_25.svg,1,1,/PabloSnchz/factorio-blueprint-visualizer/blob/master/test_blueprints/Belts.jpg,1,1,/PabloSnchz/factorio-blueprint-visualizer/blob/master/test_blueprints/Heatpipes.jpg,1,1,/PabloSnchz/factorio-blueprint-visualizer/pulls,1,1
2026-08-01,/PabloSnchz/factorio-blueprint-visualizer,49,44,/PabloSnchz/factorio-blueprint-visualizer/blob/master/drawing_settings_documentation.md,7,6,/PabloSnchz/factorio-blueprint-visualizer/blob/master/README.md,5,4,/PabloSnchz/factorio-blueprint-visualizer/tree/master,2,2,/PabloSnchz/factorio-blueprint-visualizer/blob/master/examples/Rocket_Ship_1.jpg,1,1,/PabloSnchz/factorio-blueprint-visualizer/blob/master/examples/example_00.svg,1,1,/PabloSnchz/factorio-blueprint-visualizer/blob/master/examples/example_25.svg,1,1,/PabloSnchz/factorio-blueprint-visualizer/blob/master/test_blueprints/Belts.jpg,1,1,/PabloSnchz/factorio-blueprint-visualizer/blob/master/test_blueprints/Heatpipes.jpg,1,1,/PabloSnchz/factorio-blueprint-visualizer/tree/master/examples,1,1
2026-08-02,/PabloSnchz/factorio-blueprint-visualizer,50,45,/PabloSnchz/factorio-blueprint-visualizer/blob/master/drawing_settings_documentation.md,7,6,/PabloSnchz/factorio-blueprint-visualizer/blob/master/README.md,5,4,/PabloSnchz/factorio-blueprint-visualizer/tree/master,2,2,/PabloSnchz/factorio-blueprint-visualizer/blob/master/examples/Rocket_Ship_1.jpg,1,1,/PabloSnchz/factorio-blueprint-visualizer/blob/master/examples/example_00.svg,1,1,/PabloSnchz/factorio-blueprint-visualizer/blob/master/examples/example_25.svg,1,1,/PabloSnchz/factorio-blueprint-visualizer/blob/master/test_blueprints/Belts.jpg,1,1,/PabloSnchz/factorio-blueprint-visualizer/blob/master/test_blueprints/Heatpipes.jpg,1,1,/PabloSnchz/factorio-blueprint-visualizer/tree/master/examples,1,1
2026-08-03,/PabloSnchz/factorio-blueprint-visualizer,50,45,/PabloSnchz/factorio-blueprint-visualizer/blob/master/drawing_settings_documentation.md,7,6,/PabloSnchz/factorio-blueprint-visualizer/blob/master/README.md,5,4,/PabloSnchz/factorio-blueprint-visualizer/tree/master,2,2,/PabloSnchz/factorio-blueprint-visualizer/blob/master/examples/Rocket_Ship_1.jpg,1,1,/PabloSnchz/factorio-blueprint-visualizer/blob/master/examples/example_00.svg,1,1,/PabloSnchz/factorio-blueprint-visualizer/blob/master/examples/example_25.svg,1,1,/PabloSnchz/factorio-blueprint-visualizer/blob/master/test_blueprints/Belts.jpg,1,1,/PabloSnchz/factorio-blueprint-visualizer/blob/master/test_blueprints/Heatpipes.jpg,1,1,/PabloSnchz/factorio-blueprint-visualizer/tree/master/examples,1,1
2026-08-04,/PabloSnchz/factorio-blueprint-visualizer,50,45,/PabloSnchz/factorio-blueprint-visualizer/blob/master/drawing_settings_documentation.md,7,6,/PabloSnchz/factorio-blueprint-visualizer/blob/master/README.md,5,4,/PabloSnchz/factorio-blueprint-visualizer/tree/master,2,2,/PabloSnchz/factorio-blueprint-visualizer/blob/master/examples/Rocket_Ship_1.jpg,1,1,/PabloSnchz/factorio-blueprint-visualizer/blob/master/examples/example_00.svg,1,1,/PabloSnchz/factorio-blueprint-visualizer/blob/master/examples/example_25.svg,1,1,/PabloSnchz/factorio-blueprint-visualizer/blob/master/test_blueprints/Belts.jpg,1,1,/PabloSnchz/factorio-blueprint-visualizer/blob/master/test_blueprints/Heatpipes.jpg,1,1,/PabloSnchz/factorio-blueprint-visualizer/tree/master/examples,1,1
2026-08-05,/PabloSnchz/factorio-blueprint-visualizer,57,51,/PabloSnchz/factorio-blueprint-visualizer/blob/master/drawing_settings_documentation.md,14,12,/PabloSnchz/factorio-blueprint-visualizer/blob/master/README.md,5,4,/PabloSnchz/factorio-blueprint-visualizer/blob/master/examples/Rocket_Ship_1.jpg,2,2,/PabloSnchz/factorio-blueprint-visualizer/tree/master,2,2,/PabloSnchz/factorio-blueprint-visualizer/blob/master/examples/example_00.svg,1,1,/PabloSnchz/factorio-blueprint-visualizer/blob/master/examples/example_25.svg,1,1,/PabloSnchz/factorio-blueprint-visualizer/tree/master/examples,1,1,,,,,,
2026-08-06,/PabloSnchz/factorio-blueprint-visualizer,63,56,/PabloSnchz/factorio-blueprint-visualizer/blob/master/drawing_settings_documentation.md,13,11,/PabloSnchz/factorio-blueprint-visualizer/blob/master/README.md,5,4,/PabloSnchz/factorio-blueprint-visualizer/blob/master/examples/Rocket_Ship_1.jpg,2,2,/PabloSnchz/factorio-blueprint-visualizer/tree/master/examples,2,2,/PabloSnchz/factorio-blueprint-visualizer/blob/master/examples/example_00.svg,1,1,/PabloSnchz/factorio-blueprint-visualizer/blob/master/examples/example_25.svg,1,1,/PabloSnchz/factorio-blueprint-visualizer/blob/master/test_blueprints/test_blueprint_book.txt,1,1,/PabloSnchz/factorio-blueprint-visualizer/tree/master,1,1,/PabloSnchz/factorio-blueprint-visualizer/tree/master/scripts,1,1
2026-08-07,/PabloSnchz/factorio-blueprint-visualizer,66,57,/PabloSnchz/factorio-blueprint-visualizer/blob/master/drawing_settings_documentation.md,15,13,/PabloSnchz/factorio-blueprint-visualizer/blob/master/README.md,5,4,/PabloSnchz/factorio-blueprint-visualizer/blob/master/examples/Rocket_Ship_1.jpg,2,2,/PabloSnchz/factorio-blueprint-visualizer/tree/master/examples,2,2,/PabloSnchz/factorio-blueprint-visualizer/blob/master/examples/example_00.svg,1,1,/PabloSnchz/factorio-blueprint-visualizer/blob/master/examples/example_25.svg,1,1,/PabloSnchz/factorio-blueprint-visualizer/blob/master/test_blueprints/test_blueprint_book.txt,1,1,/PabloSnchz/factorio-blueprint-visualizer/issues,1,1,/PabloSnchz/factorio-blueprint-visualizer/tree/master,1,1
2026-08-07,/PabloSnchz/factorio-blueprint-visualizer,68,59,/PabloSnchz/factorio-blueprint-visualizer/blob/master/drawing_settings_documentation.md,15,13,/PabloSnchz/factorio-blueprint-visualizer/blob/master/README.md,4,3,/PabloSnchz/factorio-blueprint-visualizer/blob/master/examples/Rocket_Ship_1.jpg,2,2,/PabloSnchz/factorio-blueprint-visualizer/tree/master/examples,2,2,/PabloSnchz/factorio-blueprint-visualizer/blob/master/examples/example_00.svg,1,1,/PabloSnchz/factorio-blueprint-visualizer/blob/master/examples/example_25.svg,1,1,/PabloSnchz/factorio-blueprint-visualizer/blob/master/test_blueprints/test_blueprint_book.txt,1,1,/PabloSnchz/factorio-blueprint-visualizer/issues,1,1,/PabloSnchz/factorio-blueprint-visualizer/tree/master,1,1
2026-08-08,/PabloSnchz/factorio-blueprint-visualizer,68,58,/PabloSnchz/factorio-blueprint-visualizer/blob/master/drawing_settings_documentation.md,15,13,/PabloSnchz/factorio-blueprint-visualizer/blob/master/README.md,4,3,/PabloSnchz/factorio-blueprint-visualizer/blob/master/examples/Rocket_Ship_1.jpg,2,2,/PabloSnchz/factorio-blueprint-visualizer/blob/master/examples/example_25.svg,2,2,/PabloSnchz/factorio-blueprint-visualizer/tree/master/examples,2,2,/PabloSnchz/factorio-blueprint-visualizer/blob/master/examples/example_00.svg,1,1,/PabloSnchz/factorio-blueprint-visualizer/blob/master/test_blueprints/test_blueprint_book.txt,1,1,/PabloSnchz/factorio-blueprint-visualizer/issues,1,1,/PabloSnchz/factorio-blueprint-visualizer/tree/master,1,1
2026-08-09,/PabloSnchz/factorio-blueprint-visualizer,68,58,/PabloSnchz/factorio-blueprint-visualizer/blob/master/drawing_settings_documentation.md,16,14,/PabloSnchz/factorio-blueprint-visualizer/blob/master/README.md,2,2,/PabloSnchz/factorio-blueprint-visualizer/blob/master/examples/Rocket_Ship_1.jpg,2,2,/PabloSnchz/factorio-blueprint-visualizer/blob/master/examples/example_25.svg,2,2,/PabloSnchz/factorio-blueprint-visualizer/tree/master/examples,2,2,/PabloSnchz/factorio-blueprint-visualizer/blob/master/test_blueprints/test_blueprint_book.txt,1,1,/PabloSnchz/factorio-blueprint-visualizer/issues,1,1,/PabloSnchz/factorio-blueprint-visualizer/pulls,1,1,/PabloSnchz/factorio-blueprint-visualizer/tree/master,1,1
2026-08-11,/PabloSnchz/factorio-blueprint-visualizer,61,53,/PabloSnchz/factorio-blueprint-visualizer/blob/master/drawing_settings_documentation.md,15,13,/PabloSnchz/factorio-blueprint-visualizer/blob/master/README.md,2,2,/PabloSnchz/factorio-blueprint-visualizer/blob/master/examples/Rocket_Ship_1.jpg,2,2,/PabloSnchz/factorio-blueprint-visualizer/blob/master/examples/example_25.svg,1,1,/PabloSnchz/factorio-blueprint-visualizer/blob/master/test_blueprints/test_blueprint_book.txt,1,1,/PabloSnchz/factorio-blueprint-visualizer/issues,1,1,/PabloSnchz/factorio-blueprint-visualizer/pulls,1,1,/PabloSnchz/factorio-blueprint-visualizer/tree/master/examples,1,1,/PabloSnchz/factorio-blueprint-visualizer/tree/master/scripts,1,1
2026-08-12,/PabloSnchz/factorio-blueprint-visualizer,56,48,/PabloSnchz/factorio-blueprint-visualizer/blob/master/drawing_settings_documentation.md,12,11,/PabloSnchz/factorio-blueprint-visualizer/blob/master/README.md,2,2,/PabloSnchz/factorio-blueprint-visualizer/blob/master/examples/Rocket_Ship_1.jpg,2,2,/PabloSnchz/factorio-blueprint-visualizer/blob/master/examples/example_25.svg,1,1,/PabloSnchz/factorio-blueprint-visualizer/blob/master/test_blueprints/test_blueprint_book.txt,1,1,/PabloSnchz/factorio-blueprint-visualizer/issues,1,1,/PabloSnchz/factorio-blueprint-visualizer/pulls,1,1,/PabloSnchz/factorio-blueprint-visualizer/tree/master/examples,1,1,/PabloSnchz/factorio-blueprint-visualizer/tree/master/scripts,1,1
2026-08-13,/PabloSnchz/factorio-blueprint-visualizer,60,52,/PabloSnchz/factorio-blueprint-visualizer/blob/master/drawing_settings_documentation.md,13,12,/PabloSnchz/factorio-blueprint-visualizer/blob/master/README.md,2,2,/PabloSnchz/factorio-blueprint-visualizer/blob/master/examples/Rocket_Ship_1.jpg,2,2,/PabloSnchz/factorio-blueprint-visualizer/issues,2,2,/PabloSnchz/factorio-blueprint-visualizer/pulls,2,2,/PabloSnchz/factorio-blueprint-visualizer/blob/master/drawingSettings.js,1,1,/PabloSnchz/factorio-blueprint-visualizer/blob/master/examples/example_25.svg,1,1,/PabloSnchz/factorio-blueprint-visualizer/blob/master/test_blueprints/test_blueprint_book.txt,1,1,/PabloSnchz/factorio-blueprint-visualizer/tree/master/examples,1,1
2026-08-14,/PabloSnchz/factorio-blueprint-visualizer,55,47,/PabloSnchz/factorio-blueprint-visualizer/blob/master/drawing_settings_documentation.md,14,13,/PabloSnchz/factorio-blueprint-visualizer/blob/master/examples/Rocket_Ship_1.jpg,3,3,/PabloSnchz/factorio-blueprint-visualizer/blob/master/README.md,2,2,/PabloSnchz/factorio-blueprint-visualizer/issues,2,2,/PabloSnchz/factorio-blueprint-visualizer/pulls,2,2,/PabloSnchz/factorio-blueprint-visualizer/blob/master/drawingSettings.js,1,1,/PabloSnchz/factorio-blueprint-visualizer/blob/master/examples/example_25.svg,1,1,/PabloSnchz/factorio-blueprint-visualizer/blob/master/test_blueprints/test_blueprint_book.txt,1,1,/PabloSnchz/factorio-blueprint-visualizer/tree/master/examples,1,1
2026-08-14,/PabloSnchz/factorio-blueprint-visualizer,49,42,/PabloSnchz/factorio-blueprint-visualizer/blob/master/drawing_settings_documentation.md,14,13,/PabloSnchz/factorio-blueprint-visualizer/blob/master/examples/Rocket_Ship_1.jpg,3,3,/PabloSnchz/factorio-blueprint-visualizer/blob/master/README.md,2,2,/PabloSnchz/factorio-blueprint-visualizer/issues,2,2,/PabloSnchz/factorio-blueprint-visualizer/pulls,2,2,/PabloSnchz/factorio-blueprint-visualizer/blob/master/drawingSettings.js,1,1,/PabloSnchz/factorio-blueprint-visualizer/blob/master/examples/example_25.svg,1,1,/PabloSnchz/factorio-blueprint-visualizer/blob/master/test_blueprints/test_blueprint_book.txt,1,1,/PabloSnchz/factorio-blueprint-visualizer/tree/master/examples,1,1
